Sipariş No	Tedarikçi Barkod	Sipariş Miktarı	Tedarikçi Ürün Kodu	Tedarikçi Malzeme Adı	Kalem No	Stok Kodu	Stok Adı	Birim
SAS-5581743944	2604011268	36	120508239	27 SOFT RULO BEYAZ 210x2,7	10	HASURL0170	SUNGER PU RULO 27 DNS BEYAZ 210X2,7 SOFT DUZ	METRE
SAS-5581743944	2604011269	36	120508239	27 SOFT RULO BEYAZ 210x2,7	20	HASURL0170	SUNGER PU RULO 27 DNS BEYAZ 210X2,7 SOFT DUZ	METRE
SAS-5581743944	2604011287	36	120508239	27 SOFT RULO BEYAZ 210x2,7	30	HASURL0170	SUNGER PU RULO 27 DNS BEYAZ 210X2,7 SOFT DUZ	METRE
SAS-5581743944	2604011288	36	120508239	27 SOFT RULO BEYAZ 210x2,7	40	HASURL0170	SUNGER PU RULO 27 DNS BEYAZ 210X2,7 SOFT DUZ	METRE
SAS-5581743944	2604011289	36	120508239	27 SOFT RULO BEYAZ 210x2,7	50	HASURL0170	SUNGER PU RULO 27 DNS BEYAZ 210X2,7 SOFT DUZ	METRE
SAS-5581743944	2604011025	30	120508239	27 SOFT RULO BEYAZ 210x2,7	60	HASURL0170	SUNGER PU RULO 27 DNS BEYAZ 210X2,7 SOFT DUZ	METRE
SAS-5581743944	2604011026	30	120508239	27 SOFT RULO BEYAZ 210x2,7	70	HASURL0170	SUNGER PU RULO 27 DNS BEYAZ 210X2,7 SOFT DUZ	METRE
SAS-5581743944	2604011027	30	120508239	27 SOFT RULO BEYAZ 210x2,7	80	HASURL0170	SUNGER PU RULO 27 DNS BEYAZ 210X2,7 SOFT DUZ	METRE
SAS-5581743944	2604011028	30	120508239	27 SOFT RULO BEYAZ 210x2,7	90	HASURL0170	SUNGER PU RULO 27 DNS BEYAZ 210X2,7 SOFT DUZ	METRE
SAS-5581743944	2604011029	30	120508239	27 SOFT RULO BEYAZ 210x2,7	100	HASURL0170	SUNGER PU RULO 27 DNS BEYAZ 210X2,7 SOFT DUZ	METRE
SAS-5581743944	2604011030	30	120508239	27 SOFT RULO BEYAZ 210x2,7	110	HASURL0170	SUNGER PU RULO 27 DNS BEYAZ 210X2,7 SOFT DUZ	METRE
SAS-5581743944	2604011031	30	120508239	27 SOFT RULO BEYAZ 210x2,7	120	HASURL0170	SUNGER PU RULO 27 DNS BEYAZ 210X2,7 SOFT DUZ	METRE
SAS-5581743944	2604011032	30	120508239	27 SOFT RULO BEYAZ 210x2,7	130	HASURL0170	SUNGER PU RULO 27 DNS BEYAZ 210X2,7 SOFT DUZ	METRE
SAS-5581743944	2604011290	36	120508239	27 SOFT RULO BEYAZ 210x2,7	140	HASURL0170	SUNGER PU RULO 27 DNS BEYAZ 210X2,7 SOFT DUZ	METRE
SAS-5581743944	2604011033	30	120508239	27 SOFT RULO BEYAZ 210x2,7	150	HASURL0170	SUNGER PU RULO 27 DNS BEYAZ 210X2,7 SOFT DUZ	METRE
SAS-5581743944	2604011283	36	120508239	27 SOFT RULO BEYAZ 210x2,7	160	HASURL0170	SUNGER PU RULO 27 DNS BEYAZ 210X2,7 SOFT DUZ	METRE
SAS-5581743944	2604011270	36	120508239	27 SOFT RULO BEYAZ 210x2,7	170	HASURL0170	SUNGER PU RULO 27 DNS BEYAZ 210X2,7 SOFT DUZ	METRE
SAS-5581743944	2604011276	36	120508239	27 SOFT RULO BEYAZ 210x2,7	180	HASURL0170	SUNGER PU RULO 27 DNS BEYAZ 210X2,7 SOFT DUZ	METRE
SAS-5581743944	2604011275	36	120508239	27 SOFT RULO BEYAZ 210x2,7	190	HASURL0170	SUNGER PU RULO 27 DNS BEYAZ 210X2,7 SOFT DUZ	METRE
SAS-5581743944	2604011274	36	120508239	27 SOFT RULO BEYAZ 210x2,7	200	HASURL0170	SUNGER PU RULO 27 DNS BEYAZ 210X2,7 SOFT DUZ	METRE
SAS-5581743944	2604011281	36	120508239	27 SOFT RULO BEYAZ 210x2,7	210	HASURL0170	SUNGER PU RULO 27 DNS BEYAZ 210X2,7 SOFT DUZ	METRE
SAS-5581743944	2604011273	36	120508239	27 SOFT RULO BEYAZ 210x2,7	220	HASURL0170	SUNGER PU RULO 27 DNS BEYAZ 210X2,7 SOFT DUZ	METRE
SAS-5581743944	2604011271	36	120508239	27 SOFT RULO BEYAZ 210x2,7	230	HASURL0170	SUNGER PU RULO 27 DNS BEYAZ 210X2,7 SOFT DUZ	METRE
SAS-5581743944	2604011279	36	120508239	27 SOFT RULO BEYAZ 210x2,7	240	HASURL0170	SUNGER PU RULO 27 DNS BEYAZ 210X2,7 SOFT DUZ	METRE
SAS-5581743944	2604011272	36	120508239	27 SOFT RULO BEYAZ 210x2,7	250	HASURL0170	SUNGER PU RULO 27 DNS BEYAZ 210X2,7 SOFT DUZ	METRE
SAS-5581743944	2604011278	36	120508239	27 SOFT RULO BEYAZ 210x2,7	260	HASURL0170	SUNGER PU RULO 27 DNS BEYAZ 210X2,7 SOFT DUZ	METRE
SAS-5581743944	2604011277	36	120508239	27 SOFT RULO BEYAZ 210x2,7	270	HASURL0170	SUNGER PU RULO 27 DNS BEYAZ 210X2,7 SOFT DUZ	METRE
SAS-5581743944	2604011267	36	120508239	27 SOFT RULO BEYAZ 210x2,7	280	HASURL0170	SUNGER PU RULO 27 DNS BEYAZ 210X2,7 SOFT DUZ	METRE
SAS-5581743944	2604030599	89	120560749	50 VISCO PE BLOKCM BEYAZ 199x149	290	HASUBL0485	SUNGER VISCO BLOK 50 DNS BEYAZ FR 199X149X120 NORMAL DUZ (FR BS 7177)	M3
SAS-5581743944	2604030580	88	120562830	50 VISCO PE BLOKCM BEYAZ 199x179	300	HASUBL0505	SUNGER VISCO BLOK 50 DNS BEYAZ FR 199X179X120 NORMAL DUZ (FR BS 7177)	M3
SAS-5581743944	2604030605	89	120560749	50 VISCO PE BLOKCM BEYAZ 199x149	310	HASUBL0485	SUNGER VISCO BLOK 50 DNS BEYAZ FR 199X149X120 NORMAL DUZ (FR BS 7177)	M3
SAS-5581743944	2603230656	1	120063988	27 FLEXI DUZ GRI 198x158x5	320	HASUPL00704	SUNGER PU PLAKA 27 DNS GRI 198X158X5 FLEXI DUZ	Adet
SAS-5581743944	2603230653	9	120063988	27 FLEXI DUZ GRI 198x158x5	330	HASUPL00704	SUNGER PU PLAKA 27 DNS GRI 198X158X5 FLEXI DUZ	Adet
SAS-5581743944	2603230635	10	120067793	27 FLEXI DUZ GRI 198x158x4	340	HASUPL01091	SUNGER PU PLAKA 27 DNS GRI 198X158X4 FLEXI DUZ	Adet
SAS-5581743944	2603230757	8	120210504	27 FLEXI DUZ GRI 198x158x1,7	350	HASUPL05321	SUNGER PU PLAKA 27 DNS GRI 198X158X1,7 FLEXI DUZ	Adet
SAS-5581743944	2604031214	5	120047881	50 VISCO PE DUZ BEYAZ 198x158x5	360	HASUPL02058	SUNGER VISCO PLAKA 50 DNS BEYAZ 198X158X5 NORMAL DUZ (KAPALI HUCRE)	Adet
SAS-5581743944	2604031203	5	120047881	50 VISCO PE DUZ BEYAZ 198x158x5	370	HASUPL02058	SUNGER VISCO PLAKA 50 DNS BEYAZ 198X158X5 NORMAL DUZ (KAPALI HUCRE)	Adet
SAS-5581743944	2604031228	2	120047881	50 VISCO PE DUZ BEYAZ 198x158x5	380	HASUPL02058	SUNGER VISCO PLAKA 50 DNS BEYAZ 198X158X5 NORMAL DUZ (KAPALI HUCRE)	Adet
SAS-5581743944	2604031183	5	120048845	50 VISCO PE DUZ BEYAZ 198x178x5	390	HASUPL02059	SUNGER VISCO PLAKA 50 DNS BEYAZ 198X178X5 NORMAL DUZ (KAPALI HUCRE)	Adet
SAS-5581743944	2604031182	5	120048845	50 VISCO PE DUZ BEYAZ 198x178x5	400	HASUPL02059	SUNGER VISCO PLAKA 50 DNS BEYAZ 198X178X5 NORMAL DUZ (KAPALI HUCRE)	Adet
SAS-5581743944	2604031175	5	120048845	50 VISCO PE DUZ BEYAZ 198x178x5	410	HASUPL02059	SUNGER VISCO PLAKA 50 DNS BEYAZ 198X178X5 NORMAL DUZ (KAPALI HUCRE)	Adet
SAS-5581743944	2604031200	5	120047881	50 VISCO PE DUZ BEYAZ 198x158x5	420	HASUPL02058	SUNGER VISCO PLAKA 50 DNS BEYAZ 198X158X5 NORMAL DUZ (KAPALI HUCRE)	Adet
SAS-5581743944	2604031201	5	120047881	50 VISCO PE DUZ BEYAZ 198x158x5	430	HASUPL02058	SUNGER VISCO PLAKA 50 DNS BEYAZ 198X158X5 NORMAL DUZ (KAPALI HUCRE)	Adet
SAS-5581743944	2604031191	1	120048845	50 VISCO PE DUZ BEYAZ 198x178x5	440	HASUPL02059	SUNGER VISCO PLAKA 50 DNS BEYAZ 198X178X5 NORMAL DUZ (KAPALI HUCRE)	Adet
SAS-5581743944	2603230634	5	120534552	27 FLEXI DUZ GRI 198x158x2,7	450	HASUPL09619	SUNGER PU PLAKA 27 DNS GRI 198X158X2,7 FLEXI DUZ	Adet
SAS-5581743944	2603260101	107	120575364	27 DURA BLOKCM GRI 198x192	460	HASUBL0641	SUNGER PU BLOK 27 DNS GRI 198X192X120 DURA	M3
SAS-5581743944	2603290560	108	120204455	27 DURA BLOKCM GRI 198x138	470	HASUBL0049	SUNGER PU BLOK 27 DNS GRI 198X138X120 DURA	M3
SAS-5581743944	2603290561	108	120563803	27 DURA BLOKCM GRI 198x136	480	HASUBL0515	SUNGER PU BLOK 27 DNS GRI 198X136X120 DURA	M3
SAS-5581743944	2603250847	108	120576989	23 FLEXI BLOKCM MAVI 198x131	490	HASUBL0645	SUNGER PU BLOK 23 DNS 190 NEWTON ACIK MAVI 198X131X120	M3
SAS-5581743944	2603300005	110	120246162	23 FLEXI BLOKCM MAVI 198x151	500	HASUBL0336	SUNGER PU BLOK 23 DNS 190 NEWTON ACIK MAVI 198X151X120	M3
SAS-5581743944	2603300004	110	120246162	23 FLEXI BLOKCM MAVI 198x151	510	HASUBL0336	SUNGER PU BLOK 23 DNS 190 NEWTON ACIK MAVI 198X151X120	M3
SAS-5581743944	2603300012	110	120552048	23 FLEXI BLOKCM MAVI 188x78	520	HASUBL0401	SUNGER PU BLOK 23 DNS 190 NEWTON ACIK MAVI 188X78X120	M3
SAS-5581743944	2604030578	88	120562830	50 VISCO PE BLOKCM BEYAZ 199x179	530	HASUBL0505	SUNGER VISCO BLOK 50 DNS BEYAZ FR 199X179X120 NORMAL DUZ (FR BS 7177)	M3
SAS-5581743944	2604030579	88	120562830	50 VISCO PE BLOKCM BEYAZ 199x179	540	HASUBL0505	SUNGER VISCO BLOK 50 DNS BEYAZ FR 199X179X120 NORMAL DUZ (FR BS 7177)	M3
SAS-5581743944	2604030575	88	120568574	50 VISCO PE BLOKCM BEYAZ 198x158	550	HASUBL0594	SUNGER VISCO BLOK 50 DNS BEYAZ 198X158X120 NORMAL DUZ	M3
SAS-5581743944	2604030566	88	120568574	50 VISCO PE BLOKCM BEYAZ 198x158	560	HASUBL0594	SUNGER VISCO BLOK 50 DNS BEYAZ 198X158X120 NORMAL DUZ	M3
SAS-5581743944	2604030601	89	120560749	50 VISCO PE BLOKCM BEYAZ 199x149	570	HASUBL0485	SUNGER VISCO BLOK 50 DNS BEYAZ FR 199X149X120 NORMAL DUZ (FR BS 7177)	M3
SAS-5581743944	2604030600	89	120560749	50 VISCO PE BLOKCM BEYAZ 199x149	580	HASUBL0485	SUNGER VISCO BLOK 50 DNS BEYAZ FR 199X149X120 NORMAL DUZ (FR BS 7177)	M3
SAS-5581743944	2604022816	2	120577757	27 FLEXI DUZ GRI 198x178x23,5	590	HASUPL11907	SUNGER PU PLAKA 27 DNS GRI 198X178X23,5 FLEXI DUZ	Adet
SAS-5581743944	2604022814	2	120577757	27 FLEXI DUZ GRI 198x178x23,5	600	HASUPL11907	SUNGER PU PLAKA 27 DNS GRI 198X178X23,5 FLEXI DUZ	Adet
SAS-5581743944	2604022813	2	120577757	27 FLEXI DUZ GRI 198x178x23,5	610	HASUPL11907	SUNGER PU PLAKA 27 DNS GRI 198X178X23,5 FLEXI DUZ	Adet
SAS-5581743944	2604022860	2	120577757	27 FLEXI DUZ GRI 198x178x23,5	620	HASUPL11907	SUNGER PU PLAKA 27 DNS GRI 198X178X23,5 FLEXI DUZ	Adet
SAS-5581743944	2604022861	2	120577757	27 FLEXI DUZ GRI 198x178x23,5	630	HASUPL11907	SUNGER PU PLAKA 27 DNS GRI 198X178X23,5 FLEXI DUZ	Adet
SAS-5581743944	2604031031	27	120507652	27 SOFT RULO BEYAZ 220x2,7	640	HASURL0171	SUNGER PU RULO 27 DNS BEYAZ 220X2,7 SOFT DUZ	METRE
SAS-5581743944	2603242851	36	120507296	23 FLEXI RULO BEYAZ 220x2,7	650	HASURL0166	SUNGER PU RULO 23 DNS 190 NEWTON BEYAZ 220X2,7 DUZ	METRE
SAS-5581743944	2603250020	36	120507296	23 FLEXI RULO BEYAZ 220x2,7	660	HASURL0166	SUNGER PU RULO 23 DNS 190 NEWTON BEYAZ 220X2,7 DUZ	METRE
SAS-5581743944	2604011171	30	120508239	27 SOFT RULO BEYAZ 210x2,7	670	HASURL0170	SUNGER PU RULO 27 DNS BEYAZ 210X2,7 SOFT DUZ	METRE
SAS-5581743944	2603310161	31	120507652	27 SOFT RULO BEYAZ 220x2,7	680	HASURL0171	SUNGER PU RULO 27 DNS BEYAZ 220X2,7 SOFT DUZ	METRE
SAS-5581743944	2603172039	42	120500970	24 SOFT RULO BEYAZ 210x2,7	690	HASURL0167	SUNGER PU RULO 24 DNS BEYAZ 210X2,7 SOFT DUZ	METRE
SAS-5581743944	2603242844	36	120507296	23 FLEXI RULO BEYAZ 220x2,7	700	HASURL0166	SUNGER PU RULO 23 DNS 190 NEWTON BEYAZ 220X2,7 DUZ	METRE
SAS-5581743944	2604011284	36	120508239	27 SOFT RULO BEYAZ 210x2,7	710	HASURL0170	SUNGER PU RULO 27 DNS BEYAZ 210X2,7 SOFT DUZ	METRE
SAS-5581743944	2603231276	42	120509566	24 SOFT RULO BEYAZ 220x2,7	720	HASURL0168	SUNGER PU RULO 24 DNS BEYAZ 220X2,7 SOFT DUZ	METRE
SAS-5581743944	2604011286	36	120508239	27 SOFT RULO BEYAZ 210x2,7	730	HASURL0170	SUNGER PU RULO 27 DNS BEYAZ 210X2,7 SOFT DUZ	METRE
SAS-5581743944	2604030602	89	120560749	50 VISCO PE BLOKCM BEYAZ 199x149	740	HASUBL0485	SUNGER VISCO BLOK 50 DNS BEYAZ FR 199X149X120 NORMAL DUZ (FR BS 7177)	M3
SAS-5581743944	2604030604	89	120560749	50 VISCO PE BLOKCM BEYAZ 199x149	750	HASUBL0485	SUNGER VISCO BLOK 50 DNS BEYAZ FR 199X149X120 NORMAL DUZ (FR BS 7177)	M3
SAS-5581743944	2604030603	89	120560749	50 VISCO PE BLOKCM BEYAZ 199x149	760	HASUBL0485	SUNGER VISCO BLOK 50 DNS BEYAZ FR 199X149X120 NORMAL DUZ (FR BS 7177)	M3
SAS-5581743944	2603242813	36	120507297	23 FLEXI RULO BEYAZ 210x2,7	770	HASURL0165	SUNGER PU RULO 23 DNS 190 NEWTON BEYAZ 210X2,7 DUZ	METRE
SAS-5581743944	2603310156	31	120507652	27 SOFT RULO BEYAZ 220x2,7	780	HASURL0171	SUNGER PU RULO 27 DNS BEYAZ 220X2,7 SOFT DUZ	METRE
SAS-5581743944	2603231339	42	120509566	24 SOFT RULO BEYAZ 220x2,7	790	HASURL0168	SUNGER PU RULO 24 DNS BEYAZ 220X2,7 SOFT DUZ	METRE
SAS-5581743944	2603231342	42	120509566	24 SOFT RULO BEYAZ 220x2,7	800	HASURL0168	SUNGER PU RULO 24 DNS BEYAZ 220X2,7 SOFT DUZ	METRE
SAS-5581743944	2603242814	36	120507297	23 FLEXI RULO BEYAZ 210x2,7	810	HASURL0165	SUNGER PU RULO 23 DNS 190 NEWTON BEYAZ 210X2,7 DUZ	METRE
SAS-5581743944	2603231277	42	120509566	24 SOFT RULO BEYAZ 220x2,7	820	HASURL0168	SUNGER PU RULO 24 DNS BEYAZ 220X2,7 SOFT DUZ	METRE
SAS-5581743944	2604011266	36	120508239	27 SOFT RULO BEYAZ 210x2,7	830	HASURL0170	SUNGER PU RULO 27 DNS BEYAZ 210X2,7 SOFT DUZ	METRE
SAS-5581743944	2603242842	36	120507296	23 FLEXI RULO BEYAZ 220x2,7	840	HASURL0166	SUNGER PU RULO 23 DNS 190 NEWTON BEYAZ 220X2,7 DUZ	METRE
SAS-5581743944	2604011265	36	120508239	27 SOFT RULO BEYAZ 210x2,7	850	HASURL0170	SUNGER PU RULO 27 DNS BEYAZ 210X2,7 SOFT DUZ	METRE
SAS-5581743944	2603310157	31	120507652	27 SOFT RULO BEYAZ 220x2,7	860	HASURL0171	SUNGER PU RULO 27 DNS BEYAZ 220X2,7 SOFT DUZ	METRE
SAS-5581743944	2603310163	31	120507652	27 SOFT RULO BEYAZ 220x2,7	870	HASURL0171	SUNGER PU RULO 27 DNS BEYAZ 220X2,7 SOFT DUZ	METRE
SAS-5581743944	2603310170	31	120507652	27 SOFT RULO BEYAZ 220x2,7	880	HASURL0171	SUNGER PU RULO 27 DNS BEYAZ 220X2,7 SOFT DUZ	METRE
SAS-5581743944	2603300433	2	120577757	27 FLEXI DUZ GRI 198x178x23,5	890	HASUPL11907	SUNGER PU PLAKA 27 DNS GRI 198X178X23,5 FLEXI DUZ	Adet
SAS-5581743944	2603300434	2	120577757	27 FLEXI DUZ GRI 198x178x23,5	900	HASUPL11907	SUNGER PU PLAKA 27 DNS GRI 198X178X23,5 FLEXI DUZ	Adet
SAS-5581743944	2603300430	2	120578241	27 FLEXI DUZ GRI 198x178x20,5	910	HASUPL11919	SUNGER PU PLAKA 27 DNS GRI 198X178X20,5 FLEXI DUZ	Adet
SAS-5581743944	2604040062	2	120577755	27 FLEXI DUZ GRI 188x158x23,5	920	HASUPL11905	SUNGER PU PLAKA 27 DNS GRI 188X158X23,5 FLEXI DUZ	Adet
SAS-5581743944	2603300437	2	120577757	27 FLEXI DUZ GRI 198x178x23,5	930	HASUPL11907	SUNGER PU PLAKA 27 DNS GRI 198X178X23,5 FLEXI DUZ	Adet
SAS-5581743944	2603300498	2	120578241	27 FLEXI DUZ GRI 198x178x20,5	940	HASUPL11919	SUNGER PU PLAKA 27 DNS GRI 198X178X20,5 FLEXI DUZ	Adet
SAS-5581743944	2603300500	2	120578241	27 FLEXI DUZ GRI 198x178x20,5	950	HASUPL11919	SUNGER PU PLAKA 27 DNS GRI 198X178X20,5 FLEXI DUZ	Adet
SAS-5581743944	2604032233	2	120578241	27 FLEXI DUZ GRI 198x178x20,5	960	HASUPL11919	SUNGER PU PLAKA 27 DNS GRI 198X178X20,5 FLEXI DUZ	Adet
SAS-5581743944	2604040060	2	120577755	27 FLEXI DUZ GRI 188x158x23,5	970	HASUPL11905	SUNGER PU PLAKA 27 DNS GRI 188X158X23,5 FLEXI DUZ	Adet
SAS-5581743944	2604040059	2	120577755	27 FLEXI DUZ GRI 188x158x23,5	980	HASUPL11905	SUNGER PU PLAKA 27 DNS GRI 188X158X23,5 FLEXI DUZ	Adet
SAS-5581743944	2604040058	2	120577755	27 FLEXI DUZ GRI 188x158x23,5	990	HASUPL11905	SUNGER PU PLAKA 27 DNS GRI 188X158X23,5 FLEXI DUZ	Adet
SAS-5581743944	2604040053	2	120577755	27 FLEXI DUZ GRI 188x158x23,5	1000	HASUPL11905	SUNGER PU PLAKA 27 DNS GRI 188X158X23,5 FLEXI DUZ	Adet
SAS-5581743944	2604032330	2	120577754	27 FLEXI DUZ GRI 188x138x23,5	1010	HASUPL11904	SUNGER PU PLAKA 27 DNS GRI 188X138X23,5 FLEXI DUZ	Adet
SAS-5581743944	2604032283	2	120577754	27 FLEXI DUZ GRI 188x138x23,5	1020	HASUPL11904	SUNGER PU PLAKA 27 DNS GRI 188X138X23,5 FLEXI DUZ	Adet
SAS-5581743944	2604032284	2	120577754	27 FLEXI DUZ GRI 188x138x23,5	1030	HASUPL11904	SUNGER PU PLAKA 27 DNS GRI 188X138X23,5 FLEXI DUZ	Adet
SAS-5581743944	2604032280	2	120577754	27 FLEXI DUZ GRI 188x138x23,5	1040	HASUPL11904	SUNGER PU PLAKA 27 DNS GRI 188X138X23,5 FLEXI DUZ	Adet
SAS-5581743944	2604032234	2	120578241	27 FLEXI DUZ GRI 198x178x20,5	1050	HASUPL11919	SUNGER PU PLAKA 27 DNS GRI 198X178X20,5 FLEXI DUZ	Adet
SAS-5581743944	2604032236	2	120578241	27 FLEXI DUZ GRI 198x178x20,5	1060	HASUPL11919	SUNGER PU PLAKA 27 DNS GRI 198X178X20,5 FLEXI DUZ	Adet
SAS-5581743944	2604031155	2	120578241	27 FLEXI DUZ GRI 198x178x20,5	1070	HASUPL11919	SUNGER PU PLAKA 27 DNS GRI 198X178X20,5 FLEXI DUZ	Adet
SAS-5581743944	2604031189	140	120006667	18 FLEXI RULO BEYAZ 220x0,8	1080	HASURL0046	SUNGER PU RULO 18 DNS BEYAZ 220X0,8 FLEXI DUZ	METRE
SAS-5581743944	2604031184	140	120006667	18 FLEXI RULO BEYAZ 220x0,8	1090	HASURL0046	SUNGER PU RULO 18 DNS BEYAZ 220X0,8 FLEXI DUZ	METRE
SAS-5581743944	2604031173	140	120006667	18 FLEXI RULO BEYAZ 220x0,8	1100	HASURL0046	SUNGER PU RULO 18 DNS BEYAZ 220X0,8 FLEXI DUZ	METRE
SAS-5581743944	2604031284	140	120006667	18 FLEXI RULO BEYAZ 220x0,8	1110	HASURL0046	SUNGER PU RULO 18 DNS BEYAZ 220X0,8 FLEXI DUZ	METRE
SAS-5581743944	2604031334	140	120006667	18 FLEXI RULO BEYAZ 220x0,8	1120	HASURL0046	SUNGER PU RULO 18 DNS BEYAZ 220X0,8 FLEXI DUZ	METRE
SAS-5581743944	2604031188	140	120006667	18 FLEXI RULO BEYAZ 220x0,8	1130	HASURL0046	SUNGER PU RULO 18 DNS BEYAZ 220X0,8 FLEXI DUZ	METRE
SAS-5581743944	2604031186	140	120006667	18 FLEXI RULO BEYAZ 220x0,8	1140	HASURL0046	SUNGER PU RULO 18 DNS BEYAZ 220X0,8 FLEXI DUZ	METRE
SAS-5581743944	2604031335	140	120006667	18 FLEXI RULO BEYAZ 220x0,8	1150	HASURL0046	SUNGER PU RULO 18 DNS BEYAZ 220X0,8 FLEXI DUZ	METRE
SAS-5581743944	2604031338	140	120006667	18 FLEXI RULO BEYAZ 220x0,8	1160	HASURL0046	SUNGER PU RULO 18 DNS BEYAZ 220X0,8 FLEXI DUZ	METRE
SAS-5581743944	2604031336	140	120006667	18 FLEXI RULO BEYAZ 220x0,8	1170	HASURL0046	SUNGER PU RULO 18 DNS BEYAZ 220X0,8 FLEXI DUZ	METRE
SAS-5581743944	2604031192	140	120006667	18 FLEXI RULO BEYAZ 220x0,8	1180	HASURL0046	SUNGER PU RULO 18 DNS BEYAZ 220X0,8 FLEXI DUZ	METRE
SAS-5581743944	2604031285	140	120006667	18 FLEXI RULO BEYAZ 220x0,8	1190	HASURL0046	SUNGER PU RULO 18 DNS BEYAZ 220X0,8 FLEXI DUZ	METRE
SAS-5581743944	2604031185	140	120006667	18 FLEXI RULO BEYAZ 220x0,8	1200	HASURL0046	SUNGER PU RULO 18 DNS BEYAZ 220X0,8 FLEXI DUZ	METRE
SAS-5581743944	2604040107	2	120577755	27 FLEXI DUZ GRI 188x158x23,5	1210	HASUPL11905	SUNGER PU PLAKA 27 DNS GRI 188X158X23,5 FLEXI DUZ	Adet
SAS-5581743944	2604040106	2	120577755	27 FLEXI DUZ GRI 188x158x23,5	1220	HASUPL11905	SUNGER PU PLAKA 27 DNS GRI 188X158X23,5 FLEXI DUZ	Adet
SAS-5581743944	2604040108	2	120577755	27 FLEXI DUZ GRI 188x158x23,5	1230	HASUPL11905	SUNGER PU PLAKA 27 DNS GRI 188X158X23,5 FLEXI DUZ	Adet
SAS-5581743944	2604040118	2	120577755	27 FLEXI DUZ GRI 188x158x23,5	1240	HASUPL11905	SUNGER PU PLAKA 27 DNS GRI 188X158X23,5 FLEXI DUZ	Adet
SAS-5581743944	2604040096	2	120577755	27 FLEXI DUZ GRI 188x158x23,5	1250	HASUPL11905	SUNGER PU PLAKA 27 DNS GRI 188X158X23,5 FLEXI DUZ	Adet
SAS-5581743944	2604032102	2	120577756	27 FLEXI DUZ GRI 198x158x23,5	1260	HASUPL11906	SUNGER PU PLAKA 27 DNS GRI 198X158X23,5 FLEXI DUZ	Adet
SAS-5581743944	2604032113	2	120577756	27 FLEXI DUZ GRI 198x158x23,5	1270	HASUPL11906	SUNGER PU PLAKA 27 DNS GRI 198X158X23,5 FLEXI DUZ	Adet
SAS-5581743944	2604032115	2	120577756	27 FLEXI DUZ GRI 198x158x23,5	1280	HASUPL11906	SUNGER PU PLAKA 27 DNS GRI 198X158X23,5 FLEXI DUZ	Adet
SAS-5581743944	2604032156	2	120577756	27 FLEXI DUZ GRI 198x158x23,5	1290	HASUPL11906	SUNGER PU PLAKA 27 DNS GRI 198X158X23,5 FLEXI DUZ	Adet
SAS-5581743944	2604032114	2	120577756	27 FLEXI DUZ GRI 198x158x23,5	1300	HASUPL11906	SUNGER PU PLAKA 27 DNS GRI 198X158X23,5 FLEXI DUZ	Adet
SAS-5581743944	2604032157	2	120577756	27 FLEXI DUZ GRI 198x158x23,5	1310	HASUPL11906	SUNGER PU PLAKA 27 DNS GRI 198X158X23,5 FLEXI DUZ	Adet
SAS-5581743944	2604032180	2	120577756	27 FLEXI DUZ GRI 198x158x23,5	1320	HASUPL11906	SUNGER PU PLAKA 27 DNS GRI 198X158X23,5 FLEXI DUZ	Adet
SAS-5581743944	2604032181	2	120577756	27 FLEXI DUZ GRI 198x158x23,5	1330	HASUPL11906	SUNGER PU PLAKA 27 DNS GRI 198X158X23,5 FLEXI DUZ	Adet
SAS-5581743944	2604032155	2	120577756	27 FLEXI DUZ GRI 198x158x23,5	1340	HASUPL11906	SUNGER PU PLAKA 27 DNS GRI 198X158X23,5 FLEXI DUZ	Adet
SAS-5581743944	2604032154	2	120577756	27 FLEXI DUZ GRI 198x158x23,5	1350	HASUPL11906	SUNGER PU PLAKA 27 DNS GRI 198X158X23,5 FLEXI DUZ	Adet
SAS-5581743944	2604032153	2	120577756	27 FLEXI DUZ GRI 198x158x23,5	1360	HASUPL11906	SUNGER PU PLAKA 27 DNS GRI 198X158X23,5 FLEXI DUZ	Adet
SAS-5581743944	2604032191	2	120577758	27 FLEXI DUZ GRI 198x198x23,5	1370	HASUPL11908	SUNGER PU PLAKA 27 DNS GRI 198X198X23,5 FLEXI DUZ	Adet
SAS-5581743944	2604032192	2	120577758	27 FLEXI DUZ GRI 198x198x23,5	1380	HASUPL11908	SUNGER PU PLAKA 27 DNS GRI 198X198X23,5 FLEXI DUZ	Adet
SAS-5581743944	2604032185	2	120577756	27 FLEXI DUZ GRI 198x158x23,5	1390	HASUPL11906	SUNGER PU PLAKA 27 DNS GRI 198X158X23,5 FLEXI DUZ	Adet
SAS-5581743944	2604032184	2	120577756	27 FLEXI DUZ GRI 198x158x23,5	1400	HASUPL11906	SUNGER PU PLAKA 27 DNS GRI 198X158X23,5 FLEXI DUZ	Adet
SAS-5581743944	2604032228	2	120577756	27 FLEXI DUZ GRI 198x158x23,5	1410	HASUPL11906	SUNGER PU PLAKA 27 DNS GRI 198X158X23,5 FLEXI DUZ	Adet
SAS-5581743944	2604032213	2	120577756	27 FLEXI DUZ GRI 198x158x23,5	1420	HASUPL11906	SUNGER PU PLAKA 27 DNS GRI 198X158X23,5 FLEXI DUZ	Adet
SAS-5581743944	2604032209	2	120577756	27 FLEXI DUZ GRI 198x158x23,5	1430	HASUPL11906	SUNGER PU PLAKA 27 DNS GRI 198X158X23,5 FLEXI DUZ	Adet
SAS-5581743944	2604032269	2	120577754	27 FLEXI DUZ GRI 188x138x23,5	1440	HASUPL11904	SUNGER PU PLAKA 27 DNS GRI 188X138X23,5 FLEXI DUZ	Adet
SAS-5581743944	2604032331	2	120577754	27 FLEXI DUZ GRI 188x138x23,5	1450	HASUPL11904	SUNGER PU PLAKA 27 DNS GRI 188X138X23,5 FLEXI DUZ	Adet
SAS-5581743944	2604032332	2	120577754	27 FLEXI DUZ GRI 188x138x23,5	1460	HASUPL11904	SUNGER PU PLAKA 27 DNS GRI 188X138X23,5 FLEXI DUZ	Adet
SAS-5581743944	2604032151	2	120577756	27 FLEXI DUZ GRI 198x158x23,5	1470	HASUPL11906	SUNGER PU PLAKA 27 DNS GRI 198X158X23,5 FLEXI DUZ	Adet
SAS-5581743944	2604032131	2	120577756	27 FLEXI DUZ GRI 198x158x23,5	1480	HASUPL11906	SUNGER PU PLAKA 27 DNS GRI 198X158X23,5 FLEXI DUZ	Adet
SAS-5581743944	2604032130	2	120577756	27 FLEXI DUZ GRI 198x158x23,5	1490	HASUPL11906	SUNGER PU PLAKA 27 DNS GRI 198X158X23,5 FLEXI DUZ	Adet
SAS-5581743944	2604032126	2	120577756	27 FLEXI DUZ GRI 198x158x23,5	1500	HASUPL11906	SUNGER PU PLAKA 27 DNS GRI 198X158X23,5 FLEXI DUZ	Adet
SAS-5581743944	2604032329	2	120577754	27 FLEXI DUZ GRI 188x138x23,5	1510	HASUPL11904	SUNGER PU PLAKA 27 DNS GRI 188X138X23,5 FLEXI DUZ	Adet
SAS-5581743944	2604032279	2	120577754	27 FLEXI DUZ GRI 188x138x23,5	1520	HASUPL11904	SUNGER PU PLAKA 27 DNS GRI 188X138X23,5 FLEXI DUZ	Adet
SAS-5581743944	2604022800	2	120578240	27 FLEXI DUZ GRI 198x158x20,5	1530	HASUPL11918	SUNGER PU PLAKA 27 DNS GRI 198X158X20,5 FLEXI DUZ	Adet
SAS-5581743944	2604032271	2	120577754	27 FLEXI DUZ GRI 188x138x23,5	1540	HASUPL11904	SUNGER PU PLAKA 27 DNS GRI 188X138X23,5 FLEXI DUZ	Adet
SAS-5581743944	2604032018	2	120577756	27 FLEXI DUZ GRI 198x158x23,5	1550	HASUPL11906	SUNGER PU PLAKA 27 DNS GRI 198X158X23,5 FLEXI DUZ	Adet
SAS-5581743944	2604032063	2	120577756	27 FLEXI DUZ GRI 198x158x23,5	1560	HASUPL11906	SUNGER PU PLAKA 27 DNS GRI 198X158X23,5 FLEXI DUZ	Adet
SAS-5581743944	2604032064	2	120577756	27 FLEXI DUZ GRI 198x158x23,5	1570	HASUPL11906	SUNGER PU PLAKA 27 DNS GRI 198X158X23,5 FLEXI DUZ	Adet
SAS-5581743944	2604032065	2	120577756	27 FLEXI DUZ GRI 198x158x23,5	1580	HASUPL11906	SUNGER PU PLAKA 27 DNS GRI 198X158X23,5 FLEXI DUZ	Adet
SAS-5581743944	2604032066	2	120577756	27 FLEXI DUZ GRI 198x158x23,5	1590	HASUPL11906	SUNGER PU PLAKA 27 DNS GRI 198X158X23,5 FLEXI DUZ	Adet
SAS-5581743944	2604032033	2	120577756	27 FLEXI DUZ GRI 198x158x23,5	1600	HASUPL11906	SUNGER PU PLAKA 27 DNS GRI 198X158X23,5 FLEXI DUZ	Adet
SAS-5581743944	2604032031	2	120577756	27 FLEXI DUZ GRI 198x158x23,5	1610	HASUPL11906	SUNGER PU PLAKA 27 DNS GRI 198X158X23,5 FLEXI DUZ	Adet
SAS-5581743944	2604032047	2	120577756	27 FLEXI DUZ GRI 198x158x23,5	1620	HASUPL11906	SUNGER PU PLAKA 27 DNS GRI 198X158X23,5 FLEXI DUZ	Adet
SAS-5581743944	2604032046	2	120577756	27 FLEXI DUZ GRI 198x158x23,5	1630	HASUPL11906	SUNGER PU PLAKA 27 DNS GRI 198X158X23,5 FLEXI DUZ	Adet
SAS-5581743944	2604022862	2	120577757	27 FLEXI DUZ GRI 198x178x23,5	1640	HASUPL11907	SUNGER PU PLAKA 27 DNS GRI 198X178X23,5 FLEXI DUZ	Adet
SAS-5581743944	2604022863	2	120577757	27 FLEXI DUZ GRI 198x178x23,5	1650	HASUPL11907	SUNGER PU PLAKA 27 DNS GRI 198X178X23,5 FLEXI DUZ	Adet
SAS-5581743944	2604032101	2	120577756	27 FLEXI DUZ GRI 198x158x23,5	1660	HASUPL11906	SUNGER PU PLAKA 27 DNS GRI 198X158X23,5 FLEXI DUZ	Adet
SAS-5581743944	2604022864	2	120577757	27 FLEXI DUZ GRI 198x178x23,5	1670	HASUPL11907	SUNGER PU PLAKA 27 DNS GRI 198X178X23,5 FLEXI DUZ	Adet
SAS-5581743944	2604022865	2	120577757	27 FLEXI DUZ GRI 198x178x23,5	1680	HASUPL11907	SUNGER PU PLAKA 27 DNS GRI 198X178X23,5 FLEXI DUZ	Adet
SAS-5581743944	2604022874	2	120577757	27 FLEXI DUZ GRI 198x178x23,5	1690	HASUPL11907	SUNGER PU PLAKA 27 DNS GRI 198X178X23,5 FLEXI DUZ	Adet
SAS-5581743944	2604032075	2	120577756	27 FLEXI DUZ GRI 198x158x23,5	1700	HASUPL11906	SUNGER PU PLAKA 27 DNS GRI 198X158X23,5 FLEXI DUZ	Adet
SAS-5581743944	2604032117	2	120577756	27 FLEXI DUZ GRI 198x158x23,5	1710	HASUPL11906	SUNGER PU PLAKA 27 DNS GRI 198X158X23,5 FLEXI DUZ	Adet
SAS-5581743944	2604032100	1	120577756	27 FLEXI DUZ GRI 198x158x23,5	1720	HASUPL11906	SUNGER PU PLAKA 27 DNS GRI 198X158X23,5 FLEXI DUZ	Adet
SAS-5581743944	2604032043	2	120577756	27 FLEXI DUZ GRI 198x158x23,5	1730	HASUPL11906	SUNGER PU PLAKA 27 DNS GRI 198X158X23,5 FLEXI DUZ	Adet
SAS-5581743944	2604032042	2	120577756	27 FLEXI DUZ GRI 198x158x23,5	1740	HASUPL11906	SUNGER PU PLAKA 27 DNS GRI 198X158X23,5 FLEXI DUZ	Adet
SAS-5581743944	2604032045	2	120577756	27 FLEXI DUZ GRI 198x158x23,5	1750	HASUPL11906	SUNGER PU PLAKA 27 DNS GRI 198X158X23,5 FLEXI DUZ	Adet
SAS-5581743944	2604032044	2	120577756	27 FLEXI DUZ GRI 198x158x23,5	1760	HASUPL11906	SUNGER PU PLAKA 27 DNS GRI 198X158X23,5 FLEXI DUZ	Adet
SAS-5581743944	2604022820	2	120577757	27 FLEXI DUZ GRI 198x178x23,5	1770	HASUPL11907	SUNGER PU PLAKA 27 DNS GRI 198X178X23,5 FLEXI DUZ	Adet
SAS-5581743944	2604022819	2	120577757	27 FLEXI DUZ GRI 198x178x23,5	1780	HASUPL11907	SUNGER PU PLAKA 27 DNS GRI 198X178X23,5 FLEXI DUZ	Adet
SAS-5581743944	2604022818	2	120577757	27 FLEXI DUZ GRI 198x178x23,5	1790	HASUPL11907	SUNGER PU PLAKA 27 DNS GRI 198X178X23,5 FLEXI DUZ	Adet
SAS-5581743944	2604022817	2	120577757	27 FLEXI DUZ GRI 198x178x23,5	1800	HASUPL11907	SUNGER PU PLAKA 27 DNS GRI 198X178X23,5 FLEXI DUZ	Adet
SAS-5581743944	2604022821	2	120577757	27 FLEXI DUZ GRI 198x178x23,5	1810	HASUPL11907	SUNGER PU PLAKA 27 DNS GRI 198X178X23,5 FLEXI DUZ	Adet
SAS-5581743944	2604032073	2	120577756	27 FLEXI DUZ GRI 198x158x23,5	1820	HASUPL11906	SUNGER PU PLAKA 27 DNS GRI 198X158X23,5 FLEXI DUZ	Adet
SAS-5581743944	2604032074	2	120577756	27 FLEXI DUZ GRI 198x158x23,5	1830	HASUPL11906	SUNGER PU PLAKA 27 DNS GRI 198X158X23,5 FLEXI DUZ	Adet
SAS-5581743944	2604032272	2	120577754	27 FLEXI DUZ GRI 188x138x23,5	1840	HASUPL11904	SUNGER PU PLAKA 27 DNS GRI 188X138X23,5 FLEXI DUZ	Adet
SAS-5581743944	2602260892	2	120577754	27 FLEXI DUZ GRI 188x138x23,5	1850	HASUPL11904	SUNGER PU PLAKA 27 DNS GRI 188X138X23,5 FLEXI DUZ	Adet
SAS-5581743944	2604022799	2	120578240	27 FLEXI DUZ GRI 198x158x20,5	1860	HASUPL11918	SUNGER PU PLAKA 27 DNS GRI 198X158X20,5 FLEXI DUZ	Adet
SAS-5581743944	2604061173	75	120240820	24 SOFT RULO BEYAZ 230x1,5	1870	HASURL0232	XXX SUNGER PU RULO 24 DNS BEYAZ 230X1,5 SOFT DUZ	METRE
SAS-5581743944	2604061337	75	120240820	24 SOFT RULO BEYAZ 230x1,5	1880	HASURL0232	XXX SUNGER PU RULO 24 DNS BEYAZ 230X1,5 SOFT DUZ	METRE
SAS-5581743944	2604061147	55	120240820	24 SOFT RULO BEYAZ 230x1,5	1890	HASURL0232	XXX SUNGER PU RULO 24 DNS BEYAZ 230X1,5 SOFT DUZ	METRE
SAS-5581743944	2604061165	75	120240820	24 SOFT RULO BEYAZ 230x1,5	1900	HASURL0232	XXX SUNGER PU RULO 24 DNS BEYAZ 230X1,5 SOFT DUZ	METRE
SAS-5581743944	2604061162	75	120240820	24 SOFT RULO BEYAZ 230x1,5	1910	HASURL0232	XXX SUNGER PU RULO 24 DNS BEYAZ 230X1,5 SOFT DUZ	METRE
SAS-5581743944	2604061161	75	120240820	24 SOFT RULO BEYAZ 230x1,5	1920	HASURL0232	XXX SUNGER PU RULO 24 DNS BEYAZ 230X1,5 SOFT DUZ	METRE
SAS-5581743944	2604061160	75	120240820	24 SOFT RULO BEYAZ 230x1,5	1930	HASURL0232	XXX SUNGER PU RULO 24 DNS BEYAZ 230X1,5 SOFT DUZ	METRE
SAS-5581743944	2604061158	75	120240820	24 SOFT RULO BEYAZ 230x1,5	1940	HASURL0232	XXX SUNGER PU RULO 24 DNS BEYAZ 230X1,5 SOFT DUZ	METRE
SAS-5581743944	2604061157	75	120240820	24 SOFT RULO BEYAZ 230x1,5	1950	HASURL0232	XXX SUNGER PU RULO 24 DNS BEYAZ 230X1,5 SOFT DUZ	METRE
SAS-5581743944	2604061175	75	120240820	24 SOFT RULO BEYAZ 230x1,5	1960	HASURL0232	XXX SUNGER PU RULO 24 DNS BEYAZ 230X1,5 SOFT DUZ	METRE
SAS-5581743944	2604061151	75	120240820	24 SOFT RULO BEYAZ 230x1,5	1970	HASURL0232	XXX SUNGER PU RULO 24 DNS BEYAZ 230X1,5 SOFT DUZ	METRE
SAS-5581743944	2604061149	75	120240820	24 SOFT RULO BEYAZ 230x1,5	1980	HASURL0232	XXX SUNGER PU RULO 24 DNS BEYAZ 230X1,5 SOFT DUZ	METRE
SAS-5581743944	2604061335	75	120240820	24 SOFT RULO BEYAZ 230x1,5	1990	HASURL0232	XXX SUNGER PU RULO 24 DNS BEYAZ 230X1,5 SOFT DUZ	METRE
SAS-5581743944	2604061333	75	120240820	24 SOFT RULO BEYAZ 230x1,5	2000	HASURL0232	XXX SUNGER PU RULO 24 DNS BEYAZ 230X1,5 SOFT DUZ	METRE
SAS-5581743944	2604061340	70	120240820	24 SOFT RULO BEYAZ 230x1,5	2010	HASURL0232	XXX SUNGER PU RULO 24 DNS BEYAZ 230X1,5 SOFT DUZ	METRE
SAS-5581743944	2604061330	75	120240820	24 SOFT RULO BEYAZ 230x1,5	2020	HASURL0232	XXX SUNGER PU RULO 24 DNS BEYAZ 230X1,5 SOFT DUZ	METRE
SAS-5581743944	2604061150	75	120240820	24 SOFT RULO BEYAZ 230x1,5	2030	HASURL0232	XXX SUNGER PU RULO 24 DNS BEYAZ 230X1,5 SOFT DUZ	METRE
SAS-5581743944	2604061152	75	120240820	24 SOFT RULO BEYAZ 230x1,5	2040	HASURL0232	XXX SUNGER PU RULO 24 DNS BEYAZ 230X1,5 SOFT DUZ	METRE
SAS-5581743944	2604061153	75	120240820	24 SOFT RULO BEYAZ 230x1,5	2050	HASURL0232	XXX SUNGER PU RULO 24 DNS BEYAZ 230X1,5 SOFT DUZ	METRE
SAS-5581743944	2604061163	75	120240820	24 SOFT RULO BEYAZ 230x1,5	2060	HASURL0232	XXX SUNGER PU RULO 24 DNS BEYAZ 230X1,5 SOFT DUZ	METRE
SAS-5581743944	2604061167	75	120240820	24 SOFT RULO BEYAZ 230x1,5	2070	HASURL0232	XXX SUNGER PU RULO 24 DNS BEYAZ 230X1,5 SOFT DUZ	METRE
SAS-5581743944	2604061155	75	120240820	24 SOFT RULO BEYAZ 230x1,5	2080	HASURL0232	XXX SUNGER PU RULO 24 DNS BEYAZ 230X1,5 SOFT DUZ	METRE
SAS-5581743944	2604032021	2	120578240	27 FLEXI DUZ GRI 198x158x20,5	2090	HASUPL11918	SUNGER PU PLAKA 27 DNS GRI 198X158X20,5 FLEXI DUZ	Adet
SAS-5581743944	2604032019	2	120578240	27 FLEXI DUZ GRI 198x158x20,5	2100	HASUPL11918	SUNGER PU PLAKA 27 DNS GRI 198X158X20,5 FLEXI DUZ	Adet
SAS-5581743944	2604032020	2	120578240	27 FLEXI DUZ GRI 198x158x20,5	2110	HASUPL11918	SUNGER PU PLAKA 27 DNS GRI 198X158X20,5 FLEXI DUZ	Adet
SAS-5581743944	2604022809	2	120578240	27 FLEXI DUZ GRI 198x158x20,5	2120	HASUPL11918	SUNGER PU PLAKA 27 DNS GRI 198X158X20,5 FLEXI DUZ	Adet
SAS-5581743944	2604022808	2	120578240	27 FLEXI DUZ GRI 198x158x20,5	2130	HASUPL11918	SUNGER PU PLAKA 27 DNS GRI 198X158X20,5 FLEXI DUZ	Adet
SAS-5581743944	2604022802	2	120578240	27 FLEXI DUZ GRI 198x158x20,5	2140	HASUPL11918	SUNGER PU PLAKA 27 DNS GRI 198X158X20,5 FLEXI DUZ	Adet
SAS-5581743944	2604022801	2	120578240	27 FLEXI DUZ GRI 198x158x20,5	2150	HASUPL11918	SUNGER PU PLAKA 27 DNS GRI 198X158X20,5 FLEXI DUZ	Adet
SAS-5581743944	2604022810	2	120578240	27 FLEXI DUZ GRI 198x158x20,5	2160	HASUPL11918	SUNGER PU PLAKA 27 DNS GRI 198X158X20,5 FLEXI DUZ	Adet
SAS-5581743944	2604022796	2	120578240	27 FLEXI DUZ GRI 198x158x20,5	2170	HASUPL11918	SUNGER PU PLAKA 27 DNS GRI 198X158X20,5 FLEXI DUZ	Adet
SAS-5581743944	2604022797	2	120578240	27 FLEXI DUZ GRI 198x158x20,5	2180	HASUPL11918	SUNGER PU PLAKA 27 DNS GRI 198X158X20,5 FLEXI DUZ	Adet
SAS-5581743944	2604022798	2	120578240	27 FLEXI DUZ GRI 198x158x20,5	2190	HASUPL11918	SUNGER PU PLAKA 27 DNS GRI 198X158X20,5 FLEXI DUZ	Adet
SAS-5581743944	2604032278	2	120577754	27 FLEXI DUZ GRI 188x138x23,5	2200	HASUPL11904	SUNGER PU PLAKA 27 DNS GRI 188X138X23,5 FLEXI DUZ	Adet
SAS-5581743944	2604022876	2	120577757	27 FLEXI DUZ GRI 198x178x23,5	2210	HASUPL11907	SUNGER PU PLAKA 27 DNS GRI 198X178X23,5 FLEXI DUZ	Adet
SAS-5581743944	2604022877	2	120577757	27 FLEXI DUZ GRI 198x178x23,5	2220	HASUPL11907	SUNGER PU PLAKA 27 DNS GRI 198X178X23,5 FLEXI DUZ	Adet
SAS-5581743944	2604040124	2	120577755	27 FLEXI DUZ GRI 188x158x23,5	2230	HASUPL11905	SUNGER PU PLAKA 27 DNS GRI 188X158X23,5 FLEXI DUZ	Adet
SAS-5581743944	2604040125	2	120577755	27 FLEXI DUZ GRI 188x158x23,5	2240	HASUPL11905	SUNGER PU PLAKA 27 DNS GRI 188X158X23,5 FLEXI DUZ	Adet
SAS-5581743944	2604040126	2	120577755	27 FLEXI DUZ GRI 188x158x23,5	2250	HASUPL11905	SUNGER PU PLAKA 27 DNS GRI 188X158X23,5 FLEXI DUZ	Adet
SAS-5581743944	2604040143	2	120577755	27 FLEXI DUZ GRI 188x158x23,5	2260	HASUPL11905	SUNGER PU PLAKA 27 DNS GRI 188X158X23,5 FLEXI DUZ	Adet
SAS-5581743944	2604040127	2	120577755	27 FLEXI DUZ GRI 188x158x23,5	2270	HASUPL11905	SUNGER PU PLAKA 27 DNS GRI 188X158X23,5 FLEXI DUZ	Adet
SAS-5581743944	2604032125	2	120577756	27 FLEXI DUZ GRI 198x158x23,5	2280	HASUPL11906	SUNGER PU PLAKA 27 DNS GRI 198X158X23,5 FLEXI DUZ	Adet
SAS-5581743944	2604032121	2	120577756	27 FLEXI DUZ GRI 198x158x23,5	2290	HASUPL11906	SUNGER PU PLAKA 27 DNS GRI 198X158X23,5 FLEXI DUZ	Adet
SAS-5581743944	2604040160	2	120577753	27 FLEXI DUZ GRI 188x88x18,5	2300	HASUPL11909	SUNGER PU PLAKA 27 DNS GRI 188X88X18,5 FLEXI DUZ	Adet
SAS-5581743944	2604040164	2	120577753	27 FLEXI DUZ GRI 188x88x18,5	2310	HASUPL11909	SUNGER PU PLAKA 27 DNS GRI 188X88X18,5 FLEXI DUZ	Adet
SAS-5581743944	2604040148	2	120577753	27 FLEXI DUZ GRI 188x88x18,5	2320	HASUPL11909	SUNGER PU PLAKA 27 DNS GRI 188X88X18,5 FLEXI DUZ	Adet
SAS-5581743944	2604040149	2	120577753	27 FLEXI DUZ GRI 188x88x18,5	2330	HASUPL11909	SUNGER PU PLAKA 27 DNS GRI 188X88X18,5 FLEXI DUZ	Adet
SAS-5581743944	2604040150	2	120577753	27 FLEXI DUZ GRI 188x88x18,5	2340	HASUPL11909	SUNGER PU PLAKA 27 DNS GRI 188X88X18,5 FLEXI DUZ	Adet
SAS-5581743944	2604040151	2	120577753	27 FLEXI DUZ GRI 188x88x18,5	2350	HASUPL11909	SUNGER PU PLAKA 27 DNS GRI 188X88X18,5 FLEXI DUZ	Adet
SAS-5581743944	2604040152	2	120577753	27 FLEXI DUZ GRI 188x88x18,5	2360	HASUPL11909	SUNGER PU PLAKA 27 DNS GRI 188X88X18,5 FLEXI DUZ	Adet
SAS-5581743944	2604040157	2	120577753	27 FLEXI DUZ GRI 188x88x18,5	2370	HASUPL11909	SUNGER PU PLAKA 27 DNS GRI 188X88X18,5 FLEXI DUZ	Adet
SAS-5581743944	2604040158	2	120577753	27 FLEXI DUZ GRI 188x88x18,5	2380	HASUPL11909	SUNGER PU PLAKA 27 DNS GRI 188X88X18,5 FLEXI DUZ	Adet
SAS-5581743944	2604040159	2	120577753	27 FLEXI DUZ GRI 188x88x18,5	2390	HASUPL11909	SUNGER PU PLAKA 27 DNS GRI 188X88X18,5 FLEXI DUZ	Adet
SAS-5581743944	2604031176	140	120006667	18 FLEXI RULO BEYAZ 220x0,8	2400	HASURL0046	SUNGER PU RULO 18 DNS BEYAZ 220X0,8 FLEXI DUZ	METRE
SAS-5581743944	2604031177	140	120006667	18 FLEXI RULO BEYAZ 220x0,8	2410	HASURL0046	SUNGER PU RULO 18 DNS BEYAZ 220X0,8 FLEXI DUZ	METRE
SAS-5581743944	2604031175	140	120006667	18 FLEXI RULO BEYAZ 220x0,8	2420	HASURL0046	SUNGER PU RULO 18 DNS BEYAZ 220X0,8 FLEXI DUZ	METRE
SAS-5581743944	2604031174	140	120006667	18 FLEXI RULO BEYAZ 220x0,8	2430	HASURL0046	SUNGER PU RULO 18 DNS BEYAZ 220X0,8 FLEXI DUZ	METRE
SAS-5581743944	2604031178	140	120006667	18 FLEXI RULO BEYAZ 220x0,8	2440	HASURL0046	SUNGER PU RULO 18 DNS BEYAZ 220X0,8 FLEXI DUZ	METRE
SAS-5581743944	2604031179	140	120006667	18 FLEXI RULO BEYAZ 220x0,8	2450	HASURL0046	SUNGER PU RULO 18 DNS BEYAZ 220X0,8 FLEXI DUZ	METRE
SAS-5581743944	2604031183	140	120006667	18 FLEXI RULO BEYAZ 220x0,8	2460	HASURL0046	SUNGER PU RULO 18 DNS BEYAZ 220X0,8 FLEXI DUZ	METRE
SAS-5581743944	2604031191	140	120006667	18 FLEXI RULO BEYAZ 220x0,8	2470	HASURL0046	SUNGER PU RULO 18 DNS BEYAZ 220X0,8 FLEXI DUZ	METRE
SAS-5581743944	2604031190	140	120006667	18 FLEXI RULO BEYAZ 220x0,8	2480	HASURL0046	SUNGER PU RULO 18 DNS BEYAZ 220X0,8 FLEXI DUZ	METRE
SAS-5581743944	2604031180	140	120006667	18 FLEXI RULO BEYAZ 220x0,8	2490	HASURL0046	SUNGER PU RULO 18 DNS BEYAZ 220X0,8 FLEXI DUZ	METRE
SAS-5581743944	2604031181	140	120006667	18 FLEXI RULO BEYAZ 220x0,8	2500	HASURL0046	SUNGER PU RULO 18 DNS BEYAZ 220X0,8 FLEXI DUZ	METRE
SAS-5581743944	2604031182	140	120006667	18 FLEXI RULO BEYAZ 220x0,8	2510	HASURL0046	SUNGER PU RULO 18 DNS BEYAZ 220X0,8 FLEXI DUZ	METRE
SAS-5581743944	2604031194	140	120006667	18 FLEXI RULO BEYAZ 220x0,8	2520	HASURL0046	SUNGER PU RULO 18 DNS BEYAZ 220X0,8 FLEXI DUZ	METRE
SAS-5581743944	2604031193	140	120006667	18 FLEXI RULO BEYAZ 220x0,8	2530	HASURL0046	SUNGER PU RULO 18 DNS BEYAZ 220X0,8 FLEXI DUZ	METRE
SAS-5581743944	2604022875	2	120577757	27 FLEXI DUZ GRI 198x178x23,5	2540	HASUPL11907	SUNGER PU PLAKA 27 DNS GRI 198X178X23,5 FLEXI DUZ	Adet
SAS-5581743944	2604042371	2	120577755	27 FLEXI DUZ GRI 188x158x23,5	2550	HASUPL11905	SUNGER PU PLAKA 27 DNS GRI 188X158X23,5 FLEXI DUZ	Adet
SAS-5581743944	2604040051	2	120577755	27 FLEXI DUZ GRI 188x158x23,5	2560	HASUPL11905	SUNGER PU PLAKA 27 DNS GRI 188X158X23,5 FLEXI DUZ	Adet
SAS-5581743944	2604040050	2	120577755	27 FLEXI DUZ GRI 188x158x23,5	2570	HASUPL11905	SUNGER PU PLAKA 27 DNS GRI 188X158X23,5 FLEXI DUZ	Adet
SAS-5581743944	2604040049	2	120577755	27 FLEXI DUZ GRI 188x158x23,5	2580	HASUPL11905	SUNGER PU PLAKA 27 DNS GRI 188X158X23,5 FLEXI DUZ	Adet
SAS-5581743944	2604040047	2	120577755	27 FLEXI DUZ GRI 188x158x23,5	2590	HASUPL11905	SUNGER PU PLAKA 27 DNS GRI 188X158X23,5 FLEXI DUZ	Adet
SAS-5581743944	2604040048	2	120577755	27 FLEXI DUZ GRI 188x158x23,5	2600	HASUPL11905	SUNGER PU PLAKA 27 DNS GRI 188X158X23,5 FLEXI DUZ	Adet
SAS-5581743944	2604031158	2	120578241	27 FLEXI DUZ GRI 198x178x20,5	2610	HASUPL11919	SUNGER PU PLAKA 27 DNS GRI 198X178X20,5 FLEXI DUZ	Adet
SAS-5581743944	2604031159	2	120578241	27 FLEXI DUZ GRI 198x178x20,5	2620	HASUPL11919	SUNGER PU PLAKA 27 DNS GRI 198X178X20,5 FLEXI DUZ	Adet
SAS-5581743944	2604031154	2	120578241	27 FLEXI DUZ GRI 198x178x20,5	2630	HASUPL11919	SUNGER PU PLAKA 27 DNS GRI 198X178X20,5 FLEXI DUZ	Adet
SAS-5581743944	2604040074	2	120577755	27 FLEXI DUZ GRI 188x158x23,5	2640	HASUPL11905	SUNGER PU PLAKA 27 DNS GRI 188X158X23,5 FLEXI DUZ	Adet
SAS-5581743944	2604040075	2	120577755	27 FLEXI DUZ GRI 188x158x23,5	2650	HASUPL11905	SUNGER PU PLAKA 27 DNS GRI 188X158X23,5 FLEXI DUZ	Adet
SAS-5581743944	2604040076	2	120577755	27 FLEXI DUZ GRI 188x158x23,5	2660	HASUPL11905	SUNGER PU PLAKA 27 DNS GRI 188X158X23,5 FLEXI DUZ	Adet
SAS-5581743944	2604040080	2	120577755	27 FLEXI DUZ GRI 188x158x23,5	2670	HASUPL11905	SUNGER PU PLAKA 27 DNS GRI 188X158X23,5 FLEXI DUZ	Adet
SAS-5581743944	2604040081	2	120577755	27 FLEXI DUZ GRI 188x158x23,5	2680	HASUPL11905	SUNGER PU PLAKA 27 DNS GRI 188X158X23,5 FLEXI DUZ	Adet
SAS-5581743944	2604032189	2	120577758	27 FLEXI DUZ GRI 198x198x23,5	2690	HASUPL11908	SUNGER PU PLAKA 27 DNS GRI 198X198X23,5 FLEXI DUZ	Adet
SAS-5581743944	2604032196	1	120577758	27 FLEXI DUZ GRI 198x198x23,5	2700	HASUPL11908	SUNGER PU PLAKA 27 DNS GRI 198X198X23,5 FLEXI DUZ	Adet
SAS-5581743944	2604032197	1	120577758	27 FLEXI DUZ GRI 198x198x23,5	2710	HASUPL11908	SUNGER PU PLAKA 27 DNS GRI 198X198X23,5 FLEXI DUZ	Adet
SAS-5581743944	2604032118	2	120577756	27 FLEXI DUZ GRI 198x158x23,5	2720	HASUPL11906	SUNGER PU PLAKA 27 DNS GRI 198X158X23,5 FLEXI DUZ	Adet
SAS-5581743944	2604032201	1	120577758	27 FLEXI DUZ GRI 198x198x23,5	2730	HASUPL11908	SUNGER PU PLAKA 27 DNS GRI 198X198X23,5 FLEXI DUZ	Adet
SAS-5581743944	2604040105	2	120577755	27 FLEXI DUZ GRI 188x158x23,5	2740	HASUPL11905	SUNGER PU PLAKA 27 DNS GRI 188X158X23,5 FLEXI DUZ	Adet
SAS-5581743944	2604040095	2	120577755	27 FLEXI DUZ GRI 188x158x23,5	2750	HASUPL11905	SUNGER PU PLAKA 27 DNS GRI 188X158X23,5 FLEXI DUZ	Adet
SAS-5581743944	2604040094	2	120577755	27 FLEXI DUZ GRI 188x158x23,5	2760	HASUPL11905	SUNGER PU PLAKA 27 DNS GRI 188X158X23,5 FLEXI DUZ	Adet
SAS-5581743944	2604040093	2	120577755	27 FLEXI DUZ GRI 188x158x23,5	2770	HASUPL11905	SUNGER PU PLAKA 27 DNS GRI 188X158X23,5 FLEXI DUZ	Adet
SAS-5581743944	2604040088	2	120577755	27 FLEXI DUZ GRI 188x158x23,5	2780	HASUPL11905	SUNGER PU PLAKA 27 DNS GRI 188X158X23,5 FLEXI DUZ	Adet
SAS-5581743944	2604040070	2	120577755	27 FLEXI DUZ GRI 188x158x23,5	2790	HASUPL11905	SUNGER PU PLAKA 27 DNS GRI 188X158X23,5 FLEXI DUZ	Adet
SAS-5581743944	2604040073	2	120577755	27 FLEXI DUZ GRI 188x158x23,5	2800	HASUPL11905	SUNGER PU PLAKA 27 DNS GRI 188X158X23,5 FLEXI DUZ	Adet
SAS-5581743944	2604040071	2	120577755	27 FLEXI DUZ GRI 188x158x23,5	2810	HASUPL11905	SUNGER PU PLAKA 27 DNS GRI 188X158X23,5 FLEXI DUZ	Adet
SAS-5581743944	2604040063	1	120577755	27 FLEXI DUZ GRI 188x158x23,5	2820	HASUPL11905	SUNGER PU PLAKA 27 DNS GRI 188X158X23,5 FLEXI DUZ	Adet
SAS-5581743944	2604040061	2	120577755	27 FLEXI DUZ GRI 188x158x23,5	2830	HASUPL11905	SUNGER PU PLAKA 27 DNS GRI 188X158X23,5 FLEXI DUZ	Adet
SAS-5581743944	2604032202	1	120577758	27 FLEXI DUZ GRI 198x198x23,5	2840	HASUPL11908	SUNGER PU PLAKA 27 DNS GRI 198X198X23,5 FLEXI DUZ	Adet
SAS-5581743944	2604032203	1	120577758	27 FLEXI DUZ GRI 198x198x23,5	2850	HASUPL11908	SUNGER PU PLAKA 27 DNS GRI 198X198X23,5 FLEXI DUZ	Adet
SAS-5581743944	2604032199	1	120577758	27 FLEXI DUZ GRI 198x198x23,5	2860	HASUPL11908	SUNGER PU PLAKA 27 DNS GRI 198X198X23,5 FLEXI DUZ	Adet
SAS-5581743944	2604032198	1	120577758	27 FLEXI DUZ GRI 198x198x23,5	2870	HASUPL11908	SUNGER PU PLAKA 27 DNS GRI 198X198X23,5 FLEXI DUZ	Adet
SAS-5581743944	2604042360	3	120577753	27 FLEXI DUZ GRI 188x88x18,5	2880	HASUPL11909	SUNGER PU PLAKA 27 DNS GRI 188X88X18,5 FLEXI DUZ	Adet
SAS-5581743944	2604032346	3	120577753	27 FLEXI DUZ GRI 188x88x18,5	2890	HASUPL11909	SUNGER PU PLAKA 27 DNS GRI 188X88X18,5 FLEXI DUZ	Adet
SAS-5581743944	2604042343	3	120577753	27 FLEXI DUZ GRI 188x88x18,5	2900	HASUPL11909	SUNGER PU PLAKA 27 DNS GRI 188X88X18,5 FLEXI DUZ	Adet
SAS-5581743944	2604042344	3	120577753	27 FLEXI DUZ GRI 188x88x18,5	2910	HASUPL11909	SUNGER PU PLAKA 27 DNS GRI 188X88X18,5 FLEXI DUZ	Adet
SAS-5581743944	2604042346	3	120577753	27 FLEXI DUZ GRI 188x88x18,5	2920	HASUPL11909	SUNGER PU PLAKA 27 DNS GRI 188X88X18,5 FLEXI DUZ	Adet
SAS-5581743944	2604042358	3	120577753	27 FLEXI DUZ GRI 188x88x18,5	2930	HASUPL11909	SUNGER PU PLAKA 27 DNS GRI 188X88X18,5 FLEXI DUZ	Adet
SAS-5581743944	2604042342	3	120577753	27 FLEXI DUZ GRI 188x88x18,5	2940	HASUPL11909	SUNGER PU PLAKA 27 DNS GRI 188X88X18,5 FLEXI DUZ	Adet
SAS-5581743944	2604042345	3	120577753	27 FLEXI DUZ GRI 188x88x18,5	2950	HASUPL11909	SUNGER PU PLAKA 27 DNS GRI 188X88X18,5 FLEXI DUZ	Adet
SAS-5581743944	2604042347	3	120577753	27 FLEXI DUZ GRI 188x88x18,5	2960	HASUPL11909	SUNGER PU PLAKA 27 DNS GRI 188X88X18,5 FLEXI DUZ	Adet
SAS-5581743944	2604042348	3	120577753	27 FLEXI DUZ GRI 188x88x18,5	2970	HASUPL11909	SUNGER PU PLAKA 27 DNS GRI 188X88X18,5 FLEXI DUZ	Adet
SAS-5581743944	2604042285	2	120577754	27 FLEXI DUZ GRI 188x138x23,5	2980	HASUPL11904	SUNGER PU PLAKA 27 DNS GRI 188X138X23,5 FLEXI DUZ	Adet
SAS-5581743944	2604042281	2	120577754	27 FLEXI DUZ GRI 188x138x23,5	2990	HASUPL11904	SUNGER PU PLAKA 27 DNS GRI 188X138X23,5 FLEXI DUZ	Adet
SAS-5581743944	2604042286	2	120577754	27 FLEXI DUZ GRI 188x138x23,5	3000	HASUPL11904	SUNGER PU PLAKA 27 DNS GRI 188X138X23,5 FLEXI DUZ	Adet
SAS-5581743944	2604042289	2	120577754	27 FLEXI DUZ GRI 188x138x23,5	3010	HASUPL11904	SUNGER PU PLAKA 27 DNS GRI 188X138X23,5 FLEXI DUZ	Adet
SAS-5581743944	2604042275	2	120577754	27 FLEXI DUZ GRI 188x138x23,5	3020	HASUPL11904	SUNGER PU PLAKA 27 DNS GRI 188X138X23,5 FLEXI DUZ	Adet
SAS-5581743944	2604042280	2	120577754	27 FLEXI DUZ GRI 188x138x23,5	3030	HASUPL11904	SUNGER PU PLAKA 27 DNS GRI 188X138X23,5 FLEXI DUZ	Adet
SAS-5581743944	2604042276	2	120577754	27 FLEXI DUZ GRI 188x138x23,5	3040	HASUPL11904	SUNGER PU PLAKA 27 DNS GRI 188X138X23,5 FLEXI DUZ	Adet
SAS-5581743944	2604032305	2	120577754	27 FLEXI DUZ GRI 188x138x23,5	3050	HASUPL11904	SUNGER PU PLAKA 27 DNS GRI 188X138X23,5 FLEXI DUZ	Adet
SAS-5581743944	2604032299	2	120577754	27 FLEXI DUZ GRI 188x138x23,5	3060	HASUPL11904	SUNGER PU PLAKA 27 DNS GRI 188X138X23,5 FLEXI DUZ	Adet
SAS-5581743944	2604032266	2	120577754	27 FLEXI DUZ GRI 188x138x23,5	3070	HASUPL11904	SUNGER PU PLAKA 27 DNS GRI 188X138X23,5 FLEXI DUZ	Adet
SAS-5581743944	2604032265	2	120577754	27 FLEXI DUZ GRI 188x138x23,5	3080	HASUPL11904	SUNGER PU PLAKA 27 DNS GRI 188X138X23,5 FLEXI DUZ	Adet
SAS-5581743944	2604032267	2	120577754	27 FLEXI DUZ GRI 188x138x23,5	3090	HASUPL11904	SUNGER PU PLAKA 27 DNS GRI 188X138X23,5 FLEXI DUZ	Adet
SAS-5581743944	2604032252	2	120578241	27 FLEXI DUZ GRI 198x178x20,5	3100	HASUPL11919	SUNGER PU PLAKA 27 DNS GRI 198X178X20,5 FLEXI DUZ	Adet
SAS-5581743944	2604032253	1	120578241	27 FLEXI DUZ GRI 198x178x20,5	3110	HASUPL11919	SUNGER PU PLAKA 27 DNS GRI 198X178X20,5 FLEXI DUZ	Adet
SAS-5581743944	2604032251	2	120578241	27 FLEXI DUZ GRI 198x178x20,5	3120	HASUPL11919	SUNGER PU PLAKA 27 DNS GRI 198X178X20,5 FLEXI DUZ	Adet
SAS-5581743944	2604061225	4	120047881	50 VISCO PE DUZ BEYAZ 198x158x5	3130	HASUPL02058	SUNGER VISCO PLAKA 50 DNS BEYAZ 198X158X5 NORMAL DUZ (KAPALI HUCRE)	Adet
SAS-5581743944	2604061229	4	120047881	50 VISCO PE DUZ BEYAZ 198x158x5	3140	HASUPL02058	SUNGER VISCO PLAKA 50 DNS BEYAZ 198X158X5 NORMAL DUZ (KAPALI HUCRE)	Adet
SAS-5581743944	2604061230	4	120047881	50 VISCO PE DUZ BEYAZ 198x158x5	3150	HASUPL02058	SUNGER VISCO PLAKA 50 DNS BEYAZ 198X158X5 NORMAL DUZ (KAPALI HUCRE)	Adet
SAS-5581743944	2604061231	4	120047881	50 VISCO PE DUZ BEYAZ 198x158x5	3160	HASUPL02058	SUNGER VISCO PLAKA 50 DNS BEYAZ 198X158X5 NORMAL DUZ (KAPALI HUCRE)	Adet
SAS-5581743944	2604061379	4	120047881	50 VISCO PE DUZ BEYAZ 198x158x5	3170	HASUPL02058	SUNGER VISCO PLAKA 50 DNS BEYAZ 198X158X5 NORMAL DUZ (KAPALI HUCRE)	Adet
SAS-5581743944	2604061378	4	120047881	50 VISCO PE DUZ BEYAZ 198x158x5	3180	HASUPL02058	SUNGER VISCO PLAKA 50 DNS BEYAZ 198X158X5 NORMAL DUZ (KAPALI HUCRE)	Adet
SAS-5581743944	2604061411	5	120047881	50 VISCO PE DUZ BEYAZ 198x158x5	3190	HASUPL02058	SUNGER VISCO PLAKA 50 DNS BEYAZ 198X158X5 NORMAL DUZ (KAPALI HUCRE)	Adet
SAS-5581743944	2604061392	5	120047881	50 VISCO PE DUZ BEYAZ 198x158x5	3200	HASUPL02058	SUNGER VISCO PLAKA 50 DNS BEYAZ 198X158X5 NORMAL DUZ (KAPALI HUCRE)	Adet
SAS-5581743944	2604061377	4	120047881	50 VISCO PE DUZ BEYAZ 198x158x5	3210	HASUPL02058	SUNGER VISCO PLAKA 50 DNS BEYAZ 198X158X5 NORMAL DUZ (KAPALI HUCRE)	Adet
SAS-5581743944	2603260645	15	120534552	27 FLEXI DUZ GRI 198x158x2,7	3220	HASUPL09619	SUNGER PU PLAKA 27 DNS GRI 198X158X2,7 FLEXI DUZ	Adet
SAS-5581743944	2603310220	5	120576753	32 VISCO PE DUZ BEYAZ 195x155x2,5	3230	HASUPL11415	SUNGER VISCO PLAKA 32 DNS BEYAZ 195X155X2,5 NORMAL DUZ (KAPALI HUCRE)	Adet
SAS-5581743944	2603250714	5	120058402	32 VISCO PE DUZ BEYAZ 198x158x5	3240	HASUPL02114	SUNGER VISCO PLAKA 32 DNS BEYAZ 198X158X5 NORMAL DUZ (KAPALI HUCRE)	Adet
SAS-5581743944	2603250708	5	120058402	32 VISCO PE DUZ BEYAZ 198x158x5	3250	HASUPL02114	SUNGER VISCO PLAKA 32 DNS BEYAZ 198X158X5 NORMAL DUZ (KAPALI HUCRE)	Adet
SAS-5581743944	2603270361	108	120211328	23 FLEXI BLOKCM MAVI 188x88	3260	HASUBL0283	SUNGER PU BLOK 23 DNS 190 NEWTON ACIK MAVI 188X88X120	M3
SAS-5581743944	2604031226	5	120047881	50 VISCO PE DUZ BEYAZ 198x158x5	3270	HASUPL02058	SUNGER VISCO PLAKA 50 DNS BEYAZ 198X158X5 NORMAL DUZ (KAPALI HUCRE)	Adet
SAS-5581743944	2604031227	5	120047881	50 VISCO PE DUZ BEYAZ 198x158x5	3280	HASUPL02058	SUNGER VISCO PLAKA 50 DNS BEYAZ 198X158X5 NORMAL DUZ (KAPALI HUCRE)	Adet
SAS-5581743944	2604050208	4	120048845	50 VISCO PE DUZ BEYAZ 198x178x5	3290	HASUPL02059	SUNGER VISCO PLAKA 50 DNS BEYAZ 198X178X5 NORMAL DUZ (KAPALI HUCRE)	Adet
SAS-5581743944	2604050207	5	120048845	50 VISCO PE DUZ BEYAZ 198x178x5	3300	HASUPL02059	SUNGER VISCO PLAKA 50 DNS BEYAZ 198X178X5 NORMAL DUZ (KAPALI HUCRE)	Adet
SAS-5581743944	2604050202	5	120048845	50 VISCO PE DUZ BEYAZ 198x178x5	3310	HASUPL02059	SUNGER VISCO PLAKA 50 DNS BEYAZ 198X178X5 NORMAL DUZ (KAPALI HUCRE)	Adet
SAS-5581743944	2603260642	12	120210504	27 FLEXI DUZ GRI 198x158x1,7	3320	HASUPL05321	SUNGER PU PLAKA 27 DNS GRI 198X158X1,7 FLEXI DUZ	Adet
SAS-5581743944	2604032308	2	120577756	27 FLEXI DUZ GRI 198x158x23,5	3330	HASUPL11906	SUNGER PU PLAKA 27 DNS GRI 198X158X23,5 FLEXI DUZ	Adet
SAS-5581743944	2604042359	3	120577753	27 FLEXI DUZ GRI 188x88x18,5	3340	HASUPL11909	SUNGER PU PLAKA 27 DNS GRI 188X88X18,5 FLEXI DUZ	Adet
SAS-5581743944	2604042272	2	120577754	27 FLEXI DUZ GRI 188x138x23,5	3350	HASUPL11904	SUNGER PU PLAKA 27 DNS GRI 188X138X23,5 FLEXI DUZ	Adet
SAS-5581743944	2604042370	2	120577755	27 FLEXI DUZ GRI 188x158x23,5	3360	HASUPL11905	SUNGER PU PLAKA 27 DNS GRI 188X158X23,5 FLEXI DUZ	Adet
SAS-5581743944	2604042369	2	120577755	27 FLEXI DUZ GRI 188x158x23,5	3370	HASUPL11905	SUNGER PU PLAKA 27 DNS GRI 188X158X23,5 FLEXI DUZ	Adet
SAS-5581743944	2604042368	2	120577755	27 FLEXI DUZ GRI 188x158x23,5	3380	HASUPL11905	SUNGER PU PLAKA 27 DNS GRI 188X158X23,5 FLEXI DUZ	Adet
SAS-5581743944	2604042367	2	120577755	27 FLEXI DUZ GRI 188x158x23,5	3390	HASUPL11905	SUNGER PU PLAKA 27 DNS GRI 188X158X23,5 FLEXI DUZ	Adet
SAS-5581743944	2604042274	2	120577754	27 FLEXI DUZ GRI 188x138x23,5	3400	HASUPL11904	SUNGER PU PLAKA 27 DNS GRI 188X138X23,5 FLEXI DUZ	Adet
SAS-5581743944	2604042273	2	120577754	27 FLEXI DUZ GRI 188x138x23,5	3410	HASUPL11904	SUNGER PU PLAKA 27 DNS GRI 188X138X23,5 FLEXI DUZ	Adet
SAS-5581743944	2604032032	2	120577756	27 FLEXI DUZ GRI 198x158x23,5	3420	HASUPL11906	SUNGER PU PLAKA 27 DNS GRI 198X158X23,5 FLEXI DUZ	Adet
SAS-5581743944	2604032030	2	120577756	27 FLEXI DUZ GRI 198x158x23,5	3430	HASUPL11906	SUNGER PU PLAKA 27 DNS GRI 198X158X23,5 FLEXI DUZ	Adet
SAS-5581743944	2604032152	2	120577756	27 FLEXI DUZ GRI 198x158x23,5	3440	HASUPL11906	SUNGER PU PLAKA 27 DNS GRI 198X158X23,5 FLEXI DUZ	Adet
SAS-5581743944	2604032029	2	120577756	27 FLEXI DUZ GRI 198x158x23,5	3450	HASUPL11906	SUNGER PU PLAKA 27 DNS GRI 198X158X23,5 FLEXI DUZ	Adet
SAS-5581743944	2604032028	2	120577756	27 FLEXI DUZ GRI 198x158x23,5	3460	HASUPL11906	SUNGER PU PLAKA 27 DNS GRI 198X158X23,5 FLEXI DUZ	Adet
SAS-5581743944	2604032014	2	120577756	27 FLEXI DUZ GRI 198x158x23,5	3470	HASUPL11906	SUNGER PU PLAKA 27 DNS GRI 198X158X23,5 FLEXI DUZ	Adet
SAS-5581743944	2604032015	2	120577756	27 FLEXI DUZ GRI 198x158x23,5	3480	HASUPL11906	SUNGER PU PLAKA 27 DNS GRI 198X158X23,5 FLEXI DUZ	Adet
SAS-5581743944	2604032016	2	120577756	27 FLEXI DUZ GRI 198x158x23,5	3490	HASUPL11906	SUNGER PU PLAKA 27 DNS GRI 198X158X23,5 FLEXI DUZ	Adet
SAS-5581743944	2604032017	2	120577756	27 FLEXI DUZ GRI 198x158x23,5	3500	HASUPL11906	SUNGER PU PLAKA 27 DNS GRI 198X158X23,5 FLEXI DUZ	Adet
SAS-5581743944	2604042365	2	120577754	27 FLEXI DUZ GRI 188x138x23,5	3510	HASUPL11904	SUNGER PU PLAKA 27 DNS GRI 188X138X23,5 FLEXI DUZ	Adet
SAS-5581743944	2604042364	2	120577754	27 FLEXI DUZ GRI 188x138x23,5	3520	HASUPL11904	SUNGER PU PLAKA 27 DNS GRI 188X138X23,5 FLEXI DUZ	Adet
SAS-5581743944	2604032013	2	120577756	27 FLEXI DUZ GRI 198x158x23,5	3530	HASUPL11906	SUNGER PU PLAKA 27 DNS GRI 198X158X23,5 FLEXI DUZ	Adet
SAS-5581743944	2604032010	2	120577756	27 FLEXI DUZ GRI 198x158x23,5	3540	HASUPL11906	SUNGER PU PLAKA 27 DNS GRI 198X158X23,5 FLEXI DUZ	Adet
SAS-5581743944	2604032009	2	120577756	27 FLEXI DUZ GRI 198x158x23,5	3550	HASUPL11906	SUNGER PU PLAKA 27 DNS GRI 198X158X23,5 FLEXI DUZ	Adet
SAS-5581743944	2604032011	2	120577756	27 FLEXI DUZ GRI 198x158x23,5	3560	HASUPL11906	SUNGER PU PLAKA 27 DNS GRI 198X158X23,5 FLEXI DUZ	Adet
SAS-5581743944	2604042366	2	120577755	27 FLEXI DUZ GRI 188x158x23,5	3570	HASUPL11905	SUNGER PU PLAKA 27 DNS GRI 188X158X23,5 FLEXI DUZ	Adet
SAS-5581743944	2604042267	1	120577756	27 FLEXI DUZ GRI 198x158x23,5	3580	HASUPL11906	SUNGER PU PLAKA 27 DNS GRI 198X158X23,5 FLEXI DUZ	Adet
SAS-5581743944	2604042271	2	120577754	27 FLEXI DUZ GRI 188x138x23,5	3590	HASUPL11904	SUNGER PU PLAKA 27 DNS GRI 188X138X23,5 FLEXI DUZ	Adet
SAS-5581743944	2604042277	2	120577754	27 FLEXI DUZ GRI 188x138x23,5	3600	HASUPL11904	SUNGER PU PLAKA 27 DNS GRI 188X138X23,5 FLEXI DUZ	Adet
SAS-5581743944	2604032306	2	120577756	27 FLEXI DUZ GRI 198x158x23,5	3610	HASUPL11906	SUNGER PU PLAKA 27 DNS GRI 198X158X23,5 FLEXI DUZ	Adet
SAS-5581743944	2604032369	2	120577754	27 FLEXI DUZ GRI 188x138x23,5	3620	HASUPL11904	SUNGER PU PLAKA 27 DNS GRI 188X138X23,5 FLEXI DUZ	Adet
SAS-5581743944	2604032376	2	120577754	27 FLEXI DUZ GRI 188x138x23,5	3630	HASUPL11904	SUNGER PU PLAKA 27 DNS GRI 188X138X23,5 FLEXI DUZ	Adet
SAS-5581743944	2604032289	2	120577754	27 FLEXI DUZ GRI 188x138x23,5	3640	HASUPL11904	SUNGER PU PLAKA 27 DNS GRI 188X138X23,5 FLEXI DUZ	Adet
SAS-5581743944	2604032378	2	120577754	27 FLEXI DUZ GRI 188x138x23,5	3650	HASUPL11904	SUNGER PU PLAKA 27 DNS GRI 188X138X23,5 FLEXI DUZ	Adet
SAS-5581743944	2604032285	2	120577754	27 FLEXI DUZ GRI 188x138x23,5	3660	HASUPL11904	SUNGER PU PLAKA 27 DNS GRI 188X138X23,5 FLEXI DUZ	Adet
SAS-5581743944	2604032290	2	120577754	27 FLEXI DUZ GRI 188x138x23,5	3670	HASUPL11904	SUNGER PU PLAKA 27 DNS GRI 188X138X23,5 FLEXI DUZ	Adet
SAS-5581743944	2604032291	2	120577754	27 FLEXI DUZ GRI 188x138x23,5	3680	HASUPL11904	SUNGER PU PLAKA 27 DNS GRI 188X138X23,5 FLEXI DUZ	Adet
SAS-5581743944	2604032333	2	120577754	27 FLEXI DUZ GRI 188x138x23,5	3690	HASUPL11904	SUNGER PU PLAKA 27 DNS GRI 188X138X23,5 FLEXI DUZ	Adet
SAS-5581743944	2604032334	2	120577754	27 FLEXI DUZ GRI 188x138x23,5	3700	HASUPL11904	SUNGER PU PLAKA 27 DNS GRI 188X138X23,5 FLEXI DUZ	Adet
SAS-5581743944	2604080989	36	120507296	23 FLEXI RULO BEYAZ 220x2,7	3710	HASURL0166	SUNGER PU RULO 23 DNS 190 NEWTON BEYAZ 220X2,7 DUZ	METRE
SAS-5581743944	2604080967	36	120507296	23 FLEXI RULO BEYAZ 220x2,7	3720	HASURL0166	SUNGER PU RULO 23 DNS 190 NEWTON BEYAZ 220X2,7 DUZ	METRE
SAS-5581743944	2604080966	36	120507296	23 FLEXI RULO BEYAZ 220x2,7	3730	HASURL0166	SUNGER PU RULO 23 DNS 190 NEWTON BEYAZ 220X2,7 DUZ	METRE
SAS-5581743944	2604080991	36	120507296	23 FLEXI RULO BEYAZ 220x2,7	3740	HASURL0166	SUNGER PU RULO 23 DNS 190 NEWTON BEYAZ 220X2,7 DUZ	METRE
SAS-5581743944	2604080965	36	120507296	23 FLEXI RULO BEYAZ 220x2,7	3750	HASURL0166	SUNGER PU RULO 23 DNS 190 NEWTON BEYAZ 220X2,7 DUZ	METRE
SAS-5581743944	2604080990	36	120507296	23 FLEXI RULO BEYAZ 220x2,7	3760	HASURL0166	SUNGER PU RULO 23 DNS 190 NEWTON BEYAZ 220X2,7 DUZ	METRE
SAS-5581743944	2604032298	2	120577754	27 FLEXI DUZ GRI 188x138x23,5	3770	HASUPL11904	SUNGER PU PLAKA 27 DNS GRI 188X138X23,5 FLEXI DUZ	Adet
SAS-5581743944	2604032301	2	120577754	27 FLEXI DUZ GRI 188x138x23,5	3780	HASUPL11904	SUNGER PU PLAKA 27 DNS GRI 188X138X23,5 FLEXI DUZ	Adet
SAS-5581743944	2604032300	2	120577754	27 FLEXI DUZ GRI 188x138x23,5	3790	HASUPL11904	SUNGER PU PLAKA 27 DNS GRI 188X138X23,5 FLEXI DUZ	Adet
SAS-5581743944	2604032368	2	120577754	27 FLEXI DUZ GRI 188x138x23,5	3800	HASUPL11904	SUNGER PU PLAKA 27 DNS GRI 188X138X23,5 FLEXI DUZ	Adet
SAS-5581743944	2604032321	2	120577754	27 FLEXI DUZ GRI 188x138x23,5	3810	HASUPL11904	SUNGER PU PLAKA 27 DNS GRI 188X138X23,5 FLEXI DUZ	Adet
SAS-5581743944	2604032322	2	120577754	27 FLEXI DUZ GRI 188x138x23,5	3820	HASUPL11904	SUNGER PU PLAKA 27 DNS GRI 188X138X23,5 FLEXI DUZ	Adet
SAS-5581743944	2604032323	2	120577754	27 FLEXI DUZ GRI 188x138x23,5	3830	HASUPL11904	SUNGER PU PLAKA 27 DNS GRI 188X138X23,5 FLEXI DUZ	Adet
SAS-5581743944	2604032324	2	120577754	27 FLEXI DUZ GRI 188x138x23,5	3840	HASUPL11904	SUNGER PU PLAKA 27 DNS GRI 188X138X23,5 FLEXI DUZ	Adet
SAS-5581743944	2604032375	2	120577754	27 FLEXI DUZ GRI 188x138x23,5	3850	HASUPL11904	SUNGER PU PLAKA 27 DNS GRI 188X138X23,5 FLEXI DUZ	Adet
SAS-5581743944	2604032348	2	120577753	27 FLEXI DUZ GRI 188x88x18,5	3860	HASUPL11909	SUNGER PU PLAKA 27 DNS GRI 188X88X18,5 FLEXI DUZ	Adet
SAS-5581743944	2604032264	2	120577754	27 FLEXI DUZ GRI 188x138x23,5	3870	HASUPL11904	SUNGER PU PLAKA 27 DNS GRI 188X138X23,5 FLEXI DUZ	Adet
SAS-5581743944	2604032262	2	120577754	27 FLEXI DUZ GRI 188x138x23,5	3880	HASUPL11904	SUNGER PU PLAKA 27 DNS GRI 188X138X23,5 FLEXI DUZ	Adet
SAS-5581743944	2604032296	2	120577754	27 FLEXI DUZ GRI 188x138x23,5	3890	HASUPL11904	SUNGER PU PLAKA 27 DNS GRI 188X138X23,5 FLEXI DUZ	Adet
SAS-5581743944	2604032263	2	120577754	27 FLEXI DUZ GRI 188x138x23,5	3900	HASUPL11904	SUNGER PU PLAKA 27 DNS GRI 188X138X23,5 FLEXI DUZ	Adet
SAS-5581743944	2604032260	2	120577754	27 FLEXI DUZ GRI 188x138x23,5	3910	HASUPL11904	SUNGER PU PLAKA 27 DNS GRI 188X138X23,5 FLEXI DUZ	Adet
SAS-5581743944	2604032377	2	120577754	27 FLEXI DUZ GRI 188x138x23,5	3920	HASUPL11904	SUNGER PU PLAKA 27 DNS GRI 188X138X23,5 FLEXI DUZ	Adet
SAS-5581743944	2604081007	36	120507296	23 FLEXI RULO BEYAZ 220x2,7	3930	HASURL0166	SUNGER PU RULO 23 DNS 190 NEWTON BEYAZ 220X2,7 DUZ	METRE
SAS-5581743944	2604081004	36	120507296	23 FLEXI RULO BEYAZ 220x2,7	3940	HASURL0166	SUNGER PU RULO 23 DNS 190 NEWTON BEYAZ 220X2,7 DUZ	METRE
SAS-5581743944	2604080976	36	120507296	23 FLEXI RULO BEYAZ 220x2,7	3950	HASURL0166	SUNGER PU RULO 23 DNS 190 NEWTON BEYAZ 220X2,7 DUZ	METRE
SAS-5581743944	2604080975	36	120507296	23 FLEXI RULO BEYAZ 220x2,7	3960	HASURL0166	SUNGER PU RULO 23 DNS 190 NEWTON BEYAZ 220X2,7 DUZ	METRE
SAS-5581743944	2604081005	36	120507296	23 FLEXI RULO BEYAZ 220x2,7	3970	HASURL0166	SUNGER PU RULO 23 DNS 190 NEWTON BEYAZ 220X2,7 DUZ	METRE
SAS-5581743944	2604081001	36	120507296	23 FLEXI RULO BEYAZ 220x2,7	3980	HASURL0166	SUNGER PU RULO 23 DNS 190 NEWTON BEYAZ 220X2,7 DUZ	METRE
SAS-5581743944	2604081003	36	120507296	23 FLEXI RULO BEYAZ 220x2,7	3990	HASURL0166	SUNGER PU RULO 23 DNS 190 NEWTON BEYAZ 220X2,7 DUZ	METRE
SAS-5581743944	2604081000	36	120507296	23 FLEXI RULO BEYAZ 220x2,7	4000	HASURL0166	SUNGER PU RULO 23 DNS 190 NEWTON BEYAZ 220X2,7 DUZ	METRE
SAS-5581743944	2604080997	36	120507296	23 FLEXI RULO BEYAZ 220x2,7	4010	HASURL0166	SUNGER PU RULO 23 DNS 190 NEWTON BEYAZ 220X2,7 DUZ	METRE
SAS-5581743944	2604080995	36	120507296	23 FLEXI RULO BEYAZ 220x2,7	4020	HASURL0166	SUNGER PU RULO 23 DNS 190 NEWTON BEYAZ 220X2,7 DUZ	METRE
SAS-5581743944	2604081267	25	120507296	23 FLEXI RULO BEYAZ 220x2,7	4030	HASURL0166	SUNGER PU RULO 23 DNS 190 NEWTON BEYAZ 220X2,7 DUZ	METRE
SAS-5581743944	2604080993	36	120507296	23 FLEXI RULO BEYAZ 220x2,7	4040	HASURL0166	SUNGER PU RULO 23 DNS 190 NEWTON BEYAZ 220X2,7 DUZ	METRE
SAS-5581743944	2604080972	36	120507296	23 FLEXI RULO BEYAZ 220x2,7	4050	HASURL0166	SUNGER PU RULO 23 DNS 190 NEWTON BEYAZ 220X2,7 DUZ	METRE
SAS-5581743944	2604080977	36	120507296	23 FLEXI RULO BEYAZ 220x2,7	4060	HASURL0166	SUNGER PU RULO 23 DNS 190 NEWTON BEYAZ 220X2,7 DUZ	METRE
SAS-5581743944	2604080962	36	120507296	23 FLEXI RULO BEYAZ 220x2,7	4070	HASURL0166	SUNGER PU RULO 23 DNS 190 NEWTON BEYAZ 220X2,7 DUZ	METRE
SAS-5581743944	2604080970	36	120507296	23 FLEXI RULO BEYAZ 220x2,7	4080	HASURL0166	SUNGER PU RULO 23 DNS 190 NEWTON BEYAZ 220X2,7 DUZ	METRE
SAS-5581743944	2604080969	36	120507296	23 FLEXI RULO BEYAZ 220x2,7	4090	HASURL0166	SUNGER PU RULO 23 DNS 190 NEWTON BEYAZ 220X2,7 DUZ	METRE
SAS-5581743944	2604080961	36	120507296	23 FLEXI RULO BEYAZ 220x2,7	4100	HASURL0166	SUNGER PU RULO 23 DNS 190 NEWTON BEYAZ 220X2,7 DUZ	METRE
SAS-5581743944	2604080964	36	120507296	23 FLEXI RULO BEYAZ 220x2,7	4110	HASURL0166	SUNGER PU RULO 23 DNS 190 NEWTON BEYAZ 220X2,7 DUZ	METRE
SAS-5581743944	2604080963	36	120507296	23 FLEXI RULO BEYAZ 220x2,7	4120	HASURL0166	SUNGER PU RULO 23 DNS 190 NEWTON BEYAZ 220X2,7 DUZ	METRE
SAS-5581743944	2604080959	36	120507296	23 FLEXI RULO BEYAZ 220x2,7	4130	HASURL0166	SUNGER PU RULO 23 DNS 190 NEWTON BEYAZ 220X2,7 DUZ	METRE
SAS-5581743944	2604080958	36	120507296	23 FLEXI RULO BEYAZ 220x2,7	4140	HASURL0166	SUNGER PU RULO 23 DNS 190 NEWTON BEYAZ 220X2,7 DUZ	METRE
SAS-5581743944	2604080960	36	120507296	23 FLEXI RULO BEYAZ 220x2,7	4150	HASURL0166	SUNGER PU RULO 23 DNS 190 NEWTON BEYAZ 220X2,7 DUZ	METRE
SAS-5581743944	2604081275	28	120507296	23 FLEXI RULO BEYAZ 220x2,7	4160	HASURL0166	SUNGER PU RULO 23 DNS 190 NEWTON BEYAZ 220X2,7 DUZ	METRE
SAS-5581743944	2604081268	36	120507296	23 FLEXI RULO BEYAZ 220x2,7	4170	HASURL0166	SUNGER PU RULO 23 DNS 190 NEWTON BEYAZ 220X2,7 DUZ	METRE
SAS-5581743944	2604080992	36	120507296	23 FLEXI RULO BEYAZ 220x2,7	4180	HASURL0166	SUNGER PU RULO 23 DNS 190 NEWTON BEYAZ 220X2,7 DUZ	METRE
SAS-5581743944	2604080994	36	120507296	23 FLEXI RULO BEYAZ 220x2,7	4190	HASURL0166	SUNGER PU RULO 23 DNS 190 NEWTON BEYAZ 220X2,7 DUZ	METRE
SAS-5581743944	2604080988	36	120507296	23 FLEXI RULO BEYAZ 220x2,7	4200	HASURL0166	SUNGER PU RULO 23 DNS 190 NEWTON BEYAZ 220X2,7 DUZ	METRE
SAS-5581743944	2604081273	36	120507296	23 FLEXI RULO BEYAZ 220x2,7	4210	HASURL0166	SUNGER PU RULO 23 DNS 190 NEWTON BEYAZ 220X2,7 DUZ	METRE
SAS-5581743944	2604081271	36	120507296	23 FLEXI RULO BEYAZ 220x2,7	4220	HASURL0166	SUNGER PU RULO 23 DNS 190 NEWTON BEYAZ 220X2,7 DUZ	METRE
SAS-5581743944	2604081274	36	120507296	23 FLEXI RULO BEYAZ 220x2,7	4230	HASURL0166	SUNGER PU RULO 23 DNS 190 NEWTON BEYAZ 220X2,7 DUZ	METRE
SAS-5581743944	2604040087	2	120577755	27 FLEXI DUZ GRI 188x158x23,5	4240	HASUPL11905	SUNGER PU PLAKA 27 DNS GRI 188X158X23,5 FLEXI DUZ	Adet
SAS-5581743944	2604072633	109	120238611	27 DURA BLOKCM GRI 198x188	4250	HASUBL0321	SUNGER PU BLOK 27 DNS GRI 198X188X120 DURA	M3
SAS-5581743944	2604072665	108	120575364	27 DURA BLOKCM GRI 198x192	4260	HASUBL0641	SUNGER PU BLOK 27 DNS GRI 198X192X120 DURA	M3
SAS-5581743944	2604072576	109	120575364	27 DURA BLOKCM GRI 198x192	4270	HASUBL0641	SUNGER PU BLOK 27 DNS GRI 198X192X120 DURA	M3
SAS-5581743944	2604072578	110	120575364	27 DURA BLOKCM GRI 198x192	4280	HASUBL0641	SUNGER PU BLOK 27 DNS GRI 198X192X120 DURA	M3
SAS-5581743944	2604072574	109	120575364	27 DURA BLOKCM GRI 198x192	4290	HASUBL0641	SUNGER PU BLOK 27 DNS GRI 198X192X120 DURA	M3
SAS-5581743944	2604072594	109	120575364	27 DURA BLOKCM GRI 198x192	4300	HASUBL0641	SUNGER PU BLOK 27 DNS GRI 198X192X120 DURA	M3
SAS-5581743944	2604072575	109	120575364	27 DURA BLOKCM GRI 198x192	4310	HASUBL0641	SUNGER PU BLOK 27 DNS GRI 198X192X120 DURA	M3
SAS-5581743944	2604072577	109	120575364	27 DURA BLOKCM GRI 198x192	4320	HASUBL0641	SUNGER PU BLOK 27 DNS GRI 198X192X120 DURA	M3
SAS-5581743944	2604072691	109	120568913	27 DURA BLOKCM GRI 198x161	4330	HASUBL0605	SUNGER PU BLOK 27 DNS GRI 198X161X120 DURA	M3
SAS-5581743944	2604072675	108	120547525	27 DURA BLOKCM GRI 198x181	4340	HASUBL0398	SUNGER PU BLOK 27 DNS GRI 198X181X120 DURA	M3
SAS-5581743944	2604072670	108	120238611	27 DURA BLOKCM GRI 198x188	4350	HASUBL0321	SUNGER PU BLOK 27 DNS GRI 198X188X120 DURA	M3
SAS-5581743944	2604072595	109	120575364	27 DURA BLOKCM GRI 198x192	4360	HASUBL0641	SUNGER PU BLOK 27 DNS GRI 198X192X120 DURA	M3
SAS-5581743944	2604072735	108	120565279	27 DURA BLOKCM GRI 198x70	4370	HASUBL0534	SUNGER PU BLOK 27 DNS GRI 198X70X120 DURA	M3
SAS-5581743944	2604072725	108	120576991	27 DURA BLOKCM GRI 198x131	4380	HASUBL0647	SUNGER PU BLOK 27 DNS GRI 198X131X120 DURA	M3
SAS-5581743944	2604072730	108	120568912	27 DURA BLOKCM GRI 198x100	4390	HASUBL0604	SUNGER PU BLOK 27 DNS GRI 198X100X120 DURA	M3
SAS-5581743944	2604072592	109	120575364	27 DURA BLOKCM GRI 198x192	4400	HASUBL0641	SUNGER PU BLOK 27 DNS GRI 198X192X120 DURA	M3
SAS-5581743944	2604072593	109	120575364	27 DURA BLOKCM GRI 198x192	4410	HASUBL0641	SUNGER PU BLOK 27 DNS GRI 198X192X120 DURA	M3
SAS-5581743944	2604072596	109	120575364	27 DURA BLOKCM GRI 198x192	4420	HASUBL0641	SUNGER PU BLOK 27 DNS GRI 198X192X120 DURA	M3
SAS-5581743944	2604072603	109	120575364	27 DURA BLOKCM GRI 198x192	4430	HASUBL0641	SUNGER PU BLOK 27 DNS GRI 198X192X120 DURA	M3
SAS-5581743944	2604072604	109	120575364	27 DURA BLOKCM GRI 198x192	4440	HASUBL0641	SUNGER PU BLOK 27 DNS GRI 198X192X120 DURA	M3
SAS-5581743944	2604072622	109	120575364	27 DURA BLOKCM GRI 198x192	4450	HASUBL0641	SUNGER PU BLOK 27 DNS GRI 198X192X120 DURA	M3
SAS-5581743944	2604072621	109	120575364	27 DURA BLOKCM GRI 198x192	4460	HASUBL0641	SUNGER PU BLOK 27 DNS GRI 198X192X120 DURA	M3
SAS-5581743944	2604072605	109	120575364	27 DURA BLOKCM GRI 198x192	4470	HASUBL0641	SUNGER PU BLOK 27 DNS GRI 198X192X120 DURA	M3
SAS-5581743944	2604072705	109	120563803	27 DURA BLOKCM GRI 198x136	4480	HASUBL0515	SUNGER PU BLOK 27 DNS GRI 198X136X120 DURA	M3
SAS-5581743944	2604072709	109	120563803	27 DURA BLOKCM GRI 198x136	4490	HASUBL0515	SUNGER PU BLOK 27 DNS GRI 198X136X120 DURA	M3
SAS-5581743944	2604072702	109	120245701	27 DURA BLOKCM GRI 198x144	4500	HASUBL0346	SUNGER PU BLOK 27 DNS GRI 198X144X120 DURA	M3
SAS-5581743944	2604072710	109	120563803	27 DURA BLOKCM GRI 198x136	4510	HASUBL0515	SUNGER PU BLOK 27 DNS GRI 198X136X120 DURA	M3
SAS-5581743944	2604072724	108	120576991	27 DURA BLOKCM GRI 198x131	4520	HASUBL0647	SUNGER PU BLOK 27 DNS GRI 198X131X120 DURA	M3
SAS-5581743944	2604072733	108	120565279	27 DURA BLOKCM GRI 198x70	4530	HASUBL0534	SUNGER PU BLOK 27 DNS GRI 198X70X120 DURA	M3
SAS-5581743944	2604072734	108	120565279	27 DURA BLOKCM GRI 198x70	4540	HASUBL0534	SUNGER PU BLOK 27 DNS GRI 198X70X120 DURA	M3
SAS-5581743944	2604072759	106	120565516	27 DURA BLOKCM GRI 200x198	4550	HASUBL0540	SUNGER PU BLOK 27 DNS GRI 200X198X120 DURA	M3
SAS-5581743944	2604040086	2	120577755	27 FLEXI DUZ GRI 188x158x23,5	4560	HASUPL11905	SUNGER PU PLAKA 27 DNS GRI 188X158X23,5 FLEXI DUZ	Adet
SAS-5581743944	2604040085	2	120577755	27 FLEXI DUZ GRI 188x158x23,5	4570	HASUPL11905	SUNGER PU PLAKA 27 DNS GRI 188X158X23,5 FLEXI DUZ	Adet
SAS-5581743944	2604040083	2	120577755	27 FLEXI DUZ GRI 188x158x23,5	4580	HASUPL11905	SUNGER PU PLAKA 27 DNS GRI 188X158X23,5 FLEXI DUZ	Adet
SAS-5581743944	2604040082	2	120577755	27 FLEXI DUZ GRI 188x158x23,5	4590	HASUPL11905	SUNGER PU PLAKA 27 DNS GRI 188X158X23,5 FLEXI DUZ	Adet
SAS-5581743944	2604080973	36	120507296	23 FLEXI RULO BEYAZ 220x2,7	4600	HASURL0166	SUNGER PU RULO 23 DNS 190 NEWTON BEYAZ 220X2,7 DUZ	METRE
SAS-5581743944	2604081188	36	120507296	23 FLEXI RULO BEYAZ 220x2,7	4610	HASURL0166	SUNGER PU RULO 23 DNS 190 NEWTON BEYAZ 220X2,7 DUZ	METRE
SAS-5581743944	2604080980	36	120507296	23 FLEXI RULO BEYAZ 220x2,7	4620	HASURL0166	SUNGER PU RULO 23 DNS 190 NEWTON BEYAZ 220X2,7 DUZ	METRE
SAS-5581743944	2604081272	36	120507296	23 FLEXI RULO BEYAZ 220x2,7	4630	HASURL0166	SUNGER PU RULO 23 DNS 190 NEWTON BEYAZ 220X2,7 DUZ	METRE
SAS-5581743944	2604080979	36	120507296	23 FLEXI RULO BEYAZ 220x2,7	4640	HASURL0166	SUNGER PU RULO 23 DNS 190 NEWTON BEYAZ 220X2,7 DUZ	METRE
SAS-5581743944	2604081270	36	120507296	23 FLEXI RULO BEYAZ 220x2,7	4650	HASURL0166	SUNGER PU RULO 23 DNS 190 NEWTON BEYAZ 220X2,7 DUZ	METRE
SAS-5581743944	2604081269	36	120507296	23 FLEXI RULO BEYAZ 220x2,7	4660	HASURL0166	SUNGER PU RULO 23 DNS 190 NEWTON BEYAZ 220X2,7 DUZ	METRE
SAS-5581743944	2604081189	36	120507296	23 FLEXI RULO BEYAZ 220x2,7	4670	HASURL0166	SUNGER PU RULO 23 DNS 190 NEWTON BEYAZ 220X2,7 DUZ	METRE
SAS-5581743944	2604081187	36	120507296	23 FLEXI RULO BEYAZ 220x2,7	4680	HASURL0166	SUNGER PU RULO 23 DNS 190 NEWTON BEYAZ 220X2,7 DUZ	METRE
SAS-5581743944	2604081190	36	120507296	23 FLEXI RULO BEYAZ 220x2,7	4690	HASURL0166	SUNGER PU RULO 23 DNS 190 NEWTON BEYAZ 220X2,7 DUZ	METRE
SAS-5581743944	2604081197	36	120507296	23 FLEXI RULO BEYAZ 220x2,7	4700	HASURL0166	SUNGER PU RULO 23 DNS 190 NEWTON BEYAZ 220X2,7 DUZ	METRE
SAS-5581743944	2604081198	36	120507296	23 FLEXI RULO BEYAZ 220x2,7	4710	HASURL0166	SUNGER PU RULO 23 DNS 190 NEWTON BEYAZ 220X2,7 DUZ	METRE
SAS-5581743944	2604072669	108	120238611	27 DURA BLOKCM GRI 198x188	4720	HASUBL0321	SUNGER PU BLOK 27 DNS GRI 198X188X120 DURA	M3
SAS-5581743944	2604072672	108	120238611	27 DURA BLOKCM GRI 198x188	4730	HASUBL0321	SUNGER PU BLOK 27 DNS GRI 198X188X120 DURA	M3
SAS-5581743944	2603301701	10	120576754	32 VISCO PE DUZ BEYAZ 195x175x2,5	4740	HASUPL11416	SUNGER VISCO PLAKA 32 DNS BEYAZ 195X175X2,5 NORMAL DUZ (KAPALI HUCRE)	Adet
SAS-5581743944	2604080983	36	120507296	23 FLEXI RULO BEYAZ 220x2,7	4750	HASURL0166	SUNGER PU RULO 23 DNS 190 NEWTON BEYAZ 220X2,7 DUZ	METRE
SAS-5581743944	2604081192	36	120507296	23 FLEXI RULO BEYAZ 220x2,7	4760	HASURL0166	SUNGER PU RULO 23 DNS 190 NEWTON BEYAZ 220X2,7 DUZ	METRE
SAS-5581743944	2604081193	36	120507296	23 FLEXI RULO BEYAZ 220x2,7	4770	HASURL0166	SUNGER PU RULO 23 DNS 190 NEWTON BEYAZ 220X2,7 DUZ	METRE
SAS-5581743944	2604081191	36	120507296	23 FLEXI RULO BEYAZ 220x2,7	4780	HASURL0166	SUNGER PU RULO 23 DNS 190 NEWTON BEYAZ 220X2,7 DUZ	METRE
SAS-5581743944	2604080986	36	120507296	23 FLEXI RULO BEYAZ 220x2,7	4790	HASURL0166	SUNGER PU RULO 23 DNS 190 NEWTON BEYAZ 220X2,7 DUZ	METRE
SAS-5581743944	2604080985	36	120507296	23 FLEXI RULO BEYAZ 220x2,7	4800	HASURL0166	SUNGER PU RULO 23 DNS 190 NEWTON BEYAZ 220X2,7 DUZ	METRE
SAS-5581743944	2604080982	36	120507296	23 FLEXI RULO BEYAZ 220x2,7	4810	HASURL0166	SUNGER PU RULO 23 DNS 190 NEWTON BEYAZ 220X2,7 DUZ	METRE
SAS-5581743944	2604080987	36	120507296	23 FLEXI RULO BEYAZ 220x2,7	4820	HASURL0166	SUNGER PU RULO 23 DNS 190 NEWTON BEYAZ 220X2,7 DUZ	METRE
SAS-5581743944	2604081195	36	120507296	23 FLEXI RULO BEYAZ 220x2,7	4830	HASURL0166	SUNGER PU RULO 23 DNS 190 NEWTON BEYAZ 220X2,7 DUZ	METRE
SAS-5581743944	2604081196	36	120507296	23 FLEXI RULO BEYAZ 220x2,7	4840	HASURL0166	SUNGER PU RULO 23 DNS 190 NEWTON BEYAZ 220X2,7 DUZ	METRE
SAS-5581743944	2604081186	36	120507296	23 FLEXI RULO BEYAZ 220x2,7	4850	HASURL0166	SUNGER PU RULO 23 DNS 190 NEWTON BEYAZ 220X2,7 DUZ	METRE
SAS-5581743944	2604081199	36	120507296	23 FLEXI RULO BEYAZ 220x2,7	4860	HASURL0166	SUNGER PU RULO 23 DNS 190 NEWTON BEYAZ 220X2,7 DUZ	METRE
SAS-5581743944	2604091629	110	120568080	27 SOFT BLOKCM GRI 195x145	4870	HASUBL0592	SUNGER PU BLOK 27 DNS GRI 195x145X120 SOFT	M3
SAS-5581743944	2604091630	110	120568080	27 SOFT BLOKCM GRI 195x145	4880	HASUBL0592	SUNGER PU BLOK 27 DNS GRI 195x145X120 SOFT	M3
SAS-5581743944	2604091628	110	120568080	27 SOFT BLOKCM GRI 195x145	4890	HASUBL0592	SUNGER PU BLOK 27 DNS GRI 195x145X120 SOFT	M3
SAS-5581743944	2604091631	110	120568080	27 SOFT BLOKCM GRI 195x145	4900	HASUBL0592	SUNGER PU BLOK 27 DNS GRI 195x145X120 SOFT	M3
SAS-5581743944	2604091701	113	120551942	23 FLEXI BLOKCM MAVI 198x148	4910	HASUBL0419	SUNGER PU BLOK 23 DNS 190 NEWTON ACIK MAVI 198X148X120	M3
SAS-5581743944	2604091702	113	120551942	23 FLEXI BLOKCM MAVI 198x148	4920	HASUBL0419	SUNGER PU BLOK 23 DNS 190 NEWTON ACIK MAVI 198X148X120	M3
SAS-5581743944	2604091746	113	120551942	23 FLEXI BLOKCM MAVI 198x148	4930	HASUBL0419	SUNGER PU BLOK 23 DNS 190 NEWTON ACIK MAVI 198X148X120	M3
SAS-5581743944	2604091745	113	120551942	23 FLEXI BLOKCM MAVI 198x148	4940	HASUBL0419	SUNGER PU BLOK 23 DNS 190 NEWTON ACIK MAVI 198X148X120	M3
SAS-5581743944	2604082186	108	120577931	27 DURA BLOKCM GRI 192x134	4950	HASUBL0657	SUNGER PU BLOK 27 DNS GRI 192X134X120 DURA	M3
SAS-5581743944	2604082195	108	120577929	27 DURA BLOKCM GRI 192x121	4960	HASUBL0656	SUNGER PU BLOK 27 DNS GRI 192X121X120 DURA	M3
SAS-5581743944	2604082187	108	120577931	27 DURA BLOKCM GRI 192x134	4970	HASUBL0657	SUNGER PU BLOK 27 DNS GRI 192X134X120 DURA	M3
SAS-5581743944	2604082192	108	120577929	27 DURA BLOKCM GRI 192x121	4980	HASUBL0656	SUNGER PU BLOK 27 DNS GRI 192X121X120 DURA	M3
SAS-5581743944	2604082193	108	120577929	27 DURA BLOKCM GRI 192x121	4990	HASUBL0656	SUNGER PU BLOK 27 DNS GRI 192X121X120 DURA	M3
SAS-5581743944	2604091670	110	120210363	23 FLEXI BLOKCM MAVI 198x178	5000	HASUBL0292	SUNGER PU BLOK 23 DNS 190 NEWTON ACIK MAVI 198X178X120	M3
SAS-5581743944	2604091693	109	120210362	23 FLEXI BLOKCM MAVI 198x158	5010	HASUBL0282	SUNGER PU BLOK 23 DNS 190 NEWTON ACIK MAVI 198X158X120	M3
SAS-5581743944	2604091688	109	120210362	23 FLEXI BLOKCM MAVI 198x158	5020	HASUBL0282	SUNGER PU BLOK 23 DNS 190 NEWTON ACIK MAVI 198X158X120	M3
SAS-5581743944	2604091400	108	120554968	27 SOFT BLOKCM GRI 188x135	5030	HASUBL0110	SUNGER PU BLOK 27 DNS GRI 188X135X120 SOFT	M3
SAS-5581743944	2604091453	90	120568079	27 SOFT BLOKCM GRI 185x132	5040	HASUBL0591	SUNGER PU BLOK 27 DNS ACIK GRI 185X132X120 SOFT	M3
SAS-5581743944	2604091444	100	120568079	27 SOFT BLOKCM GRI 185x132	5050	HASUBL0591	SUNGER PU BLOK 27 DNS ACIK GRI 185X132X120 SOFT	M3
SAS-5581743944	2604091445	100	120568079	27 SOFT BLOKCM GRI 185x132	5060	HASUBL0591	SUNGER PU BLOK 27 DNS ACIK GRI 185X132X120 SOFT	M3
SAS-5581743944	2604091403	108	120201418	27 SOFT BLOKCM GRI 188x133	5070	HASUBL0083	SUNGER PU BLOK 27 DNS GRI 188X133X120 SOFT	M3
SAS-5581743944	2604091413	108	120201418	27 SOFT BLOKCM GRI 188x133	5080	HASUBL0083	SUNGER PU BLOK 27 DNS GRI 188X133X120 SOFT	M3
SAS-5581743944	2604091407	108	120201418	27 SOFT BLOKCM GRI 188x133	5090	HASUBL0083	SUNGER PU BLOK 27 DNS GRI 188X133X120 SOFT	M3
SAS-5581743944	2604091402	108	120201418	27 SOFT BLOKCM GRI 188x133	5100	HASUBL0083	SUNGER PU BLOK 27 DNS GRI 188X133X120 SOFT	M3
SAS-5581743944	2604091425	107	120201418	27 SOFT BLOKCM GRI 188x133	5110	HASUBL0083	SUNGER PU BLOK 27 DNS GRI 188X133X120 SOFT	M3
SAS-5581743944	2604091412	108	120201418	27 SOFT BLOKCM GRI 188x133	5120	HASUBL0083	SUNGER PU BLOK 27 DNS GRI 188X133X120 SOFT	M3
SAS-5581743944	2604091430	106	120201418	27 SOFT BLOKCM GRI 188x133	5130	HASUBL0083	SUNGER PU BLOK 27 DNS GRI 188X133X120 SOFT	M3
SAS-5581743944	2604091424	107	120201418	27 SOFT BLOKCM GRI 188x133	5140	HASUBL0083	SUNGER PU BLOK 27 DNS GRI 188X133X120 SOFT	M3
SAS-5581743944	2604091437	106	120566847	27 SOFT BLOKCM GRI 188x95	5150	HASUBL0569	SUNGER PU BLOK 27 DNS GRI 188X95X120 SOFT	M3
SAS-5581743944	2604091440	106	120566847	27 SOFT BLOKCM GRI 188x95	5160	HASUBL0569	SUNGER PU BLOK 27 DNS GRI 188X95X120 SOFT	M3
SAS-5581743944	2604091438	106	120566847	27 SOFT BLOKCM GRI 188x95	5170	HASUBL0569	SUNGER PU BLOK 27 DNS GRI 188X95X120 SOFT	M3
SAS-5581743944	2604091439	106	120566847	27 SOFT BLOKCM GRI 188x95	5180	HASUBL0569	SUNGER PU BLOK 27 DNS GRI 188X95X120 SOFT	M3
SAS-5581743944	2604091434	106	120566847	27 SOFT BLOKCM GRI 188x95	5190	HASUBL0569	SUNGER PU BLOK 27 DNS GRI 188X95X120 SOFT	M3
SAS-5581743944	2604091690	109	120210362	23 FLEXI BLOKCM MAVI 198x158	5200	HASUBL0282	SUNGER PU BLOK 23 DNS 190 NEWTON ACIK MAVI 198X158X120	M3
SAS-5581743944	2604090501	375	121010783	28 CRIP5 RULO BEYAZ 220x0,3	5210	HASURL0100	SUNGER PU RULO 28 DNS FR BEYAZ 230X0,3 DUZ	METRE
SAS-5581743944	2604090502	375	121010783	28 CRIP5 RULO BEYAZ 220x0,3	5220	HASURL0100	SUNGER PU RULO 28 DNS FR BEYAZ 230X0,3 DUZ	METRE
SAS-5581743944	2604090650	375	121010783	28 CRIP5 RULO BEYAZ 220x0,3	5230	HASURL0100	SUNGER PU RULO 28 DNS FR BEYAZ 230X0,3 DUZ	METRE
SAS-5581743944	2604090385	375	121010783	28 CRIP5 RULO BEYAZ 220x0,3	5240	HASURL0100	SUNGER PU RULO 28 DNS FR BEYAZ 230X0,3 DUZ	METRE
SAS-5581743944	2604090383	375	121010783	28 CRIP5 RULO BEYAZ 220x0,3	5250	HASURL0100	SUNGER PU RULO 28 DNS FR BEYAZ 230X0,3 DUZ	METRE
SAS-5581743944	2604090386	375	121010783	28 CRIP5 RULO BEYAZ 220x0,3	5260	HASURL0100	SUNGER PU RULO 28 DNS FR BEYAZ 230X0,3 DUZ	METRE
SAS-5581743944	2604090384	375	121010783	28 CRIP5 RULO BEYAZ 220x0,3	5270	HASURL0100	SUNGER PU RULO 28 DNS FR BEYAZ 230X0,3 DUZ	METRE
SAS-5581743944	2604090562	375	121010783	28 CRIP5 RULO BEYAZ 220x0,3	5280	HASURL0100	SUNGER PU RULO 28 DNS FR BEYAZ 230X0,3 DUZ	METRE
SAS-5581743944	2604090651	375	121010783	28 CRIP5 RULO BEYAZ 220x0,3	5290	HASURL0100	SUNGER PU RULO 28 DNS FR BEYAZ 230X0,3 DUZ	METRE
SAS-5581743944	2604090338	375	121010783	28 CRIP5 RULO BEYAZ 220x0,3	5300	HASURL0100	SUNGER PU RULO 28 DNS FR BEYAZ 230X0,3 DUZ	METRE
SAS-5581743944	2604090565	375	121010783	28 CRIP5 RULO BEYAZ 220x0,3	5310	HASURL0100	SUNGER PU RULO 28 DNS FR BEYAZ 230X0,3 DUZ	METRE
SAS-5581743944	2604090563	375	121010783	28 CRIP5 RULO BEYAZ 220x0,3	5320	HASURL0100	SUNGER PU RULO 28 DNS FR BEYAZ 230X0,3 DUZ	METRE
SAS-5581743944	2604090339	375	121010783	28 CRIP5 RULO BEYAZ 220x0,3	5330	HASURL0100	SUNGER PU RULO 28 DNS FR BEYAZ 230X0,3 DUZ	METRE
SAS-5581743944	2604090652	375	121010783	28 CRIP5 RULO BEYAZ 220x0,3	5340	HASURL0100	SUNGER PU RULO 28 DNS FR BEYAZ 230X0,3 DUZ	METRE
SAS-5581743944	2604090564	375	121010783	28 CRIP5 RULO BEYAZ 220x0,3	5350	HASURL0100	SUNGER PU RULO 28 DNS FR BEYAZ 230X0,3 DUZ	METRE
SAS-5581743944	2604090340	375	121010783	28 CRIP5 RULO BEYAZ 220x0,3	5360	HASURL0100	SUNGER PU RULO 28 DNS FR BEYAZ 230X0,3 DUZ	METRE
SAS-5581743944	2604090499	375	121010783	28 CRIP5 RULO BEYAZ 220x0,3	5370	HASURL0100	SUNGER PU RULO 28 DNS FR BEYAZ 230X0,3 DUZ	METRE
SAS-5581743944	2604090341	375	121010783	28 CRIP5 RULO BEYAZ 220x0,3	5380	HASURL0100	SUNGER PU RULO 28 DNS FR BEYAZ 230X0,3 DUZ	METRE
SAS-5581743944	2604090500	375	121010783	28 CRIP5 RULO BEYAZ 220x0,3	5390	HASURL0100	SUNGER PU RULO 28 DNS FR BEYAZ 230X0,3 DUZ	METRE
SAS-5581743944	2604090344	375	121010783	28 CRIP5 RULO BEYAZ 220x0,3	5400	HASURL0100	SUNGER PU RULO 28 DNS FR BEYAZ 230X0,3 DUZ	METRE
SAS-5581743944	2604090343	375	121010783	28 CRIP5 RULO BEYAZ 220x0,3	5410	HASURL0100	SUNGER PU RULO 28 DNS FR BEYAZ 230X0,3 DUZ	METRE
SAS-5581743944	2604090443	229	121010783	28 CRIP5 RULO BEYAZ 220x0,3	5420	HASURL0100	SUNGER PU RULO 28 DNS FR BEYAZ 230X0,3 DUZ	METRE
SAS-5581743944	2604090739	315	121010783	28 CRIP5 RULO BEYAZ 220x0,3	5430	HASURL0100	SUNGER PU RULO 28 DNS FR BEYAZ 230X0,3 DUZ	METRE
SAS-5581743944	2604082196	108	120578470	27 DURA BLOKCM GRI 192x124	5440	HASUBL0690	SUNGER PU BLOK 27 DNS GRI 192X124X120 DURA	M3
SAS-5581743944	2604082194	108	120577929	27 DURA BLOKCM GRI 192x121	5450	HASUBL0656	SUNGER PU BLOK 27 DNS GRI 192X121X120 DURA	M3
SAS-5581743944	2604082200	103	120575365	27 DURA BLOKCM GRI 192x74	5460	HASUBL0640	SUNGER PU BLOK 27 DNS GRI 192X74X120 DURA	M3
SAS-5581743944	2604082199	106	120578471	27 DURA BLOKCM GRI 192x144	5470	HASUBL0691	SUNGER PU BLOK 27 DNS GRI 192X144X120 DURA	M3
SAS-5581743944	2604082197	108	120575365	27 DURA BLOKCM GRI 192x74	5480	HASUBL0640	SUNGER PU BLOK 27 DNS GRI 192X74X120 DURA	M3
SAS-5581743944	2604082198	106	120577696	27 DURA BLOKCM GRI 192x188	5490	HASUBL0652	SUNGER PU BLOK 27 DNS GRI 192X188X120 DURA	M3
SAS-5581743944	2604091704	113	120551942	23 FLEXI BLOKCM MAVI 198x148	5500	HASUBL0419	SUNGER PU BLOK 23 DNS 190 NEWTON ACIK MAVI 198X148X120	M3
SAS-5581743944	2604091705	113	120551942	23 FLEXI BLOKCM MAVI 198x148	5510	HASUBL0419	SUNGER PU BLOK 23 DNS 190 NEWTON ACIK MAVI 198X148X120	M3
SAS-5581743944	2604091686	109	120210362	23 FLEXI BLOKCM MAVI 198x158	5520	HASUBL0282	SUNGER PU BLOK 23 DNS 190 NEWTON ACIK MAVI 198X158X120	M3
SAS-5581743944	2604091687	109	120210362	23 FLEXI BLOKCM MAVI 198x158	5530	HASUBL0282	SUNGER PU BLOK 23 DNS 190 NEWTON ACIK MAVI 198X158X120	M3
SAS-5581743944	2604100778	107	120560460	23 FLEXI BLOKCM MAVI 188x135	5540	HASUBL0458	SUNGER PU BLOK 23 DNS 190 NEWTON ACIK MAVI 188X135X120	M3
SAS-5581743944	2604100773	107	120560460	23 FLEXI BLOKCM MAVI 188x135	5550	HASUBL0458	SUNGER PU BLOK 23 DNS 190 NEWTON ACIK MAVI 188X135X120	M3
SAS-5581743944	2604072661	108	120565516	27 DURA BLOKCM GRI 200x198	5560	HASUBL0540	SUNGER PU BLOK 27 DNS GRI 200X198X120 DURA	M3
SAS-5581743944	2604072660	108	120238611	27 DURA BLOKCM GRI 198x188	5570	HASUBL0321	SUNGER PU BLOK 27 DNS GRI 198X188X120 DURA	M3
SAS-5581743944	2604100799	109	120560460	23 FLEXI BLOKCM MAVI 188x135	5580	HASUBL0458	SUNGER PU BLOK 23 DNS 190 NEWTON ACIK MAVI 188X135X120	M3
SAS-5581743944	2604100798	109	120560460	23 FLEXI BLOKCM MAVI 188x135	5590	HASUBL0458	SUNGER PU BLOK 23 DNS 190 NEWTON ACIK MAVI 188X135X120	M3
SAS-5581743944	2604100777	107	120560460	23 FLEXI BLOKCM MAVI 188x135	5600	HASUBL0458	SUNGER PU BLOK 23 DNS 190 NEWTON ACIK MAVI 188X135X120	M3
SAS-5581743944	2604072731	108	120565279	27 DURA BLOKCM GRI 198x70	5610	HASUBL0534	SUNGER PU BLOK 27 DNS GRI 198X70X120 DURA	M3
SAS-5581743944	2604082179	108	120578471	27 DURA BLOKCM GRI 192x144	5620	HASUBL0691	SUNGER PU BLOK 27 DNS GRI 192X144X120 DURA	M3
SAS-5581743944	2604082178	108	120578471	27 DURA BLOKCM GRI 192x144	5630	HASUBL0691	SUNGER PU BLOK 27 DNS GRI 192X144X120 DURA	M3
SAS-5581743944	2604082177	108	120578471	27 DURA BLOKCM GRI 192x144	5640	HASUBL0691	SUNGER PU BLOK 27 DNS GRI 192X144X120 DURA	M3
SAS-5581743944	2604082150	108	120577932	27 DURA BLOKCM GRI 192x164	5650	HASUBL0658	SUNGER PU BLOK 27 DNS GRI 192X164X120 DURA	M3
SAS-5581743944	2604082136	108	120577696	27 DURA BLOKCM GRI 192x188	5660	HASUBL0652	SUNGER PU BLOK 27 DNS GRI 192X188X120 DURA	M3
SAS-5581743944	2604082135	108	120577696	27 DURA BLOKCM GRI 192x188	5670	HASUBL0652	SUNGER PU BLOK 27 DNS GRI 192X188X120 DURA	M3
SAS-5581743944	2604082132	102	120577696	27 DURA BLOKCM GRI 192x188	5680	HASUBL0652	SUNGER PU BLOK 27 DNS GRI 192X188X120 DURA	M3
SAS-5581743944	2604082140	109	120577696	27 DURA BLOKCM GRI 192x188	5690	HASUBL0652	SUNGER PU BLOK 27 DNS GRI 192X188X120 DURA	M3
SAS-5581743944	2604082137	109	120577696	27 DURA BLOKCM GRI 192x188	5700	HASUBL0652	SUNGER PU BLOK 27 DNS GRI 192X188X120 DURA	M3
SAS-5581743944	2604091689	109	120210362	23 FLEXI BLOKCM MAVI 198x158	5710	HASUBL0282	SUNGER PU BLOK 23 DNS 190 NEWTON ACIK MAVI 198X158X120	M3
SAS-5581743944	2604091936	114	120560740	23 FLEXI BLOKCM MAVI 195x145	5720	HASUBL0470	SUNGER PU BLOK 23 DNS 190 NEWTON ACIK MAVI 195X145X120	M3
SAS-5581743944	2604061171	75	120240820	24 SOFT RULO BEYAZ 230x1,5	5730	HASURL0232	XXX SUNGER PU RULO 24 DNS BEYAZ 230X1,5 SOFT DUZ	METRE
SAS-5581743944	2604092357	375	121010783	28 CRIP5 RULO BEYAZ 220x0,3	5740	HASURL0100	SUNGER PU RULO 28 DNS FR BEYAZ 230X0,3 DUZ	METRE
SAS-5581743944	2604092356	375	121010783	28 CRIP5 RULO BEYAZ 220x0,3	5750	HASURL0100	SUNGER PU RULO 28 DNS FR BEYAZ 230X0,3 DUZ	METRE
SAS-5581743944	2604061172	75	120240820	24 SOFT RULO BEYAZ 230x1,5	5760	HASURL0232	XXX SUNGER PU RULO 24 DNS BEYAZ 230X1,5 SOFT DUZ	METRE
SAS-5581743944	2604061174	75	120240820	24 SOFT RULO BEYAZ 230x1,5	5770	HASURL0232	XXX SUNGER PU RULO 24 DNS BEYAZ 230X1,5 SOFT DUZ	METRE
SAS-5581743944	2604092355	375	121010783	28 CRIP5 RULO BEYAZ 220x0,3	5780	HASURL0100	SUNGER PU RULO 28 DNS FR BEYAZ 230X0,3 DUZ	METRE
SAS-5581743944	2604061168	75	120240820	24 SOFT RULO BEYAZ 230x1,5	5790	HASURL0232	XXX SUNGER PU RULO 24 DNS BEYAZ 230X1,5 SOFT DUZ	METRE
SAS-5581743944	2604081006	36	120507296	23 FLEXI RULO BEYAZ 220x2,7	5800	HASURL0166	SUNGER PU RULO 23 DNS 190 NEWTON BEYAZ 220X2,7 DUZ	METRE
SAS-5581743944	2604091380	108	120554968	27 SOFT BLOKCM GRI 188x135	5810	HASUBL0110	SUNGER PU BLOK 27 DNS GRI 188X135X120 SOFT	M3
SAS-5581743944	2604091541	112	120201286	27 FLEXI BLOKCM GRI 198x151	5820	HASUBL0112	SUNGER PU BLOK 27 DNS GRI 198X151X120 FLEXI	M3
SAS-5581743944	2604091535	110	120201286	27 FLEXI BLOKCM GRI 198x151	5830	HASUBL0112	SUNGER PU BLOK 27 DNS GRI 198X151X120 FLEXI	M3
SAS-5581743944	2604092361	375	121010783	28 CRIP5 RULO BEYAZ 220x0,3	5840	HASURL0100	SUNGER PU RULO 28 DNS FR BEYAZ 230X0,3 DUZ	METRE
SAS-5581743944	2604092362	375	121010783	28 CRIP5 RULO BEYAZ 220x0,3	5850	HASURL0100	SUNGER PU RULO 28 DNS FR BEYAZ 230X0,3 DUZ	METRE
SAS-5581743944	2604092359	375	121010783	28 CRIP5 RULO BEYAZ 220x0,3	5860	HASURL0100	SUNGER PU RULO 28 DNS FR BEYAZ 230X0,3 DUZ	METRE
SAS-5581743944	2604092364	375	121010783	28 CRIP5 RULO BEYAZ 220x0,3	5870	HASURL0100	SUNGER PU RULO 28 DNS FR BEYAZ 230X0,3 DUZ	METRE
SAS-5581743944	2604092358	375	121010783	28 CRIP5 RULO BEYAZ 220x0,3	5880	HASURL0100	SUNGER PU RULO 28 DNS FR BEYAZ 230X0,3 DUZ	METRE
SAS-5581743944	2604092363	375	121010783	28 CRIP5 RULO BEYAZ 220x0,3	5890	HASURL0100	SUNGER PU RULO 28 DNS FR BEYAZ 230X0,3 DUZ	METRE
SAS-5581743944	2604091645	112	120552170	27 SOFT BLOKCM GRI 198x151	5900	HASUBL0120	SUNGER PU BLOK 27 DNS GRI 198X151X120 SOFT	M3
SAS-5581743944	2604091646	112	120552170	27 SOFT BLOKCM GRI 198x151	5910	HASUBL0120	SUNGER PU BLOK 27 DNS GRI 198X151X120 SOFT	M3
SAS-5581743944	2604091641	112	120207206	27 SOFT BLOKCM GRI 198x178	5920	HASUBL0097	SUNGER PU BLOK 27 DNS GRI 198X178X120 SOFT	M3
SAS-5581743944	2604091917	114	120578958	23 FLEXI BLOKCM MAVI 193x145	5930	HASUBL0934	SUNGER PU BLOK 23 DNS 190 NEWTON ACIK MAVI 193X145X120	M3
SAS-5581743944	2604091931	114	120578958	23 FLEXI BLOKCM MAVI 193x145	5940	HASUBL0934	SUNGER PU BLOK 23 DNS 190 NEWTON ACIK MAVI 193X145X120	M3
SAS-5581743944	2604100776	107	120560460	23 FLEXI BLOKCM MAVI 188x135	5950	HASUBL0458	SUNGER PU BLOK 23 DNS 190 NEWTON ACIK MAVI 188X135X120	M3
SAS-5581743944	2604091571	113	120201288	27 FLEXI BLOKCM GRI 198x178	5960	HASUBL0198	SUNGER PU BLOK 27 DNS GRI 198X178X100 FLEXI	M3
SAS-5581743944	2604091562	113	120201287	27 FLEXI BLOKCM GRI 198x158	5970	HASUBL0157	SUNGER PU BLOK 27 DNS MAVI 198X158X120 FLEXI	M3
SAS-5581743944	2604091560	112	120201287	27 FLEXI BLOKCM GRI 198x158	5980	HASUBL0157	SUNGER PU BLOK 27 DNS MAVI 198X158X120 FLEXI	M3
SAS-5581743944	2604091559	112	120201287	27 FLEXI BLOKCM GRI 198x158	5990	HASUBL0157	SUNGER PU BLOK 27 DNS MAVI 198X158X120 FLEXI	M3
SAS-5581743944	2604091528	110	120201286	27 FLEXI BLOKCM GRI 198x151	6000	HASUBL0112	SUNGER PU BLOK 27 DNS GRI 198X151X120 FLEXI	M3
SAS-5581743944	2604091527	110	120201286	27 FLEXI BLOKCM GRI 198x151	6010	HASUBL0112	SUNGER PU BLOK 27 DNS GRI 198X151X120 FLEXI	M3
SAS-5581743944	2604091552	112	120201287	27 FLEXI BLOKCM GRI 198x158	6020	HASUBL0157	SUNGER PU BLOK 27 DNS MAVI 198X158X120 FLEXI	M3
SAS-5581743944	2604091551	112	120201286	27 FLEXI BLOKCM GRI 198x151	6030	HASUBL0112	SUNGER PU BLOK 27 DNS GRI 198X151X120 FLEXI	M3
SAS-5581743944	2604091553	112	120201287	27 FLEXI BLOKCM GRI 198x158	6040	HASUBL0157	SUNGER PU BLOK 27 DNS MAVI 198X158X120 FLEXI	M3
SAS-5581743944	2604091531	108	120201286	27 FLEXI BLOKCM GRI 198x151	6050	HASUBL0112	SUNGER PU BLOK 27 DNS GRI 198X151X120 FLEXI	M3
SAS-5581743944	2604091561	112	120201287	27 FLEXI BLOKCM GRI 198x158	6060	HASUBL0157	SUNGER PU BLOK 27 DNS MAVI 198X158X120 FLEXI	M3
SAS-5581743944	2604091542	112	120201286	27 FLEXI BLOKCM GRI 198x151	6070	HASUBL0112	SUNGER PU BLOK 27 DNS GRI 198X151X120 FLEXI	M3
SAS-5581743944	2604091550	112	120201286	27 FLEXI BLOKCM GRI 198x151	6080	HASUBL0112	SUNGER PU BLOK 27 DNS GRI 198X151X120 FLEXI	M3
SAS-5581743944	2604091523	110	120201286	27 FLEXI BLOKCM GRI 198x151	6090	HASUBL0112	SUNGER PU BLOK 27 DNS GRI 198X151X120 FLEXI	M3
SAS-5581743944	2604091458	90	120568079	27 SOFT BLOKCM GRI 185x132	6100	HASUBL0591	SUNGER PU BLOK 27 DNS ACIK GRI 185X132X120 SOFT	M3
SAS-5581743944	2604091534	110	120201286	27 FLEXI BLOKCM GRI 198x151	6110	HASUBL0112	SUNGER PU BLOK 27 DNS GRI 198X151X120 FLEXI	M3
SAS-5581743944	2604091651	113	120568716	27 SOFT BLOKCM GRI 185x87	6120	HASUBL0595	SUNGER PU BLOK 27 DNS GRI 185X87X120 SOFT	M3
SAS-5581743944	2604091623	110	120568079	27 SOFT BLOKCM GRI 185x132	6130	HASUBL0591	SUNGER PU BLOK 27 DNS ACIK GRI 185X132X120 SOFT	M3
SAS-5581743944	2604100835	108	120552048	23 FLEXI BLOKCM MAVI 188x78	6140	HASUBL0401	SUNGER PU BLOK 23 DNS 190 NEWTON ACIK MAVI 188X78X120	M3
SAS-5581743944	2604100843	108	120552048	23 FLEXI BLOKCM MAVI 188x78	6150	HASUBL0401	SUNGER PU BLOK 23 DNS 190 NEWTON ACIK MAVI 188X78X120	M3
SAS-5581743944	2604100837	108	120552048	23 FLEXI BLOKCM MAVI 188x78	6160	HASUBL0401	SUNGER PU BLOK 23 DNS 190 NEWTON ACIK MAVI 188X78X120	M3
SAS-5581743944	2604100774	107	120560460	23 FLEXI BLOKCM MAVI 188x135	6170	HASUBL0458	SUNGER PU BLOK 23 DNS 190 NEWTON ACIK MAVI 188X135X120	M3
SAS-5581743944	2604100775	107	120560460	23 FLEXI BLOKCM MAVI 188x135	6180	HASUBL0458	SUNGER PU BLOK 23 DNS 190 NEWTON ACIK MAVI 188X135X120	M3
SAS-5581743944	2604100771	107	120552682	23 FLEXI BLOKCM MAVI 188x158	6190	HASUBL0422	SUNGER PU BLOK 23 DNS 190 NEWTON ACIK MAVI 188X158X120	M3
SAS-5581743944	2604100769	107	120552682	23 FLEXI BLOKCM MAVI 188x158	6200	HASUBL0422	SUNGER PU BLOK 23 DNS 190 NEWTON ACIK MAVI 188X158X120	M3
SAS-5581743944	2604100770	107	120552682	23 FLEXI BLOKCM MAVI 188x158	6210	HASUBL0422	SUNGER PU BLOK 23 DNS 190 NEWTON ACIK MAVI 188X158X120	M3
SAS-5581743944	2604091685	109	120210362	23 FLEXI BLOKCM MAVI 198x158	6220	HASUBL0282	SUNGER PU BLOK 23 DNS 190 NEWTON ACIK MAVI 198X158X120	M3
SAS-5581743944	2604091703	113	120551942	23 FLEXI BLOKCM MAVI 198x148	6230	HASUBL0419	SUNGER PU BLOK 23 DNS 190 NEWTON ACIK MAVI 198X148X120	M3
SAS-5581743944	2604091766	114	120551942	23 FLEXI BLOKCM MAVI 198x148	6240	HASUBL0419	SUNGER PU BLOK 23 DNS 190 NEWTON ACIK MAVI 198X148X120	M3
SAS-5581743944	2604100825	108	120550515	23 FLEXI BLOKCM MAVI 188x120	6250	HASUBL0322	SUNGER PU BLOK 23 DNS 190 NEWTON ACIK MAVI 198X188X120	M3
SAS-5581743944	2604100824	108	120550515	23 FLEXI BLOKCM MAVI 188x120	6260	HASUBL0322	SUNGER PU BLOK 23 DNS 190 NEWTON ACIK MAVI 198X188X120	M3
SAS-5581743944	2604100823	108	120550515	23 FLEXI BLOKCM MAVI 188x120	6270	HASUBL0322	SUNGER PU BLOK 23 DNS 190 NEWTON ACIK MAVI 198X188X120	M3
SAS-5581743944	2604072732	108	120565279	27 DURA BLOKCM GRI 198x70	6280	HASUBL0534	SUNGER PU BLOK 27 DNS GRI 198X70X120 DURA	M3
SAS-5581743944	2604100800	109	120560460	23 FLEXI BLOKCM MAVI 188x135	6290	HASUBL0458	SUNGER PU BLOK 23 DNS 190 NEWTON ACIK MAVI 188X135X120	M3
SAS-5581743944	2604100816	109	120560739	23 FLEXI BLOKCM MAVI 188x90	6300	HASUBL0469	SUNGER PU BLOK 23 DNS 190 NEWTON ACIK MAVI 188X90X120	M3
SAS-5581743944	2604100818	109	120560739	23 FLEXI BLOKCM MAVI 188x90	6310	HASUBL0469	SUNGER PU BLOK 23 DNS 190 NEWTON ACIK MAVI 188X90X120	M3
SAS-5581743944	2604100817	109	120560739	23 FLEXI BLOKCM MAVI 188x90	6320	HASUBL0469	SUNGER PU BLOK 23 DNS 190 NEWTON ACIK MAVI 188X90X120	M3
SAS-5581743944	2604100834	108	120552048	23 FLEXI BLOKCM MAVI 188x78	6330	HASUBL0401	SUNGER PU BLOK 23 DNS 190 NEWTON ACIK MAVI 188X78X120	M3
SAS-5581743944	2604100833	108	120552048	23 FLEXI BLOKCM MAVI 188x78	6340	HASUBL0401	SUNGER PU BLOK 23 DNS 190 NEWTON ACIK MAVI 188X78X120	M3
SAS-5581743944	2604100836	108	120552048	23 FLEXI BLOKCM MAVI 188x78	6350	HASUBL0401	SUNGER PU BLOK 23 DNS 190 NEWTON ACIK MAVI 188X78X120	M3
SAS-5581743944	2604100842	108	120552048	23 FLEXI BLOKCM MAVI 188x78	6360	HASUBL0401	SUNGER PU BLOK 23 DNS 190 NEWTON ACIK MAVI 188X78X120	M3
SAS-5581743944	2604091377	108	120554968	27 SOFT BLOKCM GRI 188x135	6370	HASUBL0110	SUNGER PU BLOK 27 DNS GRI 188X135X120 SOFT	M3
SAS-5581743944	2604091399	109	120554968	27 SOFT BLOKCM GRI 188x135	6380	HASUBL0110	SUNGER PU BLOK 27 DNS GRI 188X135X120 SOFT	M3
SAS-5581743944	2604091379	108	120554968	27 SOFT BLOKCM GRI 188x135	6390	HASUBL0110	SUNGER PU BLOK 27 DNS GRI 188X135X120 SOFT	M3
SAS-5581743944	2604102361	112	120201284	27 FLEXI BLOKCM GRI 188x135	6400	HASUBL0108	SUNGER PU BLOK 27 DNS GRI 188X135X120 FLEXI	M3
SAS-5581743944	2604102365	112	120201284	27 FLEXI BLOKCM GRI 188x135	6410	HASUBL0108	SUNGER PU BLOK 27 DNS GRI 188X135X120 FLEXI	M3
SAS-5581743944	2604102366	112	120201284	27 FLEXI BLOKCM GRI 188x135	6420	HASUBL0108	SUNGER PU BLOK 27 DNS GRI 188X135X120 FLEXI	M3
SAS-5581743944	2604102347	112	120210364	27 FLEXI BLOKCM GRI 188x118	6430	HASUBL0077	SUNGER PU BLOK 27 DNS GRI 188X118X120 FLEXI	M3
SAS-5581743944	2604102360	112	120201284	27 FLEXI BLOKCM GRI 188x135	6440	HASUBL0108	SUNGER PU BLOK 27 DNS GRI 188X135X120 FLEXI	M3
SAS-5581743944	2604102346	112	120210364	27 FLEXI BLOKCM GRI 188x118	6450	HASUBL0077	SUNGER PU BLOK 27 DNS GRI 188X118X120 FLEXI	M3
SAS-5581743944	2604102270	112	120201284	27 FLEXI BLOKCM GRI 188x135	6460	HASUBL0108	SUNGER PU BLOK 27 DNS GRI 188X135X120 FLEXI	M3
SAS-5581743944	2604102314	112	120226389	27 FLEXI BLOKCM GRI 188x120	6470	HASUBL0126	SUNGER PU BLOK 27 DNS GRI 198X188X120 FLEXI	M3
SAS-5581743944	2604102315	112	120226389	27 FLEXI BLOKCM GRI 188x120	6480	HASUBL0126	SUNGER PU BLOK 27 DNS GRI 198X188X120 FLEXI	M3
SAS-5581743944	2604102272	112	120201284	27 FLEXI BLOKCM GRI 188x135	6490	HASUBL0108	SUNGER PU BLOK 27 DNS GRI 188X135X120 FLEXI	M3
SAS-5581743944	2604102271	112	120201284	27 FLEXI BLOKCM GRI 188x135	6500	HASUBL0108	SUNGER PU BLOK 27 DNS GRI 188X135X120 FLEXI	M3
SAS-5581743944	2604102274	112	120201284	27 FLEXI BLOKCM GRI 188x135	6510	HASUBL0108	SUNGER PU BLOK 27 DNS GRI 188X135X120 FLEXI	M3
SAS-5581743944	2604102273	112	120201284	27 FLEXI BLOKCM GRI 188x135	6520	HASUBL0108	SUNGER PU BLOK 27 DNS GRI 188X135X120 FLEXI	M3
SAS-5581743944	2604102276	112	120201284	27 FLEXI BLOKCM GRI 188x135	6530	HASUBL0108	SUNGER PU BLOK 27 DNS GRI 188X135X120 FLEXI	M3
SAS-5581743944	2604102275	112	120201284	27 FLEXI BLOKCM GRI 188x135	6540	HASUBL0108	SUNGER PU BLOK 27 DNS GRI 188X135X120 FLEXI	M3
SAS-5581743944	2604102242	112	120201283	27 FLEXI BLOKCM GRI 188x90	6550	HASUBL0109	SUNGER PU BLOK 27 DNS GRI 188X90X120 FLEXI	M3
SAS-5581743944	2604102241	112	120201283	27 FLEXI BLOKCM GRI 188x90	6560	HASUBL0109	SUNGER PU BLOK 27 DNS GRI 188X90X120 FLEXI	M3
SAS-5581743944	2604102240	112	120201283	27 FLEXI BLOKCM GRI 188x90	6570	HASUBL0109	SUNGER PU BLOK 27 DNS GRI 188X90X120 FLEXI	M3
SAS-5581743944	2604102243	112	120201283	27 FLEXI BLOKCM GRI 188x90	6580	HASUBL0109	SUNGER PU BLOK 27 DNS GRI 188X90X120 FLEXI	M3
SAS-5581743944	2604140675	108	120565031	27 DURA BLOKCM GRI 198x115	6590	HASUBL0532	SUNGER PU BLOK 27 DNS GRI 198X115X120 DURA	M3
SAS-5581743944	2604140673	108	120565031	27 DURA BLOKCM GRI 198x115	6600	HASUBL0532	SUNGER PU BLOK 27 DNS GRI 198X115X120 DURA	M3
SAS-5581743944	2604131908	108	120244980	27 DURA BLOKCM GRI 198x135	6610	HASUBL0333	SUNGER PU BLOK 27 DNS GRI 198X135X120 DURA	M3
SAS-5581743944	2604141119	6	120543669	50 VISCO PE DUZ BEYAZ 199x149x4	6620	HASUPL09948	SUNGER VISCO PLAKA 50 DNS BEYAZ FR 199X149X4 NORMAL DUZ (FR BS 7177)	Adet
SAS-5581743944	2604141105	10	120562029	50 VISCO PE DUZ BEYAZ 199x149x3	6630	HASUPL10852	SUNGER VISCO PLAKA 50 DNS BEYAZ FR 199X149X3 NORMAL DUZ (FR BS 7177)	Adet
SAS-5581743944	2604141023	10	120562029	50 VISCO PE DUZ BEYAZ 199x149x3	6640	HASUPL10852	SUNGER VISCO PLAKA 50 DNS BEYAZ FR 199X149X3 NORMAL DUZ (FR BS 7177)	Adet
SAS-5581743944	2604141025	6	120543669	50 VISCO PE DUZ BEYAZ 199x149x4	6650	HASUPL09948	SUNGER VISCO PLAKA 50 DNS BEYAZ FR 199X149X4 NORMAL DUZ (FR BS 7177)	Adet
SAS-5581743944	2604141020	10	120562029	50 VISCO PE DUZ BEYAZ 199x149x3	6660	HASUPL10852	SUNGER VISCO PLAKA 50 DNS BEYAZ FR 199X149X3 NORMAL DUZ (FR BS 7177)	Adet
SAS-5581743944	2604141014	10	120562029	50 VISCO PE DUZ BEYAZ 199x149x3	6670	HASUPL10852	SUNGER VISCO PLAKA 50 DNS BEYAZ FR 199X149X3 NORMAL DUZ (FR BS 7177)	Adet
SAS-5581743944	2604141756	108	121020880	32 FR BLOKCM BEYAZ 189x134	6680	HASUBL0481	SUNGER PU BLOK 32 DNS FR BEYAZ 189X134X120 DUZ (FR BS 7177) SOFT	M3
SAS-5581743944	2604141755	108	121020880	32 FR BLOKCM BEYAZ 189x134	6690	HASUBL0481	SUNGER PU BLOK 32 DNS FR BEYAZ 189X134X120 DUZ (FR BS 7177) SOFT	M3
SAS-5581743944	2604141754	108	121020880	32 FR BLOKCM BEYAZ 189x134	6700	HASUBL0481	SUNGER PU BLOK 32 DNS FR BEYAZ 189X134X120 DUZ (FR BS 7177) SOFT	M3
SAS-5581743944	2604141742	107	121020880	32 FR BLOKCM BEYAZ 189x134	6710	HASUBL0481	SUNGER PU BLOK 32 DNS FR BEYAZ 189X134X120 DUZ (FR BS 7177) SOFT	M3
SAS-5581743944	2604141783	108	121020880	32 FR BLOKCM BEYAZ 189x134	6720	HASUBL0481	SUNGER PU BLOK 32 DNS FR BEYAZ 189X134X120 DUZ (FR BS 7177) SOFT	M3
SAS-5581743944	2604141782	108	121020880	32 FR BLOKCM BEYAZ 189x134	6730	HASUBL0481	SUNGER PU BLOK 32 DNS FR BEYAZ 189X134X120 DUZ (FR BS 7177) SOFT	M3
SAS-5581743944	2604141792	107	121020889	32 FR BLOKCM BEYAZ 189x89	6740	HASUBL0491	SUNGER PU BLOK 32 DNS FR BEYAZ 189X89X120 DUZ (FR BS 7177) SOFT	M3
SAS-5581743944	2604141793	107	121020889	32 FR BLOKCM BEYAZ 189x89	6750	HASUBL0491	SUNGER PU BLOK 32 DNS FR BEYAZ 189X89X120 DUZ (FR BS 7177) SOFT	M3
SAS-5581743944	2604141776	108	121020880	32 FR BLOKCM BEYAZ 189x134	6760	HASUBL0481	SUNGER PU BLOK 32 DNS FR BEYAZ 189X134X120 DUZ (FR BS 7177) SOFT	M3
SAS-5581743944	2604141774	108	121020880	32 FR BLOKCM BEYAZ 189x134	6770	HASUBL0481	SUNGER PU BLOK 32 DNS FR BEYAZ 189X134X120 DUZ (FR BS 7177) SOFT	M3
SAS-5581743944	2604141775	108	121020880	32 FR BLOKCM BEYAZ 189x134	6780	HASUBL0481	SUNGER PU BLOK 32 DNS FR BEYAZ 189X134X120 DUZ (FR BS 7177) SOFT	M3
SAS-5581743944	2604141743	107	121020880	32 FR BLOKCM BEYAZ 189x134	6790	HASUBL0481	SUNGER PU BLOK 32 DNS FR BEYAZ 189X134X120 DUZ (FR BS 7177) SOFT	M3
SAS-5581743944	2604141744	107	121020880	32 FR BLOKCM BEYAZ 189x134	6800	HASUBL0481	SUNGER PU BLOK 32 DNS FR BEYAZ 189X134X120 DUZ (FR BS 7177) SOFT	M3
SAS-5581743944	2604141801	107	121020889	32 FR BLOKCM BEYAZ 189x89	6810	HASUBL0491	SUNGER PU BLOK 32 DNS FR BEYAZ 189X89X120 DUZ (FR BS 7177) SOFT	M3
SAS-5581743944	2604141798	107	121020889	32 FR BLOKCM BEYAZ 189x89	6820	HASUBL0491	SUNGER PU BLOK 32 DNS FR BEYAZ 189X89X120 DUZ (FR BS 7177) SOFT	M3
SAS-5581743944	2604141584	106	121020880	32 FR BLOKCM BEYAZ 189x134	6830	HASUBL0481	SUNGER PU BLOK 32 DNS FR BEYAZ 189X134X120 DUZ (FR BS 7177) SOFT	M3
SAS-5581743944	2604141590	106	121020880	32 FR BLOKCM BEYAZ 189x134	6840	HASUBL0481	SUNGER PU BLOK 32 DNS FR BEYAZ 189X134X120 DUZ (FR BS 7177) SOFT	M3
SAS-5581743944	2604141588	106	121020880	32 FR BLOKCM BEYAZ 189x134	6850	HASUBL0481	SUNGER PU BLOK 32 DNS FR BEYAZ 189X134X120 DUZ (FR BS 7177) SOFT	M3
SAS-5581743944	2604141589	106	121020880	32 FR BLOKCM BEYAZ 189x134	6860	HASUBL0481	SUNGER PU BLOK 32 DNS FR BEYAZ 189X134X120 DUZ (FR BS 7177) SOFT	M3
SAS-5581743944	2604141587	106	121020880	32 FR BLOKCM BEYAZ 189x134	6870	HASUBL0481	SUNGER PU BLOK 32 DNS FR BEYAZ 189X134X120 DUZ (FR BS 7177) SOFT	M3
SAS-5581743944	2604141591	106	121020880	32 FR BLOKCM BEYAZ 189x134	6880	HASUBL0481	SUNGER PU BLOK 32 DNS FR BEYAZ 189X134X120 DUZ (FR BS 7177) SOFT	M3
SAS-5581743944	2604141582	104	121020880	32 FR BLOKCM BEYAZ 189x134	6890	HASUBL0481	SUNGER PU BLOK 32 DNS FR BEYAZ 189X134X120 DUZ (FR BS 7177) SOFT	M3
SAS-5581743944	2604141583	106	121020880	32 FR BLOKCM BEYAZ 189x134	6900	HASUBL0481	SUNGER PU BLOK 32 DNS FR BEYAZ 189X134X120 DUZ (FR BS 7177) SOFT	M3
SAS-5581743944	2604141580	103	121020880	32 FR BLOKCM BEYAZ 189x134	6910	HASUBL0481	SUNGER PU BLOK 32 DNS FR BEYAZ 189X134X120 DUZ (FR BS 7177) SOFT	M3
SAS-5581743944	2604131849	107	120238611	27 DURA BLOKCM GRI 198x188	6920	HASUBL0321	SUNGER PU BLOK 27 DNS GRI 198X188X120 DURA	M3
SAS-5581743944	2604131883	108	120546587	27 DURA BLOKCM GRI 198x198	6930	HASUBL0484	SUNGER PU BLOK 27 DNS GRI 198X198X120 DURA	M3
SAS-5581743944	2604131882	108	120546587	27 DURA BLOKCM GRI 198x198	6940	HASUBL0484	SUNGER PU BLOK 27 DNS GRI 198X198X120 DURA	M3
SAS-5581743944	2604131850	107	120238611	27 DURA BLOKCM GRI 198x188	6950	HASUBL0321	SUNGER PU BLOK 27 DNS GRI 198X188X120 DURA	M3
SAS-5581743944	2604140676	108	120565031	27 DURA BLOKCM GRI 198x115	6960	HASUBL0532	SUNGER PU BLOK 27 DNS GRI 198X115X120 DURA	M3
SAS-5581743944	2604140643	108	120206528	27 DURA BLOKCM GRI 198x128	6970	HASUBL0226	SUNGER PU BLOK 27 DNS GRI 198X128X120 DURA	M3
SAS-5581743944	2604140641	107	120244980	27 DURA BLOKCM GRI 198x135	6980	HASUBL0333	SUNGER PU BLOK 27 DNS GRI 198X135X120 DURA	M3
SAS-5581743944	2604140642	108	120206528	27 DURA BLOKCM GRI 198x128	6990	HASUBL0226	SUNGER PU BLOK 27 DNS GRI 198X128X120 DURA	M3
SAS-5581743944	2604140646	108	120206528	27 DURA BLOKCM GRI 198x128	7000	HASUBL0226	SUNGER PU BLOK 27 DNS GRI 198X128X120 DURA	M3
SAS-5581743944	2604140647	108	120206528	27 DURA BLOKCM GRI 198x128	7010	HASUBL0226	SUNGER PU BLOK 27 DNS GRI 198X128X120 DURA	M3
SAS-5581743944	2604140645	108	120206528	27 DURA BLOKCM GRI 198x128	7020	HASUBL0226	SUNGER PU BLOK 27 DNS GRI 198X128X120 DURA	M3
SAS-5581743944	2604140644	108	120206528	27 DURA BLOKCM GRI 198x128	7030	HASUBL0226	SUNGER PU BLOK 27 DNS GRI 198X128X120 DURA	M3
SAS-5581743944	2604140649	108	120206528	27 DURA BLOKCM GRI 198x128	7040	HASUBL0226	SUNGER PU BLOK 27 DNS GRI 198X128X120 DURA	M3
SAS-5581743944	2604140690	108	120562134	27 DURA BLOKCM GRI 198x120	7050	HASUBL0495	SUNGER PU BLOK 27 DNS GRI 198X120X120 DURA	M3
SAS-5581743944	2604140686	108	120565031	27 DURA BLOKCM GRI 198x115	7060	HASUBL0532	SUNGER PU BLOK 27 DNS GRI 198X115X120 DURA	M3
SAS-5581743944	2604140688	108	120565031	27 DURA BLOKCM GRI 198x115	7070	HASUBL0532	SUNGER PU BLOK 27 DNS GRI 198X115X120 DURA	M3
SAS-5581743944	2604140677	108	120565031	27 DURA BLOKCM GRI 198x115	7080	HASUBL0532	SUNGER PU BLOK 27 DNS GRI 198X115X120 DURA	M3
SAS-5581743944	2604140648	108	120206528	27 DURA BLOKCM GRI 198x128	7090	HASUBL0226	SUNGER PU BLOK 27 DNS GRI 198X128X120 DURA	M3
SAS-5581743944	2604140672	108	120565031	27 DURA BLOKCM GRI 198x115	7100	HASUBL0532	SUNGER PU BLOK 27 DNS GRI 198X115X120 DURA	M3
SAS-5581743944	2604140674	108	120565031	27 DURA BLOKCM GRI 198x115	7110	HASUBL0532	SUNGER PU BLOK 27 DNS GRI 198X115X120 DURA	M3
SAS-5581743944	2604140640	107	120244980	27 DURA BLOKCM GRI 198x135	7120	HASUBL0333	SUNGER PU BLOK 27 DNS GRI 198X135X120 DURA	M3
SAS-5581743944	2604140687	108	120565031	27 DURA BLOKCM GRI 198x115	7130	HASUBL0532	SUNGER PU BLOK 27 DNS GRI 198X115X120 DURA	M3
SAS-5581743944	2604131879	108	120546587	27 DURA BLOKCM GRI 198x198	7140	HASUBL0484	SUNGER PU BLOK 27 DNS GRI 198X198X120 DURA	M3
SAS-5581743944	2604131881	108	120546587	27 DURA BLOKCM GRI 198x198	7150	HASUBL0484	SUNGER PU BLOK 27 DNS GRI 198X198X120 DURA	M3
SAS-5581743944	2604131880	108	120546587	27 DURA BLOKCM GRI 198x198	7160	HASUBL0484	SUNGER PU BLOK 27 DNS GRI 198X198X120 DURA	M3
SAS-5581743944	2604140613	104	120244980	27 DURA BLOKCM GRI 198x135	7170	HASUBL0333	SUNGER PU BLOK 27 DNS GRI 198X135X120 DURA	M3
SAS-5581743944	2604140609	107	120568912	27 DURA BLOKCM GRI 198x100	7180	HASUBL0604	SUNGER PU BLOK 27 DNS GRI 198X100X120 DURA	M3
SAS-5581743944	2604131846	107	120238611	27 DURA BLOKCM GRI 198x188	7190	HASUBL0321	SUNGER PU BLOK 27 DNS GRI 198X188X120 DURA	M3
SAS-5581743944	2604131899	108	120546587	27 DURA BLOKCM GRI 198x198	7200	HASUBL0484	SUNGER PU BLOK 27 DNS GRI 198X198X120 DURA	M3
SAS-5581743944	2604131848	107	120238611	27 DURA BLOKCM GRI 198x188	7210	HASUBL0321	SUNGER PU BLOK 27 DNS GRI 198X188X120 DURA	M3
SAS-5581743944	2604131847	107	120238611	27 DURA BLOKCM GRI 198x188	7220	HASUBL0321	SUNGER PU BLOK 27 DNS GRI 198X188X120 DURA	M3
SAS-5581743944	2604131900	108	120546587	27 DURA BLOKCM GRI 198x198	7230	HASUBL0484	SUNGER PU BLOK 27 DNS GRI 198X198X120 DURA	M3
SAS-5581743944	2604131906	108	120546587	27 DURA BLOKCM GRI 198x198	7240	HASUBL0484	SUNGER PU BLOK 27 DNS GRI 198X198X120 DURA	M3
SAS-5581743944	2604140705	113	120579418	22 FLEXI BLOKCM BEYAZ 170x117	7250	HASUBL0953	SUNGER PU BLOK 22 DNS BEYAZ 170X117X120 FLEXI	M3
SAS-5581743944	2604140704	113	120579418	22 FLEXI BLOKCM BEYAZ 170x117	7260	HASUBL0953	SUNGER PU BLOK 22 DNS BEYAZ 170X117X120 FLEXI	M3
SAS-5581743944	2604140703	113	120579418	22 FLEXI BLOKCM BEYAZ 170x117	7270	HASUBL0953	SUNGER PU BLOK 22 DNS BEYAZ 170X117X120 FLEXI	M3
SAS-5581743944	2604140602	107	120562134	27 DURA BLOKCM GRI 198x120	7280	HASUBL0495	SUNGER PU BLOK 27 DNS GRI 198X120X120 DURA	M3
SAS-5581743944	2604140614	104	120244980	27 DURA BLOKCM GRI 198x135	7290	HASUBL0333	SUNGER PU BLOK 27 DNS GRI 198X135X120 DURA	M3
SAS-5581743944	2604140639	105	120244980	27 DURA BLOKCM GRI 198x135	7300	HASUBL0333	SUNGER PU BLOK 27 DNS GRI 198X135X120 DURA	M3
SAS-5581743944	2604132067	30	120577244	40 VISCO PEJEL RULO MAVI 198x2,7	7310	HASURL0325	SUNGER VISCO JEL RULO 40 DNS MAVI 198X2,7 (PANEFEKT)	METRE
SAS-5581743944	2604140449	30	120577244	40 VISCO PEJEL RULO MAVI 198x2,7	7320	HASURL0325	SUNGER VISCO JEL RULO 40 DNS MAVI 198X2,7 (PANEFEKT)	METRE
SAS-5581743944	2604140414	30	120577244	40 VISCO PEJEL RULO MAVI 198x2,7	7330	HASURL0325	SUNGER VISCO JEL RULO 40 DNS MAVI 198X2,7 (PANEFEKT)	METRE
SAS-5581743944	2604140486	30	120577244	40 VISCO PEJEL RULO MAVI 198x2,7	7340	HASURL0325	SUNGER VISCO JEL RULO 40 DNS MAVI 198X2,7 (PANEFEKT)	METRE
SAS-5581743944	2604140591	30	120577244	40 VISCO PEJEL RULO MAVI 198x2,7	7350	HASURL0325	SUNGER VISCO JEL RULO 40 DNS MAVI 198X2,7 (PANEFEKT)	METRE
SAS-5581743944	2604140413	30	120577244	40 VISCO PEJEL RULO MAVI 198x2,7	7360	HASURL0325	SUNGER VISCO JEL RULO 40 DNS MAVI 198X2,7 (PANEFEKT)	METRE
SAS-5581743944	2604140408	30	120577244	40 VISCO PEJEL RULO MAVI 198x2,7	7370	HASURL0325	SUNGER VISCO JEL RULO 40 DNS MAVI 198X2,7 (PANEFEKT)	METRE
SAS-5581743944	2604140032	30	120577244	40 VISCO PEJEL RULO MAVI 198x2,7	7380	HASURL0325	SUNGER VISCO JEL RULO 40 DNS MAVI 198X2,7 (PANEFEKT)	METRE
SAS-5581743944	2604140411	30	120577244	40 VISCO PEJEL RULO MAVI 198x2,7	7390	HASURL0325	SUNGER VISCO JEL RULO 40 DNS MAVI 198X2,7 (PANEFEKT)	METRE
SAS-5581743944	2604140410	30	120577244	40 VISCO PEJEL RULO MAVI 198x2,7	7400	HASURL0325	SUNGER VISCO JEL RULO 40 DNS MAVI 198X2,7 (PANEFEKT)	METRE
SAS-5581743944	2604140412	30	120577244	40 VISCO PEJEL RULO MAVI 198x2,7	7410	HASURL0325	SUNGER VISCO JEL RULO 40 DNS MAVI 198X2,7 (PANEFEKT)	METRE
SAS-5581743944	2604140555	30	120577244	40 VISCO PEJEL RULO MAVI 198x2,7	7420	HASURL0325	SUNGER VISCO JEL RULO 40 DNS MAVI 198X2,7 (PANEFEKT)	METRE
SAS-5581743944	2604140552	30	120577244	40 VISCO PEJEL RULO MAVI 198x2,7	7430	HASURL0325	SUNGER VISCO JEL RULO 40 DNS MAVI 198X2,7 (PANEFEKT)	METRE
SAS-5581743944	2604141127	10	120562029	50 VISCO PE DUZ BEYAZ 199x149x3	7440	HASUPL10852	SUNGER VISCO PLAKA 50 DNS BEYAZ FR 199X149X3 NORMAL DUZ (FR BS 7177)	Adet
SAS-5581743944	2604141209	10	120562029	50 VISCO PE DUZ BEYAZ 199x149x3	7450	HASUPL10852	SUNGER VISCO PLAKA 50 DNS BEYAZ FR 199X149X3 NORMAL DUZ (FR BS 7177)	Adet
SAS-5581743944	2604141210	6	120543669	50 VISCO PE DUZ BEYAZ 199x149x4	7460	HASUPL09948	SUNGER VISCO PLAKA 50 DNS BEYAZ FR 199X149X4 NORMAL DUZ (FR BS 7177)	Adet
SAS-5581743944	2604141219	8	120562029	50 VISCO PE DUZ BEYAZ 199x149x3	7470	HASUPL10852	SUNGER VISCO PLAKA 50 DNS BEYAZ FR 199X149X3 NORMAL DUZ (FR BS 7177)	Adet
SAS-5581743944	2604141220	8	120562029	50 VISCO PE DUZ BEYAZ 199x149x3	7480	HASUPL10852	SUNGER VISCO PLAKA 50 DNS BEYAZ FR 199X149X3 NORMAL DUZ (FR BS 7177)	Adet
SAS-5581743944	2604140471	30	120577244	40 VISCO PEJEL RULO MAVI 198x2,7	7490	HASURL0325	SUNGER VISCO JEL RULO 40 DNS MAVI 198X2,7 (PANEFEKT)	METRE
SAS-5581743944	2604140417	28	120577244	40 VISCO PEJEL RULO MAVI 198x2,7	7500	HASURL0325	SUNGER VISCO JEL RULO 40 DNS MAVI 198X2,7 (PANEFEKT)	METRE
SAS-5581743944	2604132048	25	120577244	40 VISCO PEJEL RULO MAVI 198x2,7	7510	HASURL0325	SUNGER VISCO JEL RULO 40 DNS MAVI 198X2,7 (PANEFEKT)	METRE
SAS-5581743944	2604140366	30	120577244	40 VISCO PEJEL RULO MAVI 198x2,7	7520	HASURL0325	SUNGER VISCO JEL RULO 40 DNS MAVI 198X2,7 (PANEFEKT)	METRE
SAS-5581743944	2604140534	89	120560749	50 VISCO PE BLOKCM BEYAZ 199x149	7530	HASUBL0485	SUNGER VISCO BLOK 50 DNS BEYAZ FR 199X149X120 NORMAL DUZ (FR BS 7177)	M3
SAS-5581743944	2604140533	89	120560749	50 VISCO PE BLOKCM BEYAZ 199x149	7540	HASUBL0485	SUNGER VISCO BLOK 50 DNS BEYAZ FR 199X149X120 NORMAL DUZ (FR BS 7177)	M3
SAS-5581743944	2604140547	89	120560749	50 VISCO PE BLOKCM BEYAZ 199x149	7550	HASUBL0485	SUNGER VISCO BLOK 50 DNS BEYAZ FR 199X149X120 NORMAL DUZ (FR BS 7177)	M3
SAS-5581743944	2604140559	85	120560749	50 VISCO PE BLOKCM BEYAZ 199x149	7560	HASUBL0485	SUNGER VISCO BLOK 50 DNS BEYAZ FR 199X149X120 NORMAL DUZ (FR BS 7177)	M3
SAS-5581743944	2604140566	65	120560749	50 VISCO PE BLOKCM BEYAZ 199x149	7570	HASUBL0485	SUNGER VISCO BLOK 50 DNS BEYAZ FR 199X149X120 NORMAL DUZ (FR BS 7177)	M3
SAS-5581743944	2604140560	79	120560749	50 VISCO PE BLOKCM BEYAZ 199x149	7580	HASUBL0485	SUNGER VISCO BLOK 50 DNS BEYAZ FR 199X149X120 NORMAL DUZ (FR BS 7177)	M3
SAS-5581743944	2604140532	89	120560749	50 VISCO PE BLOKCM BEYAZ 199x149	7590	HASUBL0485	SUNGER VISCO BLOK 50 DNS BEYAZ FR 199X149X120 NORMAL DUZ (FR BS 7177)	M3
SAS-5581743944	2604140507	89	120562830	50 VISCO PE BLOKCM BEYAZ 199x179	7600	HASUBL0505	SUNGER VISCO BLOK 50 DNS BEYAZ FR 199X179X120 NORMAL DUZ (FR BS 7177)	M3
SAS-5581743944	2604140506	89	120562830	50 VISCO PE BLOKCM BEYAZ 199x179	7610	HASUBL0505	SUNGER VISCO BLOK 50 DNS BEYAZ FR 199X179X120 NORMAL DUZ (FR BS 7177)	M3
SAS-5581743944	2604140505	89	120562830	50 VISCO PE BLOKCM BEYAZ 199x179	7620	HASUBL0505	SUNGER VISCO BLOK 50 DNS BEYAZ FR 199X179X120 NORMAL DUZ (FR BS 7177)	M3
SAS-5581743944	2604140535	89	120560749	50 VISCO PE BLOKCM BEYAZ 199x149	7630	HASUBL0485	SUNGER VISCO BLOK 50 DNS BEYAZ FR 199X149X120 NORMAL DUZ (FR BS 7177)	M3
SAS-5581743944	2604131851	107	120238611	27 DURA BLOKCM GRI 198x188	7640	HASUBL0321	SUNGER PU BLOK 27 DNS GRI 198X188X120 DURA	M3
SAS-5581743944	2604131839	107	120238611	27 DURA BLOKCM GRI 198x188	7650	HASUBL0321	SUNGER PU BLOK 27 DNS GRI 198X188X120 DURA	M3
SAS-5581743944	2604140536	89	120560749	50 VISCO PE BLOKCM BEYAZ 199x149	7660	HASUBL0485	SUNGER VISCO BLOK 50 DNS BEYAZ FR 199X149X120 NORMAL DUZ (FR BS 7177)	M3
SAS-5581743944	2604102211	108	120201288	27 FLEXI BLOKCM GRI 198x178	7670	HASUBL0198	SUNGER PU BLOK 27 DNS GRI 198X178X100 FLEXI	M3
SAS-5581743944	2604102202	109	120201288	27 FLEXI BLOKCM GRI 198x178	7680	HASUBL0198	SUNGER PU BLOK 27 DNS GRI 198X178X100 FLEXI	M3
SAS-5581743944	2604102203	109	120201288	27 FLEXI BLOKCM GRI 198x178	7690	HASUBL0198	SUNGER PU BLOK 27 DNS GRI 198X178X100 FLEXI	M3
SAS-5581743944	2604130744	70	120560337	27 FLEXI BLOKCM GRI 200x183	7700	HASUBL0456	SUNGER PU BLOK 27 DNS GRI 200X183X120 FLEXI	M3
SAS-5581743944	2604130745	111	120560337	27 FLEXI BLOKCM GRI 200x183	7710	HASUBL0456	SUNGER PU BLOK 27 DNS GRI 200X183X120 FLEXI	M3
SAS-5581743944	2604130743	115	120201289	27 FLEXI BLOKCM GRI 198x181	7720	HASUBL0113	SUNGER PU BLOK 27 DNS GRI 198X181X120 FLEXI	M3
SAS-5581743944	2604130742	115	120201289	27 FLEXI BLOKCM GRI 198x181	7730	HASUBL0113	SUNGER PU BLOK 27 DNS GRI 198X181X120 FLEXI	M3
SAS-5581743944	2604150024	109	120550547	22 FLEXI BLOKCM BEYAZ 180x140	7740	HASUBL0954	SUNGER PU BLOK 22 DNS BEYAZ 180X140X120 FLEXI	M3
SAS-5581743944	2604140545	30	120577244	40 VISCO PEJEL RULO MAVI 198x2,7	7750	HASURL0325	SUNGER VISCO JEL RULO 40 DNS MAVI 198X2,7 (PANEFEKT)	METRE
SAS-5581743944	2604140052	30	120577244	40 VISCO PEJEL RULO MAVI 198x2,7	7760	HASURL0325	SUNGER VISCO JEL RULO 40 DNS MAVI 198X2,7 (PANEFEKT)	METRE
SAS-5581743944	2604140409	30	120577244	40 VISCO PEJEL RULO MAVI 198x2,7	7770	HASURL0325	SUNGER VISCO JEL RULO 40 DNS MAVI 198X2,7 (PANEFEKT)	METRE
SAS-5581743944	2604140539	30	120577244	40 VISCO PEJEL RULO MAVI 198x2,7	7780	HASURL0325	SUNGER VISCO JEL RULO 40 DNS MAVI 198X2,7 (PANEFEKT)	METRE
SAS-5581743944	2604140476	30	120577244	40 VISCO PEJEL RULO MAVI 198x2,7	7790	HASURL0325	SUNGER VISCO JEL RULO 40 DNS MAVI 198X2,7 (PANEFEKT)	METRE
SAS-5581743944	2604140466	30	120577244	40 VISCO PEJEL RULO MAVI 198x2,7	7800	HASURL0325	SUNGER VISCO JEL RULO 40 DNS MAVI 198X2,7 (PANEFEKT)	METRE
SAS-5581743944	2604141221	6	120543669	50 VISCO PE DUZ BEYAZ 199x149x4	7810	HASUPL09948	SUNGER VISCO PLAKA 50 DNS BEYAZ FR 199X149X4 NORMAL DUZ (FR BS 7177)	Adet
SAS-5581743944	2604140077	30	120577244	40 VISCO PEJEL RULO MAVI 198x2,7	7820	HASURL0325	SUNGER VISCO JEL RULO 40 DNS MAVI 198X2,7 (PANEFEKT)	METRE
SAS-5581743944	2604140017	30	120577244	40 VISCO PEJEL RULO MAVI 198x2,7	7830	HASURL0325	SUNGER VISCO JEL RULO 40 DNS MAVI 198X2,7 (PANEFEKT)	METRE
SAS-5581743944	2604140027	30	120577244	40 VISCO PEJEL RULO MAVI 198x2,7	7840	HASURL0325	SUNGER VISCO JEL RULO 40 DNS MAVI 198X2,7 (PANEFEKT)	METRE
SAS-5581743944	2604140082	30	120577244	40 VISCO PEJEL RULO MAVI 198x2,7	7850	HASURL0325	SUNGER VISCO JEL RULO 40 DNS MAVI 198X2,7 (PANEFEKT)	METRE
SAS-5581743944	2604140459	30	120577244	40 VISCO PEJEL RULO MAVI 198x2,7	7860	HASURL0325	SUNGER VISCO JEL RULO 40 DNS MAVI 198X2,7 (PANEFEKT)	METRE
SAS-5581743944	2604140046	30	120577244	40 VISCO PEJEL RULO MAVI 198x2,7	7870	HASURL0325	SUNGER VISCO JEL RULO 40 DNS MAVI 198X2,7 (PANEFEKT)	METRE
SAS-5581743944	2604140406	30	120577244	40 VISCO PEJEL RULO MAVI 198x2,7	7880	HASURL0325	SUNGER VISCO JEL RULO 40 DNS MAVI 198X2,7 (PANEFEKT)	METRE
SAS-5581743944	2604140509	30	120577244	40 VISCO PEJEL RULO MAVI 198x2,7	7890	HASURL0325	SUNGER VISCO JEL RULO 40 DNS MAVI 198X2,7 (PANEFEKT)	METRE
SAS-5581743944	2604140537	30	120577244	40 VISCO PEJEL RULO MAVI 198x2,7	7900	HASURL0325	SUNGER VISCO JEL RULO 40 DNS MAVI 198X2,7 (PANEFEKT)	METRE
SAS-5581743944	2604140070	30	120577244	40 VISCO PEJEL RULO MAVI 198x2,7	7910	HASURL0325	SUNGER VISCO JEL RULO 40 DNS MAVI 198X2,7 (PANEFEKT)	METRE
SAS-5581743944	2604140454	30	120577244	40 VISCO PEJEL RULO MAVI 198x2,7	7920	HASURL0325	SUNGER VISCO JEL RULO 40 DNS MAVI 198X2,7 (PANEFEKT)	METRE
SAS-5581743944	2604140474	30	120577244	40 VISCO PEJEL RULO MAVI 198x2,7	7930	HASURL0325	SUNGER VISCO JEL RULO 40 DNS MAVI 198X2,7 (PANEFEKT)	METRE
SAS-5581743944	2604140044	30	120577244	40 VISCO PEJEL RULO MAVI 198x2,7	7940	HASURL0325	SUNGER VISCO JEL RULO 40 DNS MAVI 198X2,7 (PANEFEKT)	METRE
SAS-5581743944	2604152905	111	120201287	27 FLEXI BLOKCM GRI 198x158	7950	HASUBL0157	SUNGER PU BLOK 27 DNS MAVI 198X158X120 FLEXI	M3
SAS-5581743944	2604152892	111	120201287	27 FLEXI BLOKCM GRI 198x158	7960	HASUBL0157	SUNGER PU BLOK 27 DNS MAVI 198X158X120 FLEXI	M3
SAS-5581743944	2604152944	111	120201287	27 FLEXI BLOKCM GRI 198x158	7970	HASUBL0157	SUNGER PU BLOK 27 DNS MAVI 198X158X120 FLEXI	M3
SAS-5581743944	2604152943	111	120201287	27 FLEXI BLOKCM GRI 198x158	7980	HASUBL0157	SUNGER PU BLOK 27 DNS MAVI 198X158X120 FLEXI	M3
SAS-5581743944	2604152907	111	120201287	27 FLEXI BLOKCM GRI 198x158	7990	HASUBL0157	SUNGER PU BLOK 27 DNS MAVI 198X158X120 FLEXI	M3
SAS-5581743944	2604152908	111	120201287	27 FLEXI BLOKCM GRI 198x158	8000	HASUBL0157	SUNGER PU BLOK 27 DNS MAVI 198X158X120 FLEXI	M3
SAS-5581743944	2604152936	105	121020881	32 FR BLOKCM BEYAZ 199x149	8010	HASUBL0482	SUNGER PU BLOK 32 DNS FR BEYAZ 199X149X120 DUZ (FR BS 7177) SOFT	M3
SAS-5581743944	2604152935	105	121020881	32 FR BLOKCM BEYAZ 199x149	8020	HASUBL0482	SUNGER PU BLOK 32 DNS FR BEYAZ 199X149X120 DUZ (FR BS 7177) SOFT	M3
SAS-5581743944	2604152943	105	121020881	32 FR BLOKCM BEYAZ 199x149	8030	HASUBL0482	SUNGER PU BLOK 32 DNS FR BEYAZ 199X149X120 DUZ (FR BS 7177) SOFT	M3
SAS-5581743944	2604152942	105	121020881	32 FR BLOKCM BEYAZ 199x149	8040	HASUBL0482	SUNGER PU BLOK 32 DNS FR BEYAZ 199X149X120 DUZ (FR BS 7177) SOFT	M3
SAS-5581743944	2604152923	105	121020881	32 FR BLOKCM BEYAZ 199x149	8050	HASUBL0482	SUNGER PU BLOK 32 DNS FR BEYAZ 199X149X120 DUZ (FR BS 7177) SOFT	M3
SAS-5581743944	2604152924	105	121020881	32 FR BLOKCM BEYAZ 199x149	8060	HASUBL0482	SUNGER PU BLOK 32 DNS FR BEYAZ 199X149X120 DUZ (FR BS 7177) SOFT	M3
SAS-5581743944	2604152911	105	121020881	32 FR BLOKCM BEYAZ 199x149	8070	HASUBL0482	SUNGER PU BLOK 32 DNS FR BEYAZ 199X149X120 DUZ (FR BS 7177) SOFT	M3
SAS-5581743944	2604152912	105	121020881	32 FR BLOKCM BEYAZ 199x149	8080	HASUBL0482	SUNGER PU BLOK 32 DNS FR BEYAZ 199X149X120 DUZ (FR BS 7177) SOFT	M3
SAS-5581743944	2604152934	105	121020881	32 FR BLOKCM BEYAZ 199x149	8090	HASUBL0482	SUNGER PU BLOK 32 DNS FR BEYAZ 199X149X120 DUZ (FR BS 7177) SOFT	M3
SAS-5581743944	2604152897	105	121020882	32 FR BLOKCM BEYAZ 199x179	8100	HASUBL0483	SUNGER PU BLOK 32 DNS FR BEYAZ 199X179X120 DUZ (FR BS 7177) SOFT	M3
SAS-5581743944	2604152896	105	121020882	32 FR BLOKCM BEYAZ 199x179	8110	HASUBL0483	SUNGER PU BLOK 32 DNS FR BEYAZ 199X179X120 DUZ (FR BS 7177) SOFT	M3
SAS-5581743944	2604152885	101	121020882	32 FR BLOKCM BEYAZ 199x179	8120	HASUBL0483	SUNGER PU BLOK 32 DNS FR BEYAZ 199X179X120 DUZ (FR BS 7177) SOFT	M3
SAS-5581743944	2604152886	101	121020882	32 FR BLOKCM BEYAZ 199x179	8130	HASUBL0483	SUNGER PU BLOK 32 DNS FR BEYAZ 199X179X120 DUZ (FR BS 7177) SOFT	M3
SAS-5581743944	2604152895	105	121020882	32 FR BLOKCM BEYAZ 199x179	8140	HASUBL0483	SUNGER PU BLOK 32 DNS FR BEYAZ 199X179X120 DUZ (FR BS 7177) SOFT	M3
SAS-5581743944	2604152944	105	121020881	32 FR BLOKCM BEYAZ 199x149	8150	HASUBL0482	SUNGER PU BLOK 32 DNS FR BEYAZ 199X149X120 DUZ (FR BS 7177) SOFT	M3
SAS-5581743944	2604152962	105	121020881	32 FR BLOKCM BEYAZ 199x149	8160	HASUBL0482	SUNGER PU BLOK 32 DNS FR BEYAZ 199X149X120 DUZ (FR BS 7177) SOFT	M3
SAS-5581743944	2604160083	67	120568574	50 VISCO PE BLOKCM BEYAZ 198x158	8170	HASUBL0594	SUNGER VISCO BLOK 50 DNS BEYAZ 198X158X120 NORMAL DUZ	M3
SAS-5581743944	2604160084	67	120568574	50 VISCO PE BLOKCM BEYAZ 198x158	8180	HASUBL0594	SUNGER VISCO BLOK 50 DNS BEYAZ 198X158X120 NORMAL DUZ	M3
SAS-5581743944	2604152910	105	121020881	32 FR BLOKCM BEYAZ 199x149	8190	HASUBL0482	SUNGER PU BLOK 32 DNS FR BEYAZ 199X149X120 DUZ (FR BS 7177) SOFT	M3
SAS-5581743944	2604152922	105	121020881	32 FR BLOKCM BEYAZ 199x149	8200	HASUBL0482	SUNGER PU BLOK 32 DNS FR BEYAZ 199X149X120 DUZ (FR BS 7177) SOFT	M3
SAS-5581743944	2604152996	112	120201288	27 FLEXI BLOKCM GRI 198x178	8210	HASUBL0198	SUNGER PU BLOK 27 DNS GRI 198X178X100 FLEXI	M3
SAS-5581743944	2604153002	112	120201288	27 FLEXI BLOKCM GRI 198x178	8220	HASUBL0198	SUNGER PU BLOK 27 DNS GRI 198X178X100 FLEXI	M3
SAS-5581743944	2604152999	112	120201288	27 FLEXI BLOKCM GRI 198x178	8230	HASUBL0198	SUNGER PU BLOK 27 DNS GRI 198X178X100 FLEXI	M3
SAS-5581743944	2604152998	112	120201288	27 FLEXI BLOKCM GRI 198x178	8240	HASUBL0198	SUNGER PU BLOK 27 DNS GRI 198X178X100 FLEXI	M3
SAS-5581743944	2604152989	112	120201288	27 FLEXI BLOKCM GRI 198x178	8250	HASUBL0198	SUNGER PU BLOK 27 DNS GRI 198X178X100 FLEXI	M3
SAS-5581743944	2604152997	112	120201288	27 FLEXI BLOKCM GRI 198x178	8260	HASUBL0198	SUNGER PU BLOK 27 DNS GRI 198X178X100 FLEXI	M3
SAS-5581743944	2604152988	112	120201288	27 FLEXI BLOKCM GRI 198x178	8270	HASUBL0198	SUNGER PU BLOK 27 DNS GRI 198X178X100 FLEXI	M3
SAS-5581743944	2604152987	112	120201288	27 FLEXI BLOKCM GRI 198x178	8280	HASUBL0198	SUNGER PU BLOK 27 DNS GRI 198X178X100 FLEXI	M3
SAS-5581743944	2604153041	113	120201287	27 FLEXI BLOKCM GRI 198x158	8290	HASUBL0157	SUNGER PU BLOK 27 DNS MAVI 198X158X120 FLEXI	M3
SAS-5581743944	2604153040	113	120201287	27 FLEXI BLOKCM GRI 198x158	8300	HASUBL0157	SUNGER PU BLOK 27 DNS MAVI 198X158X120 FLEXI	M3
SAS-5581743944	2604153039	113	120201287	27 FLEXI BLOKCM GRI 198x158	8310	HASUBL0157	SUNGER PU BLOK 27 DNS MAVI 198X158X120 FLEXI	M3
SAS-5581743944	2604153012	113	120201287	27 FLEXI BLOKCM GRI 198x158	8320	HASUBL0157	SUNGER PU BLOK 27 DNS MAVI 198X158X120 FLEXI	M3
SAS-5581743944	2604153011	113	120201287	27 FLEXI BLOKCM GRI 198x158	8330	HASUBL0157	SUNGER PU BLOK 27 DNS MAVI 198X158X120 FLEXI	M3
SAS-5581743944	2604152904	111	120201287	27 FLEXI BLOKCM GRI 198x158	8340	HASUBL0157	SUNGER PU BLOK 27 DNS MAVI 198X158X120 FLEXI	M3
SAS-5581743944	2604152906	111	120201287	27 FLEXI BLOKCM GRI 198x158	8350	HASUBL0157	SUNGER PU BLOK 27 DNS MAVI 198X158X120 FLEXI	M3
SAS-5581743944	2604152890	111	120201287	27 FLEXI BLOKCM GRI 198x158	8360	HASUBL0157	SUNGER PU BLOK 27 DNS MAVI 198X158X120 FLEXI	M3
SAS-5581743944	2604152891	111	120201287	27 FLEXI BLOKCM GRI 198x158	8370	HASUBL0157	SUNGER PU BLOK 27 DNS MAVI 198X158X120 FLEXI	M3
SAS-5581743944	2604152888	111	120201287	27 FLEXI BLOKCM GRI 198x158	8380	HASUBL0157	SUNGER PU BLOK 27 DNS MAVI 198X158X120 FLEXI	M3
SAS-5581743944	2604152889	111	120201287	27 FLEXI BLOKCM GRI 198x158	8390	HASUBL0157	SUNGER PU BLOK 27 DNS MAVI 198X158X120 FLEXI	M3
SAS-5581743944	2604152808	111	120201287	27 FLEXI BLOKCM GRI 198x158	8400	HASUBL0157	SUNGER PU BLOK 27 DNS MAVI 198X158X120 FLEXI	M3
SAS-5581743944	2604153009	113	120201287	27 FLEXI BLOKCM GRI 198x158	8410	HASUBL0157	SUNGER PU BLOK 27 DNS MAVI 198X158X120 FLEXI	M3
SAS-5581743944	2604152995	112	120201288	27 FLEXI BLOKCM GRI 198x178	8420	HASUBL0198	SUNGER PU BLOK 27 DNS GRI 198X178X100 FLEXI	M3
SAS-5581743944	2604153010	113	120201287	27 FLEXI BLOKCM GRI 198x158	8430	HASUBL0157	SUNGER PU BLOK 27 DNS MAVI 198X158X120 FLEXI	M3
SAS-5581743944	2604152809	111	120201287	27 FLEXI BLOKCM GRI 198x158	8440	HASUBL0157	SUNGER PU BLOK 27 DNS MAVI 198X158X120 FLEXI	M3
SAS-5581743944	2604152807	111	120201287	27 FLEXI BLOKCM GRI 198x158	8450	HASUBL0157	SUNGER PU BLOK 27 DNS MAVI 198X158X120 FLEXI	M3
SAS-5581743944	2604152806	111	120201287	27 FLEXI BLOKCM GRI 198x158	8460	HASUBL0157	SUNGER PU BLOK 27 DNS MAVI 198X158X120 FLEXI	M3
SAS-5581743944	2604170531	35	120509566	24 SOFT RULO BEYAZ 220x2,7	8470	HASURL0168	SUNGER PU RULO 24 DNS BEYAZ 220X2,7 SOFT DUZ	METRE
SAS-5581743944	2604170578	35	120509566	24 SOFT RULO BEYAZ 220x2,7	8480	HASURL0168	SUNGER PU RULO 24 DNS BEYAZ 220X2,7 SOFT DUZ	METRE
SAS-5581743944	2604170480	35	120509566	24 SOFT RULO BEYAZ 220x2,7	8490	HASURL0168	SUNGER PU RULO 24 DNS BEYAZ 220X2,7 SOFT DUZ	METRE
SAS-5581743944	2604170440	35	120509566	24 SOFT RULO BEYAZ 220x2,7	8500	HASURL0168	SUNGER PU RULO 24 DNS BEYAZ 220X2,7 SOFT DUZ	METRE
SAS-5581743944	2604170484	35	120509566	24 SOFT RULO BEYAZ 220x2,7	8510	HASURL0168	SUNGER PU RULO 24 DNS BEYAZ 220X2,7 SOFT DUZ	METRE
SAS-5581743944	2604170517	35	120509566	24 SOFT RULO BEYAZ 220x2,7	8520	HASURL0168	SUNGER PU RULO 24 DNS BEYAZ 220X2,7 SOFT DUZ	METRE
SAS-5581743944	2604170473	35	120509566	24 SOFT RULO BEYAZ 220x2,7	8530	HASURL0168	SUNGER PU RULO 24 DNS BEYAZ 220X2,7 SOFT DUZ	METRE
SAS-5581743944	2604170489	35	120509566	24 SOFT RULO BEYAZ 220x2,7	8540	HASURL0168	SUNGER PU RULO 24 DNS BEYAZ 220X2,7 SOFT DUZ	METRE
SAS-5581743944	2604170429	24	120509566	24 SOFT RULO BEYAZ 220x2,7	8550	HASURL0168	SUNGER PU RULO 24 DNS BEYAZ 220X2,7 SOFT DUZ	METRE
SAS-5581743944	2604170450	35	120509566	24 SOFT RULO BEYAZ 220x2,7	8560	HASURL0168	SUNGER PU RULO 24 DNS BEYAZ 220X2,7 SOFT DUZ	METRE
SAS-5581743944	2604170585	35	120509566	24 SOFT RULO BEYAZ 220x2,7	8570	HASURL0168	SUNGER PU RULO 24 DNS BEYAZ 220X2,7 SOFT DUZ	METRE
SAS-5581743944	2604170461	35	120509566	24 SOFT RULO BEYAZ 220x2,7	8580	HASURL0168	SUNGER PU RULO 24 DNS BEYAZ 220X2,7 SOFT DUZ	METRE
SAS-5581743944	2604171136	3	120562028	50 VISCO PE DUZ BEYAZ 189x134x3	8590	HASUPL10851	SUNGER VISCO PLAKA 50 DNS BEYAZ FR 189X134X3 NORMAL DUZ (FR BS 7177)	Adet
SAS-5581743944	2604171134	10	120562028	50 VISCO PE DUZ BEYAZ 189x134x3	8600	HASUPL10851	SUNGER VISCO PLAKA 50 DNS BEYAZ FR 189X134X3 NORMAL DUZ (FR BS 7177)	Adet
SAS-5581743944	2604171128	10	120562028	50 VISCO PE DUZ BEYAZ 189x134x3	8610	HASUPL10851	SUNGER VISCO PLAKA 50 DNS BEYAZ FR 189X134X3 NORMAL DUZ (FR BS 7177)	Adet
SAS-5581743944	2604171119	10	120562028	50 VISCO PE DUZ BEYAZ 189x134x3	8620	HASUPL10851	SUNGER VISCO PLAKA 50 DNS BEYAZ FR 189X134X3 NORMAL DUZ (FR BS 7177)	Adet
SAS-5581743944	2604171114	10	120562028	50 VISCO PE DUZ BEYAZ 189x134x3	8630	HASUPL10851	SUNGER VISCO PLAKA 50 DNS BEYAZ FR 189X134X3 NORMAL DUZ (FR BS 7177)	Adet
SAS-5581743944	2604171110	10	120562028	50 VISCO PE DUZ BEYAZ 189x134x3	8640	HASUPL10851	SUNGER VISCO PLAKA 50 DNS BEYAZ FR 189X134X3 NORMAL DUZ (FR BS 7177)	Adet
SAS-5581743944	2604171109	10	120562028	50 VISCO PE DUZ BEYAZ 189x134x3	8650	HASUPL10851	SUNGER VISCO PLAKA 50 DNS BEYAZ FR 189X134X3 NORMAL DUZ (FR BS 7177)	Adet
SAS-5581743944	2604171102	10	120562028	50 VISCO PE DUZ BEYAZ 189x134x3	8660	HASUPL10851	SUNGER VISCO PLAKA 50 DNS BEYAZ FR 189X134X3 NORMAL DUZ (FR BS 7177)	Adet
SAS-5581743944	2604171097	10	120562028	50 VISCO PE DUZ BEYAZ 189x134x3	8670	HASUPL10851	SUNGER VISCO PLAKA 50 DNS BEYAZ FR 189X134X3 NORMAL DUZ (FR BS 7177)	Adet
SAS-5581743944	2604171087	10	120562028	50 VISCO PE DUZ BEYAZ 189x134x3	8680	HASUPL10851	SUNGER VISCO PLAKA 50 DNS BEYAZ FR 189X134X3 NORMAL DUZ (FR BS 7177)	Adet
SAS-5581743944	2604170619	35	120509566	24 SOFT RULO BEYAZ 220x2,7	8690	HASURL0168	SUNGER PU RULO 24 DNS BEYAZ 220X2,7 SOFT DUZ	METRE
SAS-5581743944	2604170602	35	120509566	24 SOFT RULO BEYAZ 220x2,7	8700	HASURL0168	SUNGER PU RULO 24 DNS BEYAZ 220X2,7 SOFT DUZ	METRE
SAS-5581743944	2604170621	35	120509566	24 SOFT RULO BEYAZ 220x2,7	8710	HASURL0168	SUNGER PU RULO 24 DNS BEYAZ 220X2,7 SOFT DUZ	METRE
SAS-5581743944	2604170608	35	120509566	24 SOFT RULO BEYAZ 220x2,7	8720	HASURL0168	SUNGER PU RULO 24 DNS BEYAZ 220X2,7 SOFT DUZ	METRE
SAS-5581743944	2604170516	35	120509566	24 SOFT RULO BEYAZ 220x2,7	8730	HASURL0168	SUNGER PU RULO 24 DNS BEYAZ 220X2,7 SOFT DUZ	METRE
SAS-5581743944	2604170471	35	120509566	24 SOFT RULO BEYAZ 220x2,7	8740	HASURL0168	SUNGER PU RULO 24 DNS BEYAZ 220X2,7 SOFT DUZ	METRE
SAS-5581743944	2604170463	35	120509566	24 SOFT RULO BEYAZ 220x2,7	8750	HASURL0168	SUNGER PU RULO 24 DNS BEYAZ 220X2,7 SOFT DUZ	METRE
SAS-5581743944	2604170499	35	120509566	24 SOFT RULO BEYAZ 220x2,7	8760	HASURL0168	SUNGER PU RULO 24 DNS BEYAZ 220X2,7 SOFT DUZ	METRE
SAS-5581743944	2604170620	35	120509566	24 SOFT RULO BEYAZ 220x2,7	8770	HASURL0168	SUNGER PU RULO 24 DNS BEYAZ 220X2,7 SOFT DUZ	METRE
SAS-5581743944	2604170500	35	120509566	24 SOFT RULO BEYAZ 220x2,7	8780	HASURL0168	SUNGER PU RULO 24 DNS BEYAZ 220X2,7 SOFT DUZ	METRE
SAS-5581743944	2604170595	35	120509566	24 SOFT RULO BEYAZ 220x2,7	8790	HASURL0168	SUNGER PU RULO 24 DNS BEYAZ 220X2,7 SOFT DUZ	METRE
SAS-5581743944	2604170532	35	120509566	24 SOFT RULO BEYAZ 220x2,7	8800	HASURL0168	SUNGER PU RULO 24 DNS BEYAZ 220X2,7 SOFT DUZ	METRE
SAS-5581743944	2604170433	27	120509566	24 SOFT RULO BEYAZ 220x2,7	8810	HASURL0168	SUNGER PU RULO 24 DNS BEYAZ 220X2,7 SOFT DUZ	METRE
SAS-5581743944	2604170505	35	120509566	24 SOFT RULO BEYAZ 220x2,7	8820	HASURL0168	SUNGER PU RULO 24 DNS BEYAZ 220X2,7 SOFT DUZ	METRE
SAS-5581743944	2604170624	35	120509566	24 SOFT RULO BEYAZ 220x2,7	8830	HASURL0168	SUNGER PU RULO 24 DNS BEYAZ 220X2,7 SOFT DUZ	METRE
SAS-5581743944	2604170477	35	120509566	24 SOFT RULO BEYAZ 220x2,7	8840	HASURL0168	SUNGER PU RULO 24 DNS BEYAZ 220X2,7 SOFT DUZ	METRE
SAS-5581743944	2604170435	35	120509566	24 SOFT RULO BEYAZ 220x2,7	8850	HASURL0168	SUNGER PU RULO 24 DNS BEYAZ 220X2,7 SOFT DUZ	METRE
SAS-5581743944	2604170623	35	120509566	24 SOFT RULO BEYAZ 220x2,7	8860	HASURL0168	SUNGER PU RULO 24 DNS BEYAZ 220X2,7 SOFT DUZ	METRE
SAS-5581743944	2604170452	35	120509566	24 SOFT RULO BEYAZ 220x2,7	8870	HASURL0168	SUNGER PU RULO 24 DNS BEYAZ 220X2,7 SOFT DUZ	METRE
SAS-5581743944	2604170494	35	120509566	24 SOFT RULO BEYAZ 220x2,7	8880	HASURL0168	SUNGER PU RULO 24 DNS BEYAZ 220X2,7 SOFT DUZ	METRE
SAS-5581743944	2604170509	35	120509566	24 SOFT RULO BEYAZ 220x2,7	8890	HASURL0168	SUNGER PU RULO 24 DNS BEYAZ 220X2,7 SOFT DUZ	METRE
SAS-5581743944	2604170503	35	120509566	24 SOFT RULO BEYAZ 220x2,7	8900	HASURL0168	SUNGER PU RULO 24 DNS BEYAZ 220X2,7 SOFT DUZ	METRE
SAS-5581743944	2604201091	36	120507297	23 FLEXI RULO BEYAZ 210x2,7	8910	HASURL0165	SUNGER PU RULO 23 DNS 190 NEWTON BEYAZ 210X2,7 DUZ	METRE
SAS-5581743944	2604201010	36	120507297	23 FLEXI RULO BEYAZ 210x2,7	8920	HASURL0165	SUNGER PU RULO 23 DNS 190 NEWTON BEYAZ 210X2,7 DUZ	METRE
SAS-5581743944	2604201008	36	120507297	23 FLEXI RULO BEYAZ 210x2,7	8930	HASURL0165	SUNGER PU RULO 23 DNS 190 NEWTON BEYAZ 210X2,7 DUZ	METRE
SAS-5581743944	2604201003	36	120507297	23 FLEXI RULO BEYAZ 210x2,7	8940	HASURL0165	SUNGER PU RULO 23 DNS 190 NEWTON BEYAZ 210X2,7 DUZ	METRE
SAS-5581743944	2604200923	36	120507297	23 FLEXI RULO BEYAZ 210x2,7	8950	HASURL0165	SUNGER PU RULO 23 DNS 190 NEWTON BEYAZ 210X2,7 DUZ	METRE
SAS-5581743944	2604200921	36	120507297	23 FLEXI RULO BEYAZ 210x2,7	8960	HASURL0165	SUNGER PU RULO 23 DNS 190 NEWTON BEYAZ 210X2,7 DUZ	METRE
SAS-5581743944	2604200917	36	120507297	23 FLEXI RULO BEYAZ 210x2,7	8970	HASURL0165	SUNGER PU RULO 23 DNS 190 NEWTON BEYAZ 210X2,7 DUZ	METRE
SAS-5581743944	2604201005	36	120507297	23 FLEXI RULO BEYAZ 210x2,7	8980	HASURL0165	SUNGER PU RULO 23 DNS 190 NEWTON BEYAZ 210X2,7 DUZ	METRE
SAS-5581743944	2604200915	36	120507297	23 FLEXI RULO BEYAZ 210x2,7	8990	HASURL0165	SUNGER PU RULO 23 DNS 190 NEWTON BEYAZ 210X2,7 DUZ	METRE
SAS-5581743944	2604200916	36	120507297	23 FLEXI RULO BEYAZ 210x2,7	9000	HASURL0165	SUNGER PU RULO 23 DNS 190 NEWTON BEYAZ 210X2,7 DUZ	METRE
SAS-5581743944	2604201007	36	120507297	23 FLEXI RULO BEYAZ 210x2,7	9010	HASURL0165	SUNGER PU RULO 23 DNS 190 NEWTON BEYAZ 210X2,7 DUZ	METRE
SAS-5581743944	2604201002	36	120507297	23 FLEXI RULO BEYAZ 210x2,7	9020	HASURL0165	SUNGER PU RULO 23 DNS 190 NEWTON BEYAZ 210X2,7 DUZ	METRE
SAS-5581743944	2604200904	36	120507297	23 FLEXI RULO BEYAZ 210x2,7	9030	HASURL0165	SUNGER PU RULO 23 DNS 190 NEWTON BEYAZ 210X2,7 DUZ	METRE
SAS-5581743944	2604200905	36	120507297	23 FLEXI RULO BEYAZ 210x2,7	9040	HASURL0165	SUNGER PU RULO 23 DNS 190 NEWTON BEYAZ 210X2,7 DUZ	METRE
SAS-5581743944	2604201009	36	120507297	23 FLEXI RULO BEYAZ 210x2,7	9050	HASURL0165	SUNGER PU RULO 23 DNS 190 NEWTON BEYAZ 210X2,7 DUZ	METRE
SAS-5581743944	2604201006	36	120507297	23 FLEXI RULO BEYAZ 210x2,7	9060	HASURL0165	SUNGER PU RULO 23 DNS 190 NEWTON BEYAZ 210X2,7 DUZ	METRE
SAS-5581743944	2604200926	36	120507297	23 FLEXI RULO BEYAZ 210x2,7	9070	HASURL0165	SUNGER PU RULO 23 DNS 190 NEWTON BEYAZ 210X2,7 DUZ	METRE
SAS-5581743944	2604200925	36	120507297	23 FLEXI RULO BEYAZ 210x2,7	9080	HASURL0165	SUNGER PU RULO 23 DNS 190 NEWTON BEYAZ 210X2,7 DUZ	METRE
SAS-5581743944	2604201004	36	120507297	23 FLEXI RULO BEYAZ 210x2,7	9090	HASURL0165	SUNGER PU RULO 23 DNS 190 NEWTON BEYAZ 210X2,7 DUZ	METRE
SAS-5581743944	2604200924	36	120507297	23 FLEXI RULO BEYAZ 210x2,7	9100	HASURL0165	SUNGER PU RULO 23 DNS 190 NEWTON BEYAZ 210X2,7 DUZ	METRE
SAS-5581743944	2604201011	36	120507297	23 FLEXI RULO BEYAZ 210x2,7	9110	HASURL0165	SUNGER PU RULO 23 DNS 190 NEWTON BEYAZ 210X2,7 DUZ	METRE
SAS-5581743944	2604201092	36	120507297	23 FLEXI RULO BEYAZ 210x2,7	9120	HASURL0165	SUNGER PU RULO 23 DNS 190 NEWTON BEYAZ 210X2,7 DUZ	METRE
SAS-5581743944	2604201093	36	120507297	23 FLEXI RULO BEYAZ 210x2,7	9130	HASURL0165	SUNGER PU RULO 23 DNS 190 NEWTON BEYAZ 210X2,7 DUZ	METRE
SAS-5581743944	2604201094	36	120507297	23 FLEXI RULO BEYAZ 210x2,7	9140	HASURL0165	SUNGER PU RULO 23 DNS 190 NEWTON BEYAZ 210X2,7 DUZ	METRE
SAS-5581743944	2604201436	36	120507297	23 FLEXI RULO BEYAZ 210x2,7	9150	HASURL0165	SUNGER PU RULO 23 DNS 190 NEWTON BEYAZ 210X2,7 DUZ	METRE
SAS-5581743944	2604180592	70	120562829	50 VISCO PE BLOKCM BEYAZ 189x134	9160	HASUBL0506	SUNGER VISCO BLOK 50 DNS BEYAZ FR 189X134X120 NORMAL DUZ (FR BS 7177)	M3
SAS-5581743944	2604181048	6	120562028	50 VISCO PE DUZ BEYAZ 189x134x3	9170	HASUPL10851	SUNGER VISCO PLAKA 50 DNS BEYAZ FR 189X134X3 NORMAL DUZ (FR BS 7177)	Adet
SAS-5581743944	2604181049	6	120562028	50 VISCO PE DUZ BEYAZ 189x134x3	9180	HASUPL10851	SUNGER VISCO PLAKA 50 DNS BEYAZ FR 189X134X3 NORMAL DUZ (FR BS 7177)	Adet
SAS-5581743944	2604171251	7	120543668	50 VISCO PE DUZ BEYAZ 189x134x4	9190	HASUPL09945	SUNGER VISCO PLAKA 50 DNS BEYAZ FR 189X134X4 NORMAL DUZ (FR BS 7177)	Adet
SAS-5581743944	2604171253	7	120543668	50 VISCO PE DUZ BEYAZ 189x134x4	9200	HASUPL09945	SUNGER VISCO PLAKA 50 DNS BEYAZ FR 189X134X4 NORMAL DUZ (FR BS 7177)	Adet
SAS-5581743944	2604171254	7	120543668	50 VISCO PE DUZ BEYAZ 189x134x4	9210	HASUPL09945	SUNGER VISCO PLAKA 50 DNS BEYAZ FR 189X134X4 NORMAL DUZ (FR BS 7177)	Adet
SAS-5581743944	2604171279	2	120543668	50 VISCO PE DUZ BEYAZ 189x134x4	9220	HASUPL09945	SUNGER VISCO PLAKA 50 DNS BEYAZ FR 189X134X4 NORMAL DUZ (FR BS 7177)	Adet
SAS-5581743944	2604171184	7	120543668	50 VISCO PE DUZ BEYAZ 189x134x4	9230	HASUPL09945	SUNGER VISCO PLAKA 50 DNS BEYAZ FR 189X134X4 NORMAL DUZ (FR BS 7177)	Adet
SAS-5581743944	2604171218	7	120543668	50 VISCO PE DUZ BEYAZ 189x134x4	9240	HASUPL09945	SUNGER VISCO PLAKA 50 DNS BEYAZ FR 189X134X4 NORMAL DUZ (FR BS 7177)	Adet
SAS-5581743944	2604171220	7	120543668	50 VISCO PE DUZ BEYAZ 189x134x4	9250	HASUPL09945	SUNGER VISCO PLAKA 50 DNS BEYAZ FR 189X134X4 NORMAL DUZ (FR BS 7177)	Adet
SAS-5581743944	2604171222	7	120543668	50 VISCO PE DUZ BEYAZ 189x134x4	9260	HASUPL09945	SUNGER VISCO PLAKA 50 DNS BEYAZ FR 189X134X4 NORMAL DUZ (FR BS 7177)	Adet
SAS-5581743944	2604210253	36	120507296	23 FLEXI RULO BEYAZ 220x2,7	9270	HASURL0166	SUNGER PU RULO 23 DNS 190 NEWTON BEYAZ 220X2,7 DUZ	METRE
SAS-5581743944	2604210431	36	120507296	23 FLEXI RULO BEYAZ 220x2,7	9280	HASURL0166	SUNGER PU RULO 23 DNS 190 NEWTON BEYAZ 220X2,7 DUZ	METRE
SAS-5581743944	2604210256	36	120507296	23 FLEXI RULO BEYAZ 220x2,7	9290	HASURL0166	SUNGER PU RULO 23 DNS 190 NEWTON BEYAZ 220X2,7 DUZ	METRE
SAS-5581743944	2604210229	36	120507296	23 FLEXI RULO BEYAZ 220x2,7	9300	HASURL0166	SUNGER PU RULO 23 DNS 190 NEWTON BEYAZ 220X2,7 DUZ	METRE
SAS-5581743944	2604210230	36	120507296	23 FLEXI RULO BEYAZ 220x2,7	9310	HASURL0166	SUNGER PU RULO 23 DNS 190 NEWTON BEYAZ 220X2,7 DUZ	METRE
SAS-5581743944	2604210255	36	120507296	23 FLEXI RULO BEYAZ 220x2,7	9320	HASURL0166	SUNGER PU RULO 23 DNS 190 NEWTON BEYAZ 220X2,7 DUZ	METRE
SAS-5581743944	2604201435	36	120507297	23 FLEXI RULO BEYAZ 210x2,7	9330	HASURL0165	SUNGER PU RULO 23 DNS 190 NEWTON BEYAZ 210X2,7 DUZ	METRE
SAS-5581743944	2604210238	36	120507296	23 FLEXI RULO BEYAZ 220x2,7	9340	HASURL0166	SUNGER PU RULO 23 DNS 190 NEWTON BEYAZ 220X2,7 DUZ	METRE
SAS-5581743944	2604210231	36	120507296	23 FLEXI RULO BEYAZ 220x2,7	9350	HASURL0166	SUNGER PU RULO 23 DNS 190 NEWTON BEYAZ 220X2,7 DUZ	METRE
SAS-5581743944	2604201432	36	120507297	23 FLEXI RULO BEYAZ 210x2,7	9360	HASURL0165	SUNGER PU RULO 23 DNS 190 NEWTON BEYAZ 210X2,7 DUZ	METRE
SAS-5581743944	2604210434	36	120507296	23 FLEXI RULO BEYAZ 220x2,7	9370	HASURL0166	SUNGER PU RULO 23 DNS 190 NEWTON BEYAZ 220X2,7 DUZ	METRE
SAS-5581743944	2604210237	36	120507296	23 FLEXI RULO BEYAZ 220x2,7	9380	HASURL0166	SUNGER PU RULO 23 DNS 190 NEWTON BEYAZ 220X2,7 DUZ	METRE
SAS-5581743944	2604201433	36	120507297	23 FLEXI RULO BEYAZ 210x2,7	9390	HASURL0165	SUNGER PU RULO 23 DNS 190 NEWTON BEYAZ 210X2,7 DUZ	METRE
SAS-5581743944	2604210234	36	120507296	23 FLEXI RULO BEYAZ 220x2,7	9400	HASURL0166	SUNGER PU RULO 23 DNS 190 NEWTON BEYAZ 220X2,7 DUZ	METRE
SAS-5581743944	2604210228	36	120507296	23 FLEXI RULO BEYAZ 220x2,7	9410	HASURL0166	SUNGER PU RULO 23 DNS 190 NEWTON BEYAZ 220X2,7 DUZ	METRE
SAS-5581743944	2604201437	36	120507297	23 FLEXI RULO BEYAZ 210x2,7	9420	HASURL0165	SUNGER PU RULO 23 DNS 190 NEWTON BEYAZ 210X2,7 DUZ	METRE
SAS-5581743944	2604201248	36	120507297	23 FLEXI RULO BEYAZ 210x2,7	9430	HASURL0165	SUNGER PU RULO 23 DNS 190 NEWTON BEYAZ 210X2,7 DUZ	METRE
SAS-5581743944	2604210235	36	120507296	23 FLEXI RULO BEYAZ 220x2,7	9440	HASURL0166	SUNGER PU RULO 23 DNS 190 NEWTON BEYAZ 220X2,7 DUZ	METRE
SAS-5581743944	2604201244	36	120507297	23 FLEXI RULO BEYAZ 210x2,7	9450	HASURL0165	SUNGER PU RULO 23 DNS 190 NEWTON BEYAZ 210X2,7 DUZ	METRE
SAS-5581743944	2604201252	36	120507297	23 FLEXI RULO BEYAZ 210x2,7	9460	HASURL0165	SUNGER PU RULO 23 DNS 190 NEWTON BEYAZ 210X2,7 DUZ	METRE
SAS-5581743944	2604170766	91	120562829	50 VISCO PE BLOKCM BEYAZ 189x134	9470	HASUBL0506	SUNGER VISCO BLOK 50 DNS BEYAZ FR 189X134X120 NORMAL DUZ (FR BS 7177)	M3
SAS-5581743944	2604170767	91	120562829	50 VISCO PE BLOKCM BEYAZ 189x134	9480	HASUBL0506	SUNGER VISCO BLOK 50 DNS BEYAZ FR 189X134X120 NORMAL DUZ (FR BS 7177)	M3
SAS-5581743944	2604170773	91	120562829	50 VISCO PE BLOKCM BEYAZ 189x134	9490	HASUBL0506	SUNGER VISCO BLOK 50 DNS BEYAZ FR 189X134X120 NORMAL DUZ (FR BS 7177)	M3
SAS-5581743944	2604170774	91	120562829	50 VISCO PE BLOKCM BEYAZ 189x134	9500	HASUBL0506	SUNGER VISCO BLOK 50 DNS BEYAZ FR 189X134X120 NORMAL DUZ (FR BS 7177)	M3
SAS-5581743944	2604170769	91	120562829	50 VISCO PE BLOKCM BEYAZ 189x134	9510	HASUBL0506	SUNGER VISCO BLOK 50 DNS BEYAZ FR 189X134X120 NORMAL DUZ (FR BS 7177)	M3
SAS-5581743944	2604170768	91	120562829	50 VISCO PE BLOKCM BEYAZ 189x134	9520	HASUBL0506	SUNGER VISCO BLOK 50 DNS BEYAZ FR 189X134X120 NORMAL DUZ (FR BS 7177)	M3
SAS-5581743944	2604170776	91	120562829	50 VISCO PE BLOKCM BEYAZ 189x134	9530	HASUBL0506	SUNGER VISCO BLOK 50 DNS BEYAZ FR 189X134X120 NORMAL DUZ (FR BS 7177)	M3
SAS-5581743944	2604170775	91	120562829	50 VISCO PE BLOKCM BEYAZ 189x134	9540	HASUBL0506	SUNGER VISCO BLOK 50 DNS BEYAZ FR 189X134X120 NORMAL DUZ (FR BS 7177)	M3
SAS-5581743944	2604170779	90	120563065	50 VISCO PE BLOKCM BEYAZ 189x89	9550	HASUBL0511	SUNGER VISCO BLOK 50 DNS BEYAZ FR 189X89X120 NORMAL DUZ (FR BS 7177)	M3
SAS-5581743944	2604170777	91	120562829	50 VISCO PE BLOKCM BEYAZ 189x134	9560	HASUBL0506	SUNGER VISCO BLOK 50 DNS BEYAZ FR 189X134X120 NORMAL DUZ (FR BS 7177)	M3
SAS-5581743944	2604170780	90	120563065	50 VISCO PE BLOKCM BEYAZ 189x89	9570	HASUBL0511	SUNGER VISCO BLOK 50 DNS BEYAZ FR 189X89X120 NORMAL DUZ (FR BS 7177)	M3
SAS-5581743944	2604171268	91	120562829	50 VISCO PE BLOKCM BEYAZ 189x134	9580	HASUBL0506	SUNGER VISCO BLOK 50 DNS BEYAZ FR 189X134X120 NORMAL DUZ (FR BS 7177)	M3
SAS-5581743944	2604171269	91	120562829	50 VISCO PE BLOKCM BEYAZ 189x134	9590	HASUBL0506	SUNGER VISCO BLOK 50 DNS BEYAZ FR 189X134X120 NORMAL DUZ (FR BS 7177)	M3
SAS-5581743944	2604171081	10	120562028	50 VISCO PE DUZ BEYAZ 189x134x3	9600	HASUPL10851	SUNGER VISCO PLAKA 50 DNS BEYAZ FR 189X134X3 NORMAL DUZ (FR BS 7177)	Adet
SAS-5581743944	2604171078	10	120562028	50 VISCO PE DUZ BEYAZ 189x134x3	9610	HASUPL10851	SUNGER VISCO PLAKA 50 DNS BEYAZ FR 189X134X3 NORMAL DUZ (FR BS 7177)	Adet
SAS-5581743944	2604171073	10	120562028	50 VISCO PE DUZ BEYAZ 189x134x3	9620	HASUPL10851	SUNGER VISCO PLAKA 50 DNS BEYAZ FR 189X134X3 NORMAL DUZ (FR BS 7177)	Adet
SAS-5581743944	2604171053	10	120562028	50 VISCO PE DUZ BEYAZ 189x134x3	9630	HASUPL10851	SUNGER VISCO PLAKA 50 DNS BEYAZ FR 189X134X3 NORMAL DUZ (FR BS 7177)	Adet
SAS-5581743944	2604171044	10	120562028	50 VISCO PE DUZ BEYAZ 189x134x3	9640	HASUPL10851	SUNGER VISCO PLAKA 50 DNS BEYAZ FR 189X134X3 NORMAL DUZ (FR BS 7177)	Adet
SAS-5581743944	2604201431	36	120507297	23 FLEXI RULO BEYAZ 210x2,7	9650	HASURL0165	SUNGER PU RULO 23 DNS 190 NEWTON BEYAZ 210X2,7 DUZ	METRE
SAS-5581743944	2604210440	36	120507296	23 FLEXI RULO BEYAZ 220x2,7	9660	HASURL0166	SUNGER PU RULO 23 DNS 190 NEWTON BEYAZ 220X2,7 DUZ	METRE
SAS-5581743944	2604210258	36	120507296	23 FLEXI RULO BEYAZ 220x2,7	9670	HASURL0166	SUNGER PU RULO 23 DNS 190 NEWTON BEYAZ 220X2,7 DUZ	METRE
SAS-5581743944	2604210248	36	120507296	23 FLEXI RULO BEYAZ 220x2,7	9680	HASURL0166	SUNGER PU RULO 23 DNS 190 NEWTON BEYAZ 220X2,7 DUZ	METRE
SAS-5581743944	2604210800	36	120507296	23 FLEXI RULO BEYAZ 220x2,7	9690	HASURL0166	SUNGER PU RULO 23 DNS 190 NEWTON BEYAZ 220X2,7 DUZ	METRE
SAS-5581743944	2604210425	36	120507296	23 FLEXI RULO BEYAZ 220x2,7	9700	HASURL0166	SUNGER PU RULO 23 DNS 190 NEWTON BEYAZ 220X2,7 DUZ	METRE
SAS-5581743944	2604210441	36	120507296	23 FLEXI RULO BEYAZ 220x2,7	9710	HASURL0166	SUNGER PU RULO 23 DNS 190 NEWTON BEYAZ 220X2,7 DUZ	METRE
SAS-5581743944	2604210436	36	120507296	23 FLEXI RULO BEYAZ 220x2,7	9720	HASURL0166	SUNGER PU RULO 23 DNS 190 NEWTON BEYAZ 220X2,7 DUZ	METRE
SAS-5581743944	2604210801	36	120507296	23 FLEXI RULO BEYAZ 220x2,7	9730	HASURL0166	SUNGER PU RULO 23 DNS 190 NEWTON BEYAZ 220X2,7 DUZ	METRE
SAS-5581743944	2604210803	36	120507296	23 FLEXI RULO BEYAZ 220x2,7	9740	HASURL0166	SUNGER PU RULO 23 DNS 190 NEWTON BEYAZ 220X2,7 DUZ	METRE
SAS-5581743944	2604210676	36	120507296	23 FLEXI RULO BEYAZ 220x2,7	9750	HASURL0166	SUNGER PU RULO 23 DNS 190 NEWTON BEYAZ 220X2,7 DUZ	METRE
SAS-5581743944	2604210438	36	120507296	23 FLEXI RULO BEYAZ 220x2,7	9760	HASURL0166	SUNGER PU RULO 23 DNS 190 NEWTON BEYAZ 220X2,7 DUZ	METRE
SAS-5581743944	2604210808	36	120507296	23 FLEXI RULO BEYAZ 220x2,7	9770	HASURL0166	SUNGER PU RULO 23 DNS 190 NEWTON BEYAZ 220X2,7 DUZ	METRE
SAS-5581743944	2604210804	36	120507296	23 FLEXI RULO BEYAZ 220x2,7	9780	HASURL0166	SUNGER PU RULO 23 DNS 190 NEWTON BEYAZ 220X2,7 DUZ	METRE
SAS-5581743944	2604210446	36	120507296	23 FLEXI RULO BEYAZ 220x2,7	9790	HASURL0166	SUNGER PU RULO 23 DNS 190 NEWTON BEYAZ 220X2,7 DUZ	METRE
SAS-5581743944	2604210675	36	120507296	23 FLEXI RULO BEYAZ 220x2,7	9800	HASURL0166	SUNGER PU RULO 23 DNS 190 NEWTON BEYAZ 220X2,7 DUZ	METRE
SAS-5581743944	2604210809	36	120507296	23 FLEXI RULO BEYAZ 220x2,7	9810	HASURL0166	SUNGER PU RULO 23 DNS 190 NEWTON BEYAZ 220X2,7 DUZ	METRE
SAS-5581743944	2604210806	36	120507296	23 FLEXI RULO BEYAZ 220x2,7	9820	HASURL0166	SUNGER PU RULO 23 DNS 190 NEWTON BEYAZ 220X2,7 DUZ	METRE
SAS-5581743944	2604210678	36	120507296	23 FLEXI RULO BEYAZ 220x2,7	9830	HASURL0166	SUNGER PU RULO 23 DNS 190 NEWTON BEYAZ 220X2,7 DUZ	METRE
SAS-5581743944	2604210444	36	120507296	23 FLEXI RULO BEYAZ 220x2,7	9840	HASURL0166	SUNGER PU RULO 23 DNS 190 NEWTON BEYAZ 220X2,7 DUZ	METRE
SAS-5581743944	2604210807	36	120507296	23 FLEXI RULO BEYAZ 220x2,7	9850	HASURL0166	SUNGER PU RULO 23 DNS 190 NEWTON BEYAZ 220X2,7 DUZ	METRE
SAS-5581743944	2604210677	36	120507296	23 FLEXI RULO BEYAZ 220x2,7	9860	HASURL0166	SUNGER PU RULO 23 DNS 190 NEWTON BEYAZ 220X2,7 DUZ	METRE
SAS-5581743944	2604210674	36	120507296	23 FLEXI RULO BEYAZ 220x2,7	9870	HASURL0166	SUNGER PU RULO 23 DNS 190 NEWTON BEYAZ 220X2,7 DUZ	METRE
SAS-5581743944	2604210802	36	120507296	23 FLEXI RULO BEYAZ 220x2,7	9880	HASURL0166	SUNGER PU RULO 23 DNS 190 NEWTON BEYAZ 220X2,7 DUZ	METRE
SAS-5581743944	2604210798	36	120507296	23 FLEXI RULO BEYAZ 220x2,7	9890	HASURL0166	SUNGER PU RULO 23 DNS 190 NEWTON BEYAZ 220X2,7 DUZ	METRE
SAS-5581743944	2604210673	36	120507296	23 FLEXI RULO BEYAZ 220x2,7	9900	HASURL0166	SUNGER PU RULO 23 DNS 190 NEWTON BEYAZ 220X2,7 DUZ	METRE
SAS-5581743944	2604210424	36	120507296	23 FLEXI RULO BEYAZ 220x2,7	9910	HASURL0166	SUNGER PU RULO 23 DNS 190 NEWTON BEYAZ 220X2,7 DUZ	METRE
SAS-5581743944	2604210233	36	120507296	23 FLEXI RULO BEYAZ 220x2,7	9920	HASURL0166	SUNGER PU RULO 23 DNS 190 NEWTON BEYAZ 220X2,7 DUZ	METRE
SAS-5581743944	2604210257	36	120507296	23 FLEXI RULO BEYAZ 220x2,7	9930	HASURL0166	SUNGER PU RULO 23 DNS 190 NEWTON BEYAZ 220X2,7 DUZ	METRE
SAS-5581743944	2604210242	36	120507296	23 FLEXI RULO BEYAZ 220x2,7	9940	HASURL0166	SUNGER PU RULO 23 DNS 190 NEWTON BEYAZ 220X2,7 DUZ	METRE
SAS-5581743944	2604210430	36	120507296	23 FLEXI RULO BEYAZ 220x2,7	9950	HASURL0166	SUNGER PU RULO 23 DNS 190 NEWTON BEYAZ 220X2,7 DUZ	METRE
SAS-5581743944	2604210251	36	120507296	23 FLEXI RULO BEYAZ 220x2,7	9960	HASURL0166	SUNGER PU RULO 23 DNS 190 NEWTON BEYAZ 220X2,7 DUZ	METRE
SAS-5581743944	2604210243	36	120507296	23 FLEXI RULO BEYAZ 220x2,7	9970	HASURL0166	SUNGER PU RULO 23 DNS 190 NEWTON BEYAZ 220X2,7 DUZ	METRE
SAS-5581743944	2604210437	36	120507296	23 FLEXI RULO BEYAZ 220x2,7	9980	HASURL0166	SUNGER PU RULO 23 DNS 190 NEWTON BEYAZ 220X2,7 DUZ	METRE
SAS-5581743944	2604210252	36	120507296	23 FLEXI RULO BEYAZ 220x2,7	9990	HASURL0166	SUNGER PU RULO 23 DNS 190 NEWTON BEYAZ 220X2,7 DUZ	METRE
SAS-5581743944	2604210240	36	120507296	23 FLEXI RULO BEYAZ 220x2,7	10000	HASURL0166	SUNGER PU RULO 23 DNS 190 NEWTON BEYAZ 220X2,7 DUZ	METRE
SAS-5581743944	2604210429	36	120507296	23 FLEXI RULO BEYAZ 220x2,7	10010	HASURL0166	SUNGER PU RULO 23 DNS 190 NEWTON BEYAZ 220X2,7 DUZ	METRE
SAS-5581743944	2604210250	36	120507296	23 FLEXI RULO BEYAZ 220x2,7	10020	HASURL0166	SUNGER PU RULO 23 DNS 190 NEWTON BEYAZ 220X2,7 DUZ	METRE
SAS-5581743944	2604210241	36	120507296	23 FLEXI RULO BEYAZ 220x2,7	10030	HASURL0166	SUNGER PU RULO 23 DNS 190 NEWTON BEYAZ 220X2,7 DUZ	METRE
SAS-5581743944	2604210246	36	120507296	23 FLEXI RULO BEYAZ 220x2,7	10040	HASURL0166	SUNGER PU RULO 23 DNS 190 NEWTON BEYAZ 220X2,7 DUZ	METRE
SAS-5581743944	2604210433	36	120507296	23 FLEXI RULO BEYAZ 220x2,7	10050	HASURL0166	SUNGER PU RULO 23 DNS 190 NEWTON BEYAZ 220X2,7 DUZ	METRE
SAS-5581743944	2604210443	36	120507296	23 FLEXI RULO BEYAZ 220x2,7	10060	HASURL0166	SUNGER PU RULO 23 DNS 190 NEWTON BEYAZ 220X2,7 DUZ	METRE
SAS-5581743944	2604210435	36	120507296	23 FLEXI RULO BEYAZ 220x2,7	10070	HASURL0166	SUNGER PU RULO 23 DNS 190 NEWTON BEYAZ 220X2,7 DUZ	METRE
SAS-5581743944	2604210249	36	120507296	23 FLEXI RULO BEYAZ 220x2,7	10080	HASURL0166	SUNGER PU RULO 23 DNS 190 NEWTON BEYAZ 220X2,7 DUZ	METRE
SAS-5581743944	2604210244	36	120507296	23 FLEXI RULO BEYAZ 220x2,7	10090	HASURL0166	SUNGER PU RULO 23 DNS 190 NEWTON BEYAZ 220X2,7 DUZ	METRE
SAS-5581743944	2604210442	36	120507296	23 FLEXI RULO BEYAZ 220x2,7	10100	HASURL0166	SUNGER PU RULO 23 DNS 190 NEWTON BEYAZ 220X2,7 DUZ	METRE
SAS-5581743944	2604210439	36	120507296	23 FLEXI RULO BEYAZ 220x2,7	10110	HASURL0166	SUNGER PU RULO 23 DNS 190 NEWTON BEYAZ 220X2,7 DUZ	METRE
SAS-5581743944	2604210426	36	120507296	23 FLEXI RULO BEYAZ 220x2,7	10120	HASURL0166	SUNGER PU RULO 23 DNS 190 NEWTON BEYAZ 220X2,7 DUZ	METRE
SAS-5581743944	2604210245	36	120507296	23 FLEXI RULO BEYAZ 220x2,7	10130	HASURL0166	SUNGER PU RULO 23 DNS 190 NEWTON BEYAZ 220X2,7 DUZ	METRE
SAS-5581743944	2604210247	36	120507296	23 FLEXI RULO BEYAZ 220x2,7	10140	HASURL0166	SUNGER PU RULO 23 DNS 190 NEWTON BEYAZ 220X2,7 DUZ	METRE
SAS-5581743944	2604210428	36	120507296	23 FLEXI RULO BEYAZ 220x2,7	10150	HASURL0166	SUNGER PU RULO 23 DNS 190 NEWTON BEYAZ 220X2,7 DUZ	METRE
SAS-5581743944	2604220231	2	120579486	27 FLEXI DUZ GRI 198x198x21,5	10160	HASUPL11972	SUNGER PU PLAKA 27 DNS GRI 198X198X21,5 FLEXI DUZ	Adet
SAS-5581743944	2604220237	2	120579485	27 FLEXI DUZ GRI 198x178x21,5	10170	HASUPL11971	SUNGER PU PLAKA 27 DNS GRI 198X178X21,5 FLEXI DUZ	Adet
SAS-5581743944	2604220263	2	120579484	27 FLEXI DUZ GRI 198x158x21,5	10180	HASUPL11970	SUNGER PU PLAKA 27 DNS GRI 198X158X21,5 FLEXI DUZ	Adet
SAS-5581743944	2604220261	2	120579484	27 FLEXI DUZ GRI 198x158x21,5	10190	HASUPL11970	SUNGER PU PLAKA 27 DNS GRI 198X158X21,5 FLEXI DUZ	Adet
SAS-5581743944	2604220257	2	120579484	27 FLEXI DUZ GRI 198x158x21,5	10200	HASUPL11970	SUNGER PU PLAKA 27 DNS GRI 198X158X21,5 FLEXI DUZ	Adet
SAS-5581743944	2604220239	2	120579485	27 FLEXI DUZ GRI 198x178x21,5	10210	HASUPL11971	SUNGER PU PLAKA 27 DNS GRI 198X178X21,5 FLEXI DUZ	Adet
SAS-5581743944	2604220242	2	120579485	27 FLEXI DUZ GRI 198x178x21,5	10220	HASUPL11971	SUNGER PU PLAKA 27 DNS GRI 198X178X21,5 FLEXI DUZ	Adet
SAS-5581743944	2604220243	2	120579485	27 FLEXI DUZ GRI 198x178x21,5	10230	HASUPL11971	SUNGER PU PLAKA 27 DNS GRI 198X178X21,5 FLEXI DUZ	Adet
SAS-5581743944	2604220156	2	120579484	27 FLEXI DUZ GRI 198x158x21,5	10240	HASUPL11970	SUNGER PU PLAKA 27 DNS GRI 198X158X21,5 FLEXI DUZ	Adet
SAS-5581743944	2604220157	2	120579484	27 FLEXI DUZ GRI 198x158x21,5	10250	HASUPL11970	SUNGER PU PLAKA 27 DNS GRI 198X158X21,5 FLEXI DUZ	Adet
SAS-5581743944	2604220167	2	120579484	27 FLEXI DUZ GRI 198x158x21,5	10260	HASUPL11970	SUNGER PU PLAKA 27 DNS GRI 198X158X21,5 FLEXI DUZ	Adet
SAS-5581743944	2604220258	2	120579484	27 FLEXI DUZ GRI 198x158x21,5	10270	HASUPL11970	SUNGER PU PLAKA 27 DNS GRI 198X158X21,5 FLEXI DUZ	Adet
SAS-5581743944	2604220241	2	120579484	27 FLEXI DUZ GRI 198x158x21,5	10280	HASUPL11970	SUNGER PU PLAKA 27 DNS GRI 198X158X21,5 FLEXI DUZ	Adet
SAS-5581743944	2604220229	2	120579484	27 FLEXI DUZ GRI 198x158x21,5	10290	HASUPL11970	SUNGER PU PLAKA 27 DNS GRI 198X158X21,5 FLEXI DUZ	Adet
SAS-5581743944	2604220315	2	120579485	27 FLEXI DUZ GRI 198x178x21,5	10300	HASUPL11971	SUNGER PU PLAKA 27 DNS GRI 198X178X21,5 FLEXI DUZ	Adet
SAS-5581743944	2604220307	2	120579485	27 FLEXI DUZ GRI 198x178x21,5	10310	HASUPL11971	SUNGER PU PLAKA 27 DNS GRI 198X178X21,5 FLEXI DUZ	Adet
SAS-5581743944	2604220300	2	120579485	27 FLEXI DUZ GRI 198x178x21,5	10320	HASUPL11971	SUNGER PU PLAKA 27 DNS GRI 198X178X21,5 FLEXI DUZ	Adet
SAS-5581743944	2604220299	2	120579485	27 FLEXI DUZ GRI 198x178x21,5	10330	HASUPL11971	SUNGER PU PLAKA 27 DNS GRI 198X178X21,5 FLEXI DUZ	Adet
SAS-5581743944	2604212830	1	120579483	27 FLEXI DUZ GRI 188x158x21,5	10340	HASUPL11969	SUNGER PU PLAKA 27 DNS GRI 188X158X21,5 FLEXI DUZ	Adet
SAS-5581743944	2604212821	2	120579483	27 FLEXI DUZ GRI 188x158x21,5	10350	HASUPL11969	SUNGER PU PLAKA 27 DNS GRI 188X158X21,5 FLEXI DUZ	Adet
SAS-5581743944	2604212820	2	120579483	27 FLEXI DUZ GRI 188x158x21,5	10360	HASUPL11969	SUNGER PU PLAKA 27 DNS GRI 188X158X21,5 FLEXI DUZ	Adet
SAS-5581743944	2604220288	1	120579484	27 FLEXI DUZ GRI 198x158x21,5	10370	HASUPL11970	SUNGER PU PLAKA 27 DNS GRI 198X158X21,5 FLEXI DUZ	Adet
SAS-5581743944	2604220176	2	120579484	27 FLEXI DUZ GRI 198x158x21,5	10380	HASUPL11970	SUNGER PU PLAKA 27 DNS GRI 198X158X21,5 FLEXI DUZ	Adet
SAS-5581743944	2604220050	2	120579484	27 FLEXI DUZ GRI 198x158x21,5	10390	HASUPL11970	SUNGER PU PLAKA 27 DNS GRI 198X158X21,5 FLEXI DUZ	Adet
SAS-5581743944	2604220054	2	120579484	27 FLEXI DUZ GRI 198x158x21,5	10400	HASUPL11970	SUNGER PU PLAKA 27 DNS GRI 198X158X21,5 FLEXI DUZ	Adet
SAS-5581743944	2604220055	2	120579484	27 FLEXI DUZ GRI 198x158x21,5	10410	HASUPL11970	SUNGER PU PLAKA 27 DNS GRI 198X158X21,5 FLEXI DUZ	Adet
SAS-5581743944	2604220074	2	120579482	27 FLEXI DUZ GRI 188x138x21,5	10420	HASUPL11968	SUNGER PU PLAKA 27 DNS GRI 188X138X21,5 FLEXI DUZ	Adet
SAS-5581743944	2604220064	2	120579482	27 FLEXI DUZ GRI 188x138x21,5	10430	HASUPL11968	SUNGER PU PLAKA 27 DNS GRI 188X138X21,5 FLEXI DUZ	Adet
SAS-5581743944	2604220065	2	120579482	27 FLEXI DUZ GRI 188x138x21,5	10440	HASUPL11968	SUNGER PU PLAKA 27 DNS GRI 188X138X21,5 FLEXI DUZ	Adet
SAS-5581743944	2604220067	2	120579482	27 FLEXI DUZ GRI 188x138x21,5	10450	HASUPL11968	SUNGER PU PLAKA 27 DNS GRI 188X138X21,5 FLEXI DUZ	Adet
SAS-5581743944	2604220070	2	120579482	27 FLEXI DUZ GRI 188x138x21,5	10460	HASUPL11968	SUNGER PU PLAKA 27 DNS GRI 188X138X21,5 FLEXI DUZ	Adet
SAS-5581743944	2604220071	2	120579482	27 FLEXI DUZ GRI 188x138x21,5	10470	HASUPL11968	SUNGER PU PLAKA 27 DNS GRI 188X138X21,5 FLEXI DUZ	Adet
SAS-5581743944	2604220075	1	120579482	27 FLEXI DUZ GRI 188x138x21,5	10480	HASUPL11968	SUNGER PU PLAKA 27 DNS GRI 188X138X21,5 FLEXI DUZ	Adet
SAS-5581743944	2604220254	2	120579485	27 FLEXI DUZ GRI 198x178x21,5	10490	HASUPL11971	SUNGER PU PLAKA 27 DNS GRI 198X178X21,5 FLEXI DUZ	Adet
SAS-5581743944	2604220256	2	120579485	27 FLEXI DUZ GRI 198x178x21,5	10500	HASUPL11971	SUNGER PU PLAKA 27 DNS GRI 198X178X21,5 FLEXI DUZ	Adet
SAS-5581743944	2604220259	2	120579485	27 FLEXI DUZ GRI 198x178x21,5	10510	HASUPL11971	SUNGER PU PLAKA 27 DNS GRI 198X178X21,5 FLEXI DUZ	Adet
SAS-5581743944	2604220265	2	120579484	27 FLEXI DUZ GRI 198x158x21,5	10520	HASUPL11970	SUNGER PU PLAKA 27 DNS GRI 198X158X21,5 FLEXI DUZ	Adet
SAS-5581743944	2604220266	2	120579484	27 FLEXI DUZ GRI 198x158x21,5	10530	HASUPL11970	SUNGER PU PLAKA 27 DNS GRI 198X158X21,5 FLEXI DUZ	Adet
SAS-5581743944	2604220063	2	120579482	27 FLEXI DUZ GRI 188x138x21,5	10540	HASUPL11968	SUNGER PU PLAKA 27 DNS GRI 188X138X21,5 FLEXI DUZ	Adet
SAS-5581743944	2604220087	2	120579485	27 FLEXI DUZ GRI 198x178x21,5	10550	HASUPL11971	SUNGER PU PLAKA 27 DNS GRI 198X178X21,5 FLEXI DUZ	Adet
SAS-5581743944	2604220086	2	120579485	27 FLEXI DUZ GRI 198x178x21,5	10560	HASUPL11971	SUNGER PU PLAKA 27 DNS GRI 198X178X21,5 FLEXI DUZ	Adet
SAS-5581743944	2604220082	2	120579485	27 FLEXI DUZ GRI 198x178x21,5	10570	HASUPL11971	SUNGER PU PLAKA 27 DNS GRI 198X178X21,5 FLEXI DUZ	Adet
SAS-5581743944	2604220081	2	120579485	27 FLEXI DUZ GRI 198x178x21,5	10580	HASUPL11971	SUNGER PU PLAKA 27 DNS GRI 198X178X21,5 FLEXI DUZ	Adet
SAS-5581743944	2604220088	2	120579485	27 FLEXI DUZ GRI 198x178x21,5	10590	HASUPL11971	SUNGER PU PLAKA 27 DNS GRI 198X178X21,5 FLEXI DUZ	Adet
SAS-5581743944	2604220212	2	120579484	27 FLEXI DUZ GRI 198x158x21,5	10600	HASUPL11970	SUNGER PU PLAKA 27 DNS GRI 198X158X21,5 FLEXI DUZ	Adet
SAS-5581743944	2604212804	2	120579483	27 FLEXI DUZ GRI 188x158x21,5	10610	HASUPL11969	SUNGER PU PLAKA 27 DNS GRI 188X158X21,5 FLEXI DUZ	Adet
SAS-5581743944	2604212863	1	120579483	27 FLEXI DUZ GRI 188x158x21,5	10620	HASUPL11969	SUNGER PU PLAKA 27 DNS GRI 188X158X21,5 FLEXI DUZ	Adet
SAS-5581743944	2604212856	2	120579483	27 FLEXI DUZ GRI 188x158x21,5	10630	HASUPL11969	SUNGER PU PLAKA 27 DNS GRI 188X158X21,5 FLEXI DUZ	Adet
SAS-5581743944	2604212855	2	120579483	27 FLEXI DUZ GRI 188x158x21,5	10640	HASUPL11969	SUNGER PU PLAKA 27 DNS GRI 188X158X21,5 FLEXI DUZ	Adet
SAS-5581743944	2604212847	2	120579483	27 FLEXI DUZ GRI 188x158x21,5	10650	HASUPL11969	SUNGER PU PLAKA 27 DNS GRI 188X158X21,5 FLEXI DUZ	Adet
SAS-5581743944	2604212846	2	120579483	27 FLEXI DUZ GRI 188x158x21,5	10660	HASUPL11969	SUNGER PU PLAKA 27 DNS GRI 188X158X21,5 FLEXI DUZ	Adet
SAS-5581743944	2604212845	2	120579483	27 FLEXI DUZ GRI 188x158x21,5	10670	HASUPL11969	SUNGER PU PLAKA 27 DNS GRI 188X158X21,5 FLEXI DUZ	Adet
SAS-5581743944	2604213071	2	120579482	27 FLEXI DUZ GRI 188x138x21,5	10680	HASUPL11968	SUNGER PU PLAKA 27 DNS GRI 188X138X21,5 FLEXI DUZ	Adet
SAS-5581743944	2604213068	1	120579483	27 FLEXI DUZ GRI 188x158x21,5	10690	HASUPL11969	SUNGER PU PLAKA 27 DNS GRI 188X158X21,5 FLEXI DUZ	Adet
SAS-5581743944	2604213067	2	120579483	27 FLEXI DUZ GRI 188x158x21,5	10700	HASUPL11969	SUNGER PU PLAKA 27 DNS GRI 188X158X21,5 FLEXI DUZ	Adet
SAS-5581743944	2604213066	2	120579483	27 FLEXI DUZ GRI 188x158x21,5	10710	HASUPL11969	SUNGER PU PLAKA 27 DNS GRI 188X158X21,5 FLEXI DUZ	Adet
SAS-5581743944	2604213059	2	120579483	27 FLEXI DUZ GRI 188x158x21,5	10720	HASUPL11969	SUNGER PU PLAKA 27 DNS GRI 188X158X21,5 FLEXI DUZ	Adet
SAS-5581743944	2604213058	2	120579483	27 FLEXI DUZ GRI 188x158x21,5	10730	HASUPL11969	SUNGER PU PLAKA 27 DNS GRI 188X158X21,5 FLEXI DUZ	Adet
SAS-5581743944	2604213057	2	120579483	27 FLEXI DUZ GRI 188x158x21,5	10740	HASUPL11969	SUNGER PU PLAKA 27 DNS GRI 188X158X21,5 FLEXI DUZ	Adet
SAS-5581743944	2604213056	2	120579483	27 FLEXI DUZ GRI 188x158x21,5	10750	HASUPL11969	SUNGER PU PLAKA 27 DNS GRI 188X158X21,5 FLEXI DUZ	Adet
SAS-5581743944	2604213034	2	120579483	27 FLEXI DUZ GRI 188x158x21,5	10760	HASUPL11969	SUNGER PU PLAKA 27 DNS GRI 188X158X21,5 FLEXI DUZ	Adet
SAS-5581743944	2604213025	2	120579483	27 FLEXI DUZ GRI 188x158x21,5	10770	HASUPL11969	SUNGER PU PLAKA 27 DNS GRI 188X158X21,5 FLEXI DUZ	Adet
SAS-5581743944	2604213031	2	120579483	27 FLEXI DUZ GRI 188x158x21,5	10780	HASUPL11969	SUNGER PU PLAKA 27 DNS GRI 188X158X21,5 FLEXI DUZ	Adet
SAS-5581743944	2604213055	2	120579482	27 FLEXI DUZ GRI 188x138x21,5	10790	HASUPL11968	SUNGER PU PLAKA 27 DNS GRI 188X138X21,5 FLEXI DUZ	Adet
SAS-5581743944	2604213054	2	120579482	27 FLEXI DUZ GRI 188x138x21,5	10800	HASUPL11968	SUNGER PU PLAKA 27 DNS GRI 188X138X21,5 FLEXI DUZ	Adet
SAS-5581743944	2604213041	2	120579482	27 FLEXI DUZ GRI 188x138x21,5	10810	HASUPL11968	SUNGER PU PLAKA 27 DNS GRI 188X138X21,5 FLEXI DUZ	Adet
SAS-5581743944	2604213036	2	120579482	27 FLEXI DUZ GRI 188x138x21,5	10820	HASUPL11968	SUNGER PU PLAKA 27 DNS GRI 188X138X21,5 FLEXI DUZ	Adet
SAS-5581743944	2604212806	2	120579483	27 FLEXI DUZ GRI 188x158x21,5	10830	HASUPL11969	SUNGER PU PLAKA 27 DNS GRI 188X158X21,5 FLEXI DUZ	Adet
SAS-5581743944	2604220276	2	120579484	27 FLEXI DUZ GRI 198x158x21,5	10840	HASUPL11970	SUNGER PU PLAKA 27 DNS GRI 198X158X21,5 FLEXI DUZ	Adet
SAS-5581743944	2604220274	2	120579484	27 FLEXI DUZ GRI 198x158x21,5	10850	HASUPL11970	SUNGER PU PLAKA 27 DNS GRI 198X158X21,5 FLEXI DUZ	Adet
SAS-5581743944	2604220272	2	120579484	27 FLEXI DUZ GRI 198x158x21,5	10860	HASUPL11970	SUNGER PU PLAKA 27 DNS GRI 198X158X21,5 FLEXI DUZ	Adet
SAS-5581743944	2604220271	2	120579484	27 FLEXI DUZ GRI 198x158x21,5	10870	HASUPL11970	SUNGER PU PLAKA 27 DNS GRI 198X158X21,5 FLEXI DUZ	Adet
SAS-5581743944	2604220178	2	120579484	27 FLEXI DUZ GRI 198x158x21,5	10880	HASUPL11970	SUNGER PU PLAKA 27 DNS GRI 198X158X21,5 FLEXI DUZ	Adet
SAS-5581743944	2604220169	2	120579484	27 FLEXI DUZ GRI 198x158x21,5	10890	HASUPL11970	SUNGER PU PLAKA 27 DNS GRI 198X158X21,5 FLEXI DUZ	Adet
SAS-5581743944	2604220166	2	120579484	27 FLEXI DUZ GRI 198x158x21,5	10900	HASUPL11970	SUNGER PU PLAKA 27 DNS GRI 198X158X21,5 FLEXI DUZ	Adet
SAS-5581743944	2604220163	2	120579484	27 FLEXI DUZ GRI 198x158x21,5	10910	HASUPL11970	SUNGER PU PLAKA 27 DNS GRI 198X158X21,5 FLEXI DUZ	Adet
SAS-5581743944	2604220162	2	120579484	27 FLEXI DUZ GRI 198x158x21,5	10920	HASUPL11970	SUNGER PU PLAKA 27 DNS GRI 198X158X21,5 FLEXI DUZ	Adet
SAS-5581743944	2604220210	2	120579484	27 FLEXI DUZ GRI 198x158x21,5	10930	HASUPL11970	SUNGER PU PLAKA 27 DNS GRI 198X158X21,5 FLEXI DUZ	Adet
SAS-5581743944	2604220204	2	120579484	27 FLEXI DUZ GRI 198x158x21,5	10940	HASUPL11970	SUNGER PU PLAKA 27 DNS GRI 198X158X21,5 FLEXI DUZ	Adet
SAS-5581743944	2604220183	2	120579484	27 FLEXI DUZ GRI 198x158x21,5	10950	HASUPL11970	SUNGER PU PLAKA 27 DNS GRI 198X158X21,5 FLEXI DUZ	Adet
SAS-5581743944	2604220182	2	120579484	27 FLEXI DUZ GRI 198x158x21,5	10960	HASUPL11970	SUNGER PU PLAKA 27 DNS GRI 198X158X21,5 FLEXI DUZ	Adet
SAS-5581743944	2604220180	2	120579484	27 FLEXI DUZ GRI 198x158x21,5	10970	HASUPL11970	SUNGER PU PLAKA 27 DNS GRI 198X158X21,5 FLEXI DUZ	Adet
SAS-5581743944	2604220230	2	120579486	27 FLEXI DUZ GRI 198x198x21,5	10980	HASUPL11972	SUNGER PU PLAKA 27 DNS GRI 198X198X21,5 FLEXI DUZ	Adet
SAS-5581743944	2604220226	1	120579486	27 FLEXI DUZ GRI 198x198x21,5	10990	HASUPL11972	SUNGER PU PLAKA 27 DNS GRI 198X198X21,5 FLEXI DUZ	Adet
SAS-5581743944	2604220218	2	120579486	27 FLEXI DUZ GRI 198x198x21,5	11000	HASUPL11972	SUNGER PU PLAKA 27 DNS GRI 198X198X21,5 FLEXI DUZ	Adet
SAS-5581743944	2604220215	2	120579484	27 FLEXI DUZ GRI 198x158x21,5	11010	HASUPL11970	SUNGER PU PLAKA 27 DNS GRI 198X158X21,5 FLEXI DUZ	Adet
SAS-5581743944	2604220213	2	120579484	27 FLEXI DUZ GRI 198x158x21,5	11020	HASUPL11970	SUNGER PU PLAKA 27 DNS GRI 198X158X21,5 FLEXI DUZ	Adet
SAS-5581743944	2604212813	2	120579483	27 FLEXI DUZ GRI 188x158x21,5	11030	HASUPL11969	SUNGER PU PLAKA 27 DNS GRI 188X158X21,5 FLEXI DUZ	Adet
SAS-5581743944	2604212810	2	120579483	27 FLEXI DUZ GRI 188x158x21,5	11040	HASUPL11969	SUNGER PU PLAKA 27 DNS GRI 188X158X21,5 FLEXI DUZ	Adet
SAS-5581743944	2604212809	2	120579483	27 FLEXI DUZ GRI 188x158x21,5	11050	HASUPL11969	SUNGER PU PLAKA 27 DNS GRI 188X158X21,5 FLEXI DUZ	Adet
SAS-5581743944	2604220084	2	120579484	27 FLEXI DUZ GRI 198x158x21,5	11060	HASUPL11970	SUNGER PU PLAKA 27 DNS GRI 198X158X21,5 FLEXI DUZ	Adet
SAS-5581743944	2604210239	36	120507296	23 FLEXI RULO BEYAZ 220x2,7	11070	HASURL0166	SUNGER PU RULO 23 DNS 190 NEWTON BEYAZ 220X2,7 DUZ	METRE
SAS-5581743944	2604201251	36	120507297	23 FLEXI RULO BEYAZ 210x2,7	11080	HASURL0165	SUNGER PU RULO 23 DNS 190 NEWTON BEYAZ 210X2,7 DUZ	METRE
SAS-5581743944	2604201243	36	120507297	23 FLEXI RULO BEYAZ 210x2,7	11090	HASURL0165	SUNGER PU RULO 23 DNS 190 NEWTON BEYAZ 210X2,7 DUZ	METRE
SAS-5581743944	2604201442	36	120507297	23 FLEXI RULO BEYAZ 210x2,7	11100	HASURL0165	SUNGER PU RULO 23 DNS 190 NEWTON BEYAZ 210X2,7 DUZ	METRE
SAS-5581743944	2604201245	36	120507297	23 FLEXI RULO BEYAZ 210x2,7	11110	HASURL0165	SUNGER PU RULO 23 DNS 190 NEWTON BEYAZ 210X2,7 DUZ	METRE
SAS-5581743944	2604201247	36	120507297	23 FLEXI RULO BEYAZ 210x2,7	11120	HASURL0165	SUNGER PU RULO 23 DNS 190 NEWTON BEYAZ 210X2,7 DUZ	METRE
SAS-5581743944	2604201441	36	120507297	23 FLEXI RULO BEYAZ 210x2,7	11130	HASURL0165	SUNGER PU RULO 23 DNS 190 NEWTON BEYAZ 210X2,7 DUZ	METRE
SAS-5581743944	2604201246	36	120507297	23 FLEXI RULO BEYAZ 210x2,7	11140	HASURL0165	SUNGER PU RULO 23 DNS 190 NEWTON BEYAZ 210X2,7 DUZ	METRE
SAS-5581743944	2604201430	36	120507297	23 FLEXI RULO BEYAZ 210x2,7	11150	HASURL0165	SUNGER PU RULO 23 DNS 190 NEWTON BEYAZ 210X2,7 DUZ	METRE
SAS-5581743944	2604201439	36	120507297	23 FLEXI RULO BEYAZ 210x2,7	11160	HASURL0165	SUNGER PU RULO 23 DNS 190 NEWTON BEYAZ 210X2,7 DUZ	METRE
SAS-5581743944	2604201443	36	120507297	23 FLEXI RULO BEYAZ 210x2,7	11170	HASURL0165	SUNGER PU RULO 23 DNS 190 NEWTON BEYAZ 210X2,7 DUZ	METRE
SAS-5581743944	2604201250	36	120507297	23 FLEXI RULO BEYAZ 210x2,7	11180	HASURL0165	SUNGER PU RULO 23 DNS 190 NEWTON BEYAZ 210X2,7 DUZ	METRE
SAS-5581743944	2604200909	36	120507297	23 FLEXI RULO BEYAZ 210x2,7	11190	HASURL0165	SUNGER PU RULO 23 DNS 190 NEWTON BEYAZ 210X2,7 DUZ	METRE
SAS-5581743944	2604200912	36	120507297	23 FLEXI RULO BEYAZ 210x2,7	11200	HASURL0165	SUNGER PU RULO 23 DNS 190 NEWTON BEYAZ 210X2,7 DUZ	METRE
SAS-5581743944	2604201257	36	120507297	23 FLEXI RULO BEYAZ 210x2,7	11210	HASURL0165	SUNGER PU RULO 23 DNS 190 NEWTON BEYAZ 210X2,7 DUZ	METRE
SAS-5581743944	2604200922	36	120507297	23 FLEXI RULO BEYAZ 210x2,7	11220	HASURL0165	SUNGER PU RULO 23 DNS 190 NEWTON BEYAZ 210X2,7 DUZ	METRE
SAS-5581743944	2604201254	36	120507297	23 FLEXI RULO BEYAZ 210x2,7	11230	HASURL0165	SUNGER PU RULO 23 DNS 190 NEWTON BEYAZ 210X2,7 DUZ	METRE
SAS-5581743944	2604201255	36	120507297	23 FLEXI RULO BEYAZ 210x2,7	11240	HASURL0165	SUNGER PU RULO 23 DNS 190 NEWTON BEYAZ 210X2,7 DUZ	METRE
SAS-5581743944	2604201253	36	120507297	23 FLEXI RULO BEYAZ 210x2,7	11250	HASURL0165	SUNGER PU RULO 23 DNS 190 NEWTON BEYAZ 210X2,7 DUZ	METRE
SAS-5581743944	2604201249	36	120507297	23 FLEXI RULO BEYAZ 210x2,7	11260	HASURL0165	SUNGER PU RULO 23 DNS 190 NEWTON BEYAZ 210X2,7 DUZ	METRE
SAS-5581743944	2604200919	36	120507297	23 FLEXI RULO BEYAZ 210x2,7	11270	HASURL0165	SUNGER PU RULO 23 DNS 190 NEWTON BEYAZ 210X2,7 DUZ	METRE
SAS-5581743944	2604220068	2	120579484	27 FLEXI DUZ GRI 198x158x21,5	11280	HASUPL11970	SUNGER PU PLAKA 27 DNS GRI 198X158X21,5 FLEXI DUZ	Adet
SAS-5581743944	2604220089	2	120579481	27 FLEXI DUZ GRI 188x88x21,5	11290	HASUPL11967	SUNGER PU PLAKA 27 DNS GRI 188X88X21,5 FLEXI DUZ	Adet
SAS-5581743944	2604220106	2	120579481	27 FLEXI DUZ GRI 188x88x21,5	11300	HASUPL11967	SUNGER PU PLAKA 27 DNS GRI 188X88X21,5 FLEXI DUZ	Adet
SAS-5581743944	2604220110	2	120579481	27 FLEXI DUZ GRI 188x88x21,5	11310	HASUPL11967	SUNGER PU PLAKA 27 DNS GRI 188X88X21,5 FLEXI DUZ	Adet
SAS-5581743944	2604220119	2	120579481	27 FLEXI DUZ GRI 188x88x21,5	11320	HASUPL11967	SUNGER PU PLAKA 27 DNS GRI 188X88X21,5 FLEXI DUZ	Adet
SAS-5581743944	2604220092	2	120579481	27 FLEXI DUZ GRI 188x88x21,5	11330	HASUPL11967	SUNGER PU PLAKA 27 DNS GRI 188X88X21,5 FLEXI DUZ	Adet
SAS-5581743944	2604220102	2	120579481	27 FLEXI DUZ GRI 188x88x21,5	11340	HASUPL11967	SUNGER PU PLAKA 27 DNS GRI 188X88X21,5 FLEXI DUZ	Adet
SAS-5581743944	2604220116	2	120579481	27 FLEXI DUZ GRI 188x88x21,5	11350	HASUPL11967	SUNGER PU PLAKA 27 DNS GRI 188X88X21,5 FLEXI DUZ	Adet
SAS-5581743944	2604220122	2	120579481	27 FLEXI DUZ GRI 188x88x21,5	11360	HASUPL11967	SUNGER PU PLAKA 27 DNS GRI 188X88X21,5 FLEXI DUZ	Adet
SAS-5581743944	2604220124	1	120579481	27 FLEXI DUZ GRI 188x88x21,5	11370	HASUPL11967	SUNGER PU PLAKA 27 DNS GRI 188X88X21,5 FLEXI DUZ	Adet
SAS-5581743944	2604220125	2	120579485	27 FLEXI DUZ GRI 198x178x21,5	11380	HASUPL11971	SUNGER PU PLAKA 27 DNS GRI 198X178X21,5 FLEXI DUZ	Adet
SAS-5581743944	2604220126	2	120579485	27 FLEXI DUZ GRI 198x178x21,5	11390	HASUPL11971	SUNGER PU PLAKA 27 DNS GRI 198X178X21,5 FLEXI DUZ	Adet
SAS-5581743944	2604220128	2	120579485	27 FLEXI DUZ GRI 198x178x21,5	11400	HASUPL11971	SUNGER PU PLAKA 27 DNS GRI 198X178X21,5 FLEXI DUZ	Adet
SAS-5581743944	2604220130	2	120579485	27 FLEXI DUZ GRI 198x178x21,5	11410	HASUPL11971	SUNGER PU PLAKA 27 DNS GRI 198X178X21,5 FLEXI DUZ	Adet
SAS-5581743944	2604220131	2	120579485	27 FLEXI DUZ GRI 198x178x21,5	11420	HASUPL11971	SUNGER PU PLAKA 27 DNS GRI 198X178X21,5 FLEXI DUZ	Adet
SAS-5581743944	2604220080	2	120579485	27 FLEXI DUZ GRI 198x178x21,5	11430	HASUPL11971	SUNGER PU PLAKA 27 DNS GRI 198X178X21,5 FLEXI DUZ	Adet
SAS-5581743944	2604220099	2	120579485	27 FLEXI DUZ GRI 198x178x21,5	11440	HASUPL11971	SUNGER PU PLAKA 27 DNS GRI 198X178X21,5 FLEXI DUZ	Adet
SAS-5581743944	2604220101	2	120579485	27 FLEXI DUZ GRI 198x178x21,5	11450	HASUPL11971	SUNGER PU PLAKA 27 DNS GRI 198X178X21,5 FLEXI DUZ	Adet
SAS-5581743944	2604220104	2	120579485	27 FLEXI DUZ GRI 198x178x21,5	11460	HASUPL11971	SUNGER PU PLAKA 27 DNS GRI 198X178X21,5 FLEXI DUZ	Adet
SAS-5581743944	2604220118	2	120579485	27 FLEXI DUZ GRI 198x178x21,5	11470	HASUPL11971	SUNGER PU PLAKA 27 DNS GRI 198X178X21,5 FLEXI DUZ	Adet
SAS-5581743944	2604220057	2	120579484	27 FLEXI DUZ GRI 198x158x21,5	11480	HASUPL11970	SUNGER PU PLAKA 27 DNS GRI 198X158X21,5 FLEXI DUZ	Adet
SAS-5581743944	2604220060	2	120579484	27 FLEXI DUZ GRI 198x158x21,5	11490	HASUPL11970	SUNGER PU PLAKA 27 DNS GRI 198X158X21,5 FLEXI DUZ	Adet
SAS-5581743944	2604220066	2	120579484	27 FLEXI DUZ GRI 198x158x21,5	11500	HASUPL11970	SUNGER PU PLAKA 27 DNS GRI 198X158X21,5 FLEXI DUZ	Adet
SAS-5581743944	2604213076	2	120579482	27 FLEXI DUZ GRI 188x138x21,5	11510	HASUPL11968	SUNGER PU PLAKA 27 DNS GRI 188X138X21,5 FLEXI DUZ	Adet
SAS-5581743944	2604213078	2	120579482	27 FLEXI DUZ GRI 188x138x21,5	11520	HASUPL11968	SUNGER PU PLAKA 27 DNS GRI 188X138X21,5 FLEXI DUZ	Adet
SAS-5581743944	2604213077	2	120579482	27 FLEXI DUZ GRI 188x138x21,5	11530	HASUPL11968	SUNGER PU PLAKA 27 DNS GRI 188X138X21,5 FLEXI DUZ	Adet
SAS-5581743944	2604220024	2	120579484	27 FLEXI DUZ GRI 198x158x21,5	11540	HASUPL11970	SUNGER PU PLAKA 27 DNS GRI 198X158X21,5 FLEXI DUZ	Adet
SAS-5581743944	2604220025	2	120579484	27 FLEXI DUZ GRI 198x158x21,5	11550	HASUPL11970	SUNGER PU PLAKA 27 DNS GRI 198X158X21,5 FLEXI DUZ	Adet
SAS-5581743944	2604220026	2	120579484	27 FLEXI DUZ GRI 198x158x21,5	11560	HASUPL11970	SUNGER PU PLAKA 27 DNS GRI 198X158X21,5 FLEXI DUZ	Adet
SAS-5581743944	2604220027	2	120579484	27 FLEXI DUZ GRI 198x158x21,5	11570	HASUPL11970	SUNGER PU PLAKA 27 DNS GRI 198X158X21,5 FLEXI DUZ	Adet
SAS-5581743944	2604220028	2	120579484	27 FLEXI DUZ GRI 198x158x21,5	11580	HASUPL11970	SUNGER PU PLAKA 27 DNS GRI 198X158X21,5 FLEXI DUZ	Adet
SAS-5581743944	2604220023	2	120579484	27 FLEXI DUZ GRI 198x158x21,5	11590	HASUPL11970	SUNGER PU PLAKA 27 DNS GRI 198X158X21,5 FLEXI DUZ	Adet
SAS-5581743944	2604220059	1	120579484	27 FLEXI DUZ GRI 198x158x21,5	11600	HASUPL11970	SUNGER PU PLAKA 27 DNS GRI 198X158X21,5 FLEXI DUZ	Adet
SAS-5581743944	2604220040	2	120579484	27 FLEXI DUZ GRI 198x158x21,5	11610	HASUPL11970	SUNGER PU PLAKA 27 DNS GRI 198X158X21,5 FLEXI DUZ	Adet
SAS-5581743944	2604220042	2	120579484	27 FLEXI DUZ GRI 198x158x21,5	11620	HASUPL11970	SUNGER PU PLAKA 27 DNS GRI 198X158X21,5 FLEXI DUZ	Adet
SAS-5581743944	2604220043	2	120579484	27 FLEXI DUZ GRI 198x158x21,5	11630	HASUPL11970	SUNGER PU PLAKA 27 DNS GRI 198X158X21,5 FLEXI DUZ	Adet
SAS-5581743944	2604220045	2	120579484	27 FLEXI DUZ GRI 198x158x21,5	11640	HASUPL11970	SUNGER PU PLAKA 27 DNS GRI 198X158X21,5 FLEXI DUZ	Adet
SAS-5581743944	2604220058	2	120579484	27 FLEXI DUZ GRI 198x158x21,5	11650	HASUPL11970	SUNGER PU PLAKA 27 DNS GRI 198X158X21,5 FLEXI DUZ	Adet
SAS-5581743944	2604220015	2	120579482	27 FLEXI DUZ GRI 188x138x21,5	11660	HASUPL11968	SUNGER PU PLAKA 27 DNS GRI 188X138X21,5 FLEXI DUZ	Adet
SAS-5581743944	2604220016	2	120579482	27 FLEXI DUZ GRI 188x138x21,5	11670	HASUPL11968	SUNGER PU PLAKA 27 DNS GRI 188X138X21,5 FLEXI DUZ	Adet
SAS-5581743944	2604220017	2	120579482	27 FLEXI DUZ GRI 188x138x21,5	11680	HASUPL11968	SUNGER PU PLAKA 27 DNS GRI 188X138X21,5 FLEXI DUZ	Adet
SAS-5581743944	2604220018	2	120579482	27 FLEXI DUZ GRI 188x138x21,5	11690	HASUPL11968	SUNGER PU PLAKA 27 DNS GRI 188X138X21,5 FLEXI DUZ	Adet
SAS-5581743944	2604220019	1	120579482	27 FLEXI DUZ GRI 188x138x21,5	11700	HASUPL11968	SUNGER PU PLAKA 27 DNS GRI 188X138X21,5 FLEXI DUZ	Adet
SAS-5581743944	2604220038	2	120579484	27 FLEXI DUZ GRI 198x158x21,5	11710	HASUPL11970	SUNGER PU PLAKA 27 DNS GRI 198X158X21,5 FLEXI DUZ	Adet
SAS-5581743944	2604220048	2	120579484	27 FLEXI DUZ GRI 198x158x21,5	11720	HASUPL11970	SUNGER PU PLAKA 27 DNS GRI 198X158X21,5 FLEXI DUZ	Adet
SAS-5581743944	2604213075	2	120579482	27 FLEXI DUZ GRI 188x138x21,5	11730	HASUPL11968	SUNGER PU PLAKA 27 DNS GRI 188X138X21,5 FLEXI DUZ	Adet
SAS-5581743944	2604200906	36	120507297	23 FLEXI RULO BEYAZ 210x2,7	11740	HASURL0165	SUNGER PU RULO 23 DNS 190 NEWTON BEYAZ 210X2,7 DUZ	METRE
SAS-5581743944	2604200914	36	120507297	23 FLEXI RULO BEYAZ 210x2,7	11750	HASURL0165	SUNGER PU RULO 23 DNS 190 NEWTON BEYAZ 210X2,7 DUZ	METRE
SAS-5581743944	2604200920	36	120507297	23 FLEXI RULO BEYAZ 210x2,7	11760	HASURL0165	SUNGER PU RULO 23 DNS 190 NEWTON BEYAZ 210X2,7 DUZ	METRE
SAS-5581743944	2604212840	2	120579481	27 FLEXI DUZ GRI 188x88x21,5	11770	HASUPL11967	SUNGER PU PLAKA 27 DNS GRI 188X88X21,5 FLEXI DUZ	Adet
SAS-5581743944	2604212836	2	120579481	27 FLEXI DUZ GRI 188x88x21,5	11780	HASUPL11967	SUNGER PU PLAKA 27 DNS GRI 188X88X21,5 FLEXI DUZ	Adet
SAS-5581743944	2604212838	2	120579481	27 FLEXI DUZ GRI 188x88x21,5	11790	HASUPL11967	SUNGER PU PLAKA 27 DNS GRI 188X88X21,5 FLEXI DUZ	Adet
SAS-5581743944	2604212841	2	120579481	27 FLEXI DUZ GRI 188x88x21,5	11800	HASUPL11967	SUNGER PU PLAKA 27 DNS GRI 188X88X21,5 FLEXI DUZ	Adet
SAS-5581743944	2604212842	2	120579481	27 FLEXI DUZ GRI 188x88x21,5	11810	HASUPL11967	SUNGER PU PLAKA 27 DNS GRI 188X88X21,5 FLEXI DUZ	Adet
SAS-5581743944	2604212979	2	120579483	27 FLEXI DUZ GRI 188x158x21,5	11820	HASUPL11969	SUNGER PU PLAKA 27 DNS GRI 188X158X21,5 FLEXI DUZ	Adet
SAS-5581743944	2604212981	2	120579483	27 FLEXI DUZ GRI 188x158x21,5	11830	HASUPL11969	SUNGER PU PLAKA 27 DNS GRI 188X158X21,5 FLEXI DUZ	Adet
SAS-5581743944	2604212971	2	120579483	27 FLEXI DUZ GRI 188x158x21,5	11840	HASUPL11969	SUNGER PU PLAKA 27 DNS GRI 188X158X21,5 FLEXI DUZ	Adet
SAS-5581743944	2604212982	2	120579483	27 FLEXI DUZ GRI 188x158x21,5	11850	HASUPL11969	SUNGER PU PLAKA 27 DNS GRI 188X158X21,5 FLEXI DUZ	Adet
SAS-5581743944	2604212972	2	120579483	27 FLEXI DUZ GRI 188x158x21,5	11860	HASUPL11969	SUNGER PU PLAKA 27 DNS GRI 188X158X21,5 FLEXI DUZ	Adet
SAS-5581743944	2604212973	2	120579483	27 FLEXI DUZ GRI 188x158x21,5	11870	HASUPL11969	SUNGER PU PLAKA 27 DNS GRI 188X158X21,5 FLEXI DUZ	Adet
SAS-5581743944	2604212910	2	120579482	27 FLEXI DUZ GRI 188x138x21,5	11880	HASUPL11968	SUNGER PU PLAKA 27 DNS GRI 188X138X21,5 FLEXI DUZ	Adet
SAS-5581743944	2604212912	2	120579482	27 FLEXI DUZ GRI 188x138x21,5	11890	HASUPL11968	SUNGER PU PLAKA 27 DNS GRI 188X138X21,5 FLEXI DUZ	Adet
SAS-5581743944	2604212936	2	120579482	27 FLEXI DUZ GRI 188x138x21,5	11900	HASUPL11968	SUNGER PU PLAKA 27 DNS GRI 188X138X21,5 FLEXI DUZ	Adet
SAS-5581743944	2604212938	2	120579482	27 FLEXI DUZ GRI 188x138x21,5	11910	HASUPL11968	SUNGER PU PLAKA 27 DNS GRI 188X138X21,5 FLEXI DUZ	Adet
SAS-5581743944	2604212942	2	120579482	27 FLEXI DUZ GRI 188x138x21,5	11920	HASUPL11968	SUNGER PU PLAKA 27 DNS GRI 188X138X21,5 FLEXI DUZ	Adet
SAS-5581743944	2604213079	1	120579482	27 FLEXI DUZ GRI 188x138x21,5	11930	HASUPL11968	SUNGER PU PLAKA 27 DNS GRI 188X138X21,5 FLEXI DUZ	Adet
SAS-5581743944	2604213072	2	120579482	27 FLEXI DUZ GRI 188x138x21,5	11940	HASUPL11968	SUNGER PU PLAKA 27 DNS GRI 188X138X21,5 FLEXI DUZ	Adet
SAS-5581743944	2604213073	2	120579482	27 FLEXI DUZ GRI 188x138x21,5	11950	HASUPL11968	SUNGER PU PLAKA 27 DNS GRI 188X138X21,5 FLEXI DUZ	Adet
SAS-5581743944	2604212988	2	120579481	27 FLEXI DUZ GRI 188x88x21,5	11960	HASUPL11967	SUNGER PU PLAKA 27 DNS GRI 188X88X21,5 FLEXI DUZ	Adet
SAS-5581743944	2604212994	2	120579481	27 FLEXI DUZ GRI 188x88x21,5	11970	HASUPL11967	SUNGER PU PLAKA 27 DNS GRI 188X88X21,5 FLEXI DUZ	Adet
SAS-5581743944	2604212996	2	120579481	27 FLEXI DUZ GRI 188x88x21,5	11980	HASUPL11967	SUNGER PU PLAKA 27 DNS GRI 188X88X21,5 FLEXI DUZ	Adet
SAS-5581743944	2604212992	2	120579481	27 FLEXI DUZ GRI 188x88x21,5	11990	HASUPL11967	SUNGER PU PLAKA 27 DNS GRI 188X88X21,5 FLEXI DUZ	Adet
SAS-5581743944	2604212983	2	120579483	27 FLEXI DUZ GRI 188x158x21,5	12000	HASUPL11969	SUNGER PU PLAKA 27 DNS GRI 188X158X21,5 FLEXI DUZ	Adet
SAS-5581743944	2604212977	2	120579483	27 FLEXI DUZ GRI 188x158x21,5	12010	HASUPL11969	SUNGER PU PLAKA 27 DNS GRI 188X158X21,5 FLEXI DUZ	Adet
SAS-5581743944	2604213010	2	120579483	27 FLEXI DUZ GRI 188x158x21,5	12020	HASUPL11969	SUNGER PU PLAKA 27 DNS GRI 188X158X21,5 FLEXI DUZ	Adet
SAS-5581743944	2604213009	2	120579483	27 FLEXI DUZ GRI 188x158x21,5	12030	HASUPL11969	SUNGER PU PLAKA 27 DNS GRI 188X158X21,5 FLEXI DUZ	Adet
SAS-5581743944	2604213008	2	120579483	27 FLEXI DUZ GRI 188x158x21,5	12040	HASUPL11969	SUNGER PU PLAKA 27 DNS GRI 188X158X21,5 FLEXI DUZ	Adet
SAS-5581743944	2604212997	2	120579481	27 FLEXI DUZ GRI 188x88x21,5	12050	HASUPL11967	SUNGER PU PLAKA 27 DNS GRI 188X88X21,5 FLEXI DUZ	Adet
SAS-5581743944	2604212998	2	120579481	27 FLEXI DUZ GRI 188x88x21,5	12060	HASUPL11967	SUNGER PU PLAKA 27 DNS GRI 188X88X21,5 FLEXI DUZ	Adet
SAS-5581743944	2604213006	2	120579482	27 FLEXI DUZ GRI 188x138x21,5	12070	HASUPL11968	SUNGER PU PLAKA 27 DNS GRI 188X138X21,5 FLEXI DUZ	Adet
SAS-5581743944	2604213012	2	120579482	27 FLEXI DUZ GRI 188x138x21,5	12080	HASUPL11968	SUNGER PU PLAKA 27 DNS GRI 188X138X21,5 FLEXI DUZ	Adet
SAS-5581743944	2604213024	2	120579482	27 FLEXI DUZ GRI 188x138x21,5	12090	HASUPL11968	SUNGER PU PLAKA 27 DNS GRI 188X138X21,5 FLEXI DUZ	Adet
SAS-5581743944	2604212783	2	120579483	27 FLEXI DUZ GRI 188x158x21,5	12100	HASUPL11969	SUNGER PU PLAKA 27 DNS GRI 188X158X21,5 FLEXI DUZ	Adet
SAS-5581743944	2604212905	2	120579482	27 FLEXI DUZ GRI 188x138x21,5	12110	HASUPL11968	SUNGER PU PLAKA 27 DNS GRI 188X138X21,5 FLEXI DUZ	Adet
SAS-5581743944	2604212903	2	120579482	27 FLEXI DUZ GRI 188x138x21,5	12120	HASUPL11968	SUNGER PU PLAKA 27 DNS GRI 188X138X21,5 FLEXI DUZ	Adet
SAS-5581743944	2604212902	2	120579482	27 FLEXI DUZ GRI 188x138x21,5	12130	HASUPL11968	SUNGER PU PLAKA 27 DNS GRI 188X138X21,5 FLEXI DUZ	Adet
SAS-5581743944	2604212860	2	120579483	27 FLEXI DUZ GRI 188x158x21,5	12140	HASUPL11969	SUNGER PU PLAKA 27 DNS GRI 188X158X21,5 FLEXI DUZ	Adet
SAS-5581743944	2604212858	2	120579483	27 FLEXI DUZ GRI 188x158x21,5	12150	HASUPL11969	SUNGER PU PLAKA 27 DNS GRI 188X158X21,5 FLEXI DUZ	Adet
SAS-5581743944	2604212965	1	120579482	27 FLEXI DUZ GRI 188x138x21,5	12160	HASUPL11968	SUNGER PU PLAKA 27 DNS GRI 188X138X21,5 FLEXI DUZ	Adet
SAS-5581743944	2604212975	2	120579481	27 FLEXI DUZ GRI 188x88x21,5	12170	HASUPL11967	SUNGER PU PLAKA 27 DNS GRI 188X88X21,5 FLEXI DUZ	Adet
SAS-5581743944	2604212974	2	120579481	27 FLEXI DUZ GRI 188x88x21,5	12180	HASUPL11967	SUNGER PU PLAKA 27 DNS GRI 188X88X21,5 FLEXI DUZ	Adet
SAS-5581743944	2604212960	2	120579482	27 FLEXI DUZ GRI 188x138x21,5	12190	HASUPL11968	SUNGER PU PLAKA 27 DNS GRI 188X138X21,5 FLEXI DUZ	Adet
SAS-5581743944	2604212948	2	120579482	27 FLEXI DUZ GRI 188x138x21,5	12200	HASUPL11968	SUNGER PU PLAKA 27 DNS GRI 188X138X21,5 FLEXI DUZ	Adet
SAS-5581743944	2604212943	2	120579482	27 FLEXI DUZ GRI 188x138x21,5	12210	HASUPL11968	SUNGER PU PLAKA 27 DNS GRI 188X138X21,5 FLEXI DUZ	Adet
SAS-5581743944	2604212793	2	120579483	27 FLEXI DUZ GRI 188x158x21,5	12220	HASUPL11969	SUNGER PU PLAKA 27 DNS GRI 188X158X21,5 FLEXI DUZ	Adet
SAS-5581743944	2604212792	2	120579483	27 FLEXI DUZ GRI 188x158x21,5	12230	HASUPL11969	SUNGER PU PLAKA 27 DNS GRI 188X158X21,5 FLEXI DUZ	Adet
SAS-5581743944	2604212788	2	120579483	27 FLEXI DUZ GRI 188x158x21,5	12240	HASUPL11969	SUNGER PU PLAKA 27 DNS GRI 188X158X21,5 FLEXI DUZ	Adet
SAS-5581743944	2604212786	2	120579483	27 FLEXI DUZ GRI 188x158x21,5	12250	HASUPL11969	SUNGER PU PLAKA 27 DNS GRI 188X158X21,5 FLEXI DUZ	Adet
SAS-5581743944	2604091408	108	120201418	27 SOFT BLOKCM GRI 188x133	12260	HASUBL0083	SUNGER PU BLOK 27 DNS GRI 188X133X120 SOFT	M3
SAS-5581743944	2604200907	36	120507297	23 FLEXI RULO BEYAZ 210x2,7	12270	HASURL0165	SUNGER PU RULO 23 DNS 190 NEWTON BEYAZ 210X2,7 DUZ	METRE
SAS-5581743944	2604200908	36	120507297	23 FLEXI RULO BEYAZ 210x2,7	12280	HASURL0165	SUNGER PU RULO 23 DNS 190 NEWTON BEYAZ 210X2,7 DUZ	METRE
SAS-5581743944	2604210232	36	120507296	23 FLEXI RULO BEYAZ 220x2,7	12290	HASURL0166	SUNGER PU RULO 23 DNS 190 NEWTON BEYAZ 220X2,7 DUZ	METRE
SAS-5581743944	2604210254	36	120507296	23 FLEXI RULO BEYAZ 220x2,7	12300	HASURL0166	SUNGER PU RULO 23 DNS 190 NEWTON BEYAZ 220X2,7 DUZ	METRE
SAS-5581743944	2604200918	36	120507297	23 FLEXI RULO BEYAZ 210x2,7	12310	HASURL0165	SUNGER PU RULO 23 DNS 190 NEWTON BEYAZ 210X2,7 DUZ	METRE
SAS-5581743944	2604201242	36	120507297	23 FLEXI RULO BEYAZ 210x2,7	12320	HASURL0165	SUNGER PU RULO 23 DNS 190 NEWTON BEYAZ 210X2,7 DUZ	METRE
SAS-5581743944	2604201440	36	120507297	23 FLEXI RULO BEYAZ 210x2,7	12330	HASURL0165	SUNGER PU RULO 23 DNS 190 NEWTON BEYAZ 210X2,7 DUZ	METRE
SAS-5581743944	2604091376	108	120554968	27 SOFT BLOKCM GRI 188x135	12340	HASUBL0110	SUNGER PU BLOK 27 DNS GRI 188X135X120 SOFT	M3
SAS-5581743944	2604152945	111	120201287	27 FLEXI BLOKCM GRI 198x158	12350	HASUBL0157	SUNGER PU BLOK 27 DNS MAVI 198X158X120 FLEXI	M3
SAS-5581743944	2604152942	111	120201287	27 FLEXI BLOKCM GRI 198x158	12360	HASUBL0157	SUNGER PU BLOK 27 DNS MAVI 198X158X120 FLEXI	M3
SAS-5581743944	2604152985	111	120201288	27 FLEXI BLOKCM GRI 198x178	12370	HASUBL0198	SUNGER PU BLOK 27 DNS GRI 198X178X100 FLEXI	M3
SAS-5581743944	2604152986	111	120201288	27 FLEXI BLOKCM GRI 198x178	12380	HASUBL0198	SUNGER PU BLOK 27 DNS GRI 198X178X100 FLEXI	M3
SAS-5581743944	2604091579	115	120574139	27 FLEXI BLOKCM GRI 195x155	12390	HASUBL0631	SUNGER PU BLOK 27 DNS GRI 195X155X120 FLEXI	M3
SAS-5581743944	2604091572	113	120201288	27 FLEXI BLOKCM GRI 198x178	12400	HASUBL0198	SUNGER PU BLOK 27 DNS GRI 198X178X100 FLEXI	M3
SAS-5581743944	2604091575	113	120201288	27 FLEXI BLOKCM GRI 198x178	12410	HASUBL0198	SUNGER PU BLOK 27 DNS GRI 198X178X100 FLEXI	M3
SAS-5581743944	2604270385	105	120568577	23 FLEXI BLOKCM MAVI 188x130	12420	HASUBL0598	SUNGER PU BLOK 23 DNS 190 NEWTON ACIK MAVI 188X130X120	M3
SAS-5581743944	2604270561	111	120245292	23 FLEXI BLOKCM MAVI 198x121	12430	HASUBL0340	SUNGER PU BLOK 23 DNS 190 NEWTON ACIK MAVI 198X121X120	M3
SAS-5581743944	2604270556	111	120560741	23 FLEXI BLOKCM MAVI 195x178	12440	HASUBL0471	SUNGER PU BLOK 23 DNS 190 NEWTON ACIK MAVI 195X178X120	M3
SAS-5581743944	2604270551	111	120245295	23 FLEXI BLOKCM MAVI 198x164	12450	HASUBL0343	SUNGER PU BLOK 23 DNS 190 NEWTON ACIK MAVI 198X164X120	M3
SAS-5581743944	2604270418	108	120560738	23 FLEXI BLOKCM MAVI 185x132	12460	HASUBL0467	SUNGER PU BLOK 23 DNS 190 NEWTON ACIK MAVI 185X132X120	M3
SAS-5581743944	2604270410	108	120550515	23 FLEXI BLOKCM MAVI 188x120	12470	HASUBL0322	SUNGER PU BLOK 23 DNS 190 NEWTON ACIK MAVI 198X188X120	M3
SAS-5581743944	2604270409	108	120568575	23 FLEXI BLOKCM MAVI 188x115	12480	HASUBL0596	SUNGER PU BLOK 23 DNS 190 NEWTON ACIK MAVI 188X115X120	M3
SAS-5581743944	2604270509	112	120245292	23 FLEXI BLOKCM MAVI 198x121	12490	HASUBL0340	SUNGER PU BLOK 23 DNS 190 NEWTON ACIK MAVI 198X121X120	M3
SAS-5581743944	2604270475	113	120210362	23 FLEXI BLOKCM MAVI 198x158	12500	HASUBL0282	SUNGER PU BLOK 23 DNS 190 NEWTON ACIK MAVI 198X158X120	M3
SAS-5581743944	2604270476	113	120210362	23 FLEXI BLOKCM MAVI 198x158	12510	HASUBL0282	SUNGER PU BLOK 23 DNS 190 NEWTON ACIK MAVI 198X158X120	M3
SAS-5581743944	2604270473	113	120210362	23 FLEXI BLOKCM MAVI 198x158	12520	HASUBL0282	SUNGER PU BLOK 23 DNS 190 NEWTON ACIK MAVI 198X158X120	M3
SAS-5581743944	2604270474	113	120210362	23 FLEXI BLOKCM MAVI 198x158	12530	HASUBL0282	SUNGER PU BLOK 23 DNS 190 NEWTON ACIK MAVI 198X158X120	M3
SAS-5581743944	2604270479	113	120210362	23 FLEXI BLOKCM MAVI 198x158	12540	HASUBL0282	SUNGER PU BLOK 23 DNS 190 NEWTON ACIK MAVI 198X158X120	M3
SAS-5581743944	2604270458	114	120551942	23 FLEXI BLOKCM MAVI 198x148	12550	HASUBL0419	SUNGER PU BLOK 23 DNS 190 NEWTON ACIK MAVI 198X148X120	M3
SAS-5581743944	2604270480	113	120210362	23 FLEXI BLOKCM MAVI 198x158	12560	HASUBL0282	SUNGER PU BLOK 23 DNS 190 NEWTON ACIK MAVI 198X158X120	M3
SAS-5581743944	2604270455	114	120551942	23 FLEXI BLOKCM MAVI 198x148	12570	HASUBL0419	SUNGER PU BLOK 23 DNS 190 NEWTON ACIK MAVI 198X148X120	M3
SAS-5581743944	2604270386	105	120568577	23 FLEXI BLOKCM MAVI 188x130	12580	HASUBL0598	SUNGER PU BLOK 23 DNS 190 NEWTON ACIK MAVI 188X130X120	M3
SAS-5581743944	2604270387	105	120568577	23 FLEXI BLOKCM MAVI 188x130	12590	HASUBL0598	SUNGER PU BLOK 23 DNS 190 NEWTON ACIK MAVI 188X130X120	M3
SAS-5581743944	2604270388	105	120568577	23 FLEXI BLOKCM MAVI 188x130	12600	HASUBL0598	SUNGER PU BLOK 23 DNS 190 NEWTON ACIK MAVI 188X130X120	M3
SAS-5581743944	2604270389	105	120568577	23 FLEXI BLOKCM MAVI 188x130	12610	HASUBL0598	SUNGER PU BLOK 23 DNS 190 NEWTON ACIK MAVI 188X130X120	M3
SAS-5581743944	2604270406	109	120578146	23 FLEXI BLOKCM MAVI 188x140	12620	HASUBL0857	SUNGER PU BLOK 23 DNS 190 NEWTON ACIK MAVI 188X140X120	M3
SAS-5581743944	2604270408	108	120568575	23 FLEXI BLOKCM MAVI 188x115	12630	HASUBL0596	SUNGER PU BLOK 23 DNS 190 NEWTON ACIK MAVI 188X115X120	M3
SAS-5581743944	2604270405	108	120552682	23 FLEXI BLOKCM MAVI 188x158	12640	HASUBL0422	SUNGER PU BLOK 23 DNS 190 NEWTON ACIK MAVI 188X158X120	M3
SAS-5581743944	2604270401	108	120560460	23 FLEXI BLOKCM MAVI 188x135	12650	HASUBL0458	SUNGER PU BLOK 23 DNS 190 NEWTON ACIK MAVI 188X135X120	M3
SAS-5581743944	2604270404	108	120552682	23 FLEXI BLOKCM MAVI 188x158	12660	HASUBL0422	SUNGER PU BLOK 23 DNS 190 NEWTON ACIK MAVI 188X158X120	M3
SAS-5581743944	2604270407	109	120578146	23 FLEXI BLOKCM MAVI 188x140	12670	HASUBL0857	SUNGER PU BLOK 23 DNS 190 NEWTON ACIK MAVI 188X140X120	M3
SAS-5581743944	2604270417	108	120560738	23 FLEXI BLOKCM MAVI 185x132	12680	HASUBL0467	SUNGER PU BLOK 23 DNS 190 NEWTON ACIK MAVI 185X132X120	M3
SAS-5581743944	2604270525	108	120560740	23 FLEXI BLOKCM MAVI 195x145	12690	HASUBL0470	SUNGER PU BLOK 23 DNS 190 NEWTON ACIK MAVI 195X145X120	M3
SAS-5581743944	2604270523	108	120560740	23 FLEXI BLOKCM MAVI 195x145	12700	HASUBL0470	SUNGER PU BLOK 23 DNS 190 NEWTON ACIK MAVI 195X145X120	M3
SAS-5581743944	2604270524	108	120560740	23 FLEXI BLOKCM MAVI 195x145	12710	HASUBL0470	SUNGER PU BLOK 23 DNS 190 NEWTON ACIK MAVI 195X145X120	M3
SAS-5581743944	2604270397	107	120560460	23 FLEXI BLOKCM MAVI 188x135	12720	HASUBL0458	SUNGER PU BLOK 23 DNS 190 NEWTON ACIK MAVI 188X135X120	M3
SAS-5581743944	2604270395	107	120560460	23 FLEXI BLOKCM MAVI 188x135	12730	HASUBL0458	SUNGER PU BLOK 23 DNS 190 NEWTON ACIK MAVI 188X135X120	M3
SAS-5581743944	2604270393	107	120560460	23 FLEXI BLOKCM MAVI 188x135	12740	HASUBL0458	SUNGER PU BLOK 23 DNS 190 NEWTON ACIK MAVI 188X135X120	M3
SAS-5581743944	2603280405	2	120578238	27 FLEXI DUZ GRI 188x138x20,5	12750	HASUPL11916	SUNGER PU PLAKA 27 DNS GRI 188X138X20,5 FLEXI DUZ	Adet
SAS-5581743944	2603280406	1	120578238	27 FLEXI DUZ GRI 188x138x20,5	12760	HASUPL11916	SUNGER PU PLAKA 27 DNS GRI 188X138X20,5 FLEXI DUZ	Adet
SAS-5581743944	2603280407	2	120578238	27 FLEXI DUZ GRI 188x138x20,5	12770	HASUPL11916	SUNGER PU PLAKA 27 DNS GRI 188X138X20,5 FLEXI DUZ	Adet
SAS-5581743944	2604251711	140	120006667	18 FLEXI RULO BEYAZ 220x0,8	12780	HASURL0046	SUNGER PU RULO 18 DNS BEYAZ 220X0,8 FLEXI DUZ	METRE
SAS-5581743944	2604251715	140	120006667	18 FLEXI RULO BEYAZ 220x0,8	12790	HASURL0046	SUNGER PU RULO 18 DNS BEYAZ 220X0,8 FLEXI DUZ	METRE
SAS-5581743944	2604251709	140	120006667	18 FLEXI RULO BEYAZ 220x0,8	12800	HASURL0046	SUNGER PU RULO 18 DNS BEYAZ 220X0,8 FLEXI DUZ	METRE
SAS-5581743944	2604251718	140	120006667	18 FLEXI RULO BEYAZ 220x0,8	12810	HASURL0046	SUNGER PU RULO 18 DNS BEYAZ 220X0,8 FLEXI DUZ	METRE
SAS-5581743944	2604251706	140	120006667	18 FLEXI RULO BEYAZ 220x0,8	12820	HASURL0046	SUNGER PU RULO 18 DNS BEYAZ 220X0,8 FLEXI DUZ	METRE
SAS-5581743944	2604251713	140	120006667	18 FLEXI RULO BEYAZ 220x0,8	12830	HASURL0046	SUNGER PU RULO 18 DNS BEYAZ 220X0,8 FLEXI DUZ	METRE
SAS-5581743944	2604251705	140	120006667	18 FLEXI RULO BEYAZ 220x0,8	12840	HASURL0046	SUNGER PU RULO 18 DNS BEYAZ 220X0,8 FLEXI DUZ	METRE
SAS-5581743944	2604251719	140	120006667	18 FLEXI RULO BEYAZ 220x0,8	12850	HASURL0046	SUNGER PU RULO 18 DNS BEYAZ 220X0,8 FLEXI DUZ	METRE
SAS-5581743944	2604251704	140	120006667	18 FLEXI RULO BEYAZ 220x0,8	12860	HASURL0046	SUNGER PU RULO 18 DNS BEYAZ 220X0,8 FLEXI DUZ	METRE
SAS-5581743944	2604251721	140	120006667	18 FLEXI RULO BEYAZ 220x0,8	12870	HASURL0046	SUNGER PU RULO 18 DNS BEYAZ 220X0,8 FLEXI DUZ	METRE
SAS-5581743944	2604251701	140	120006667	18 FLEXI RULO BEYAZ 220x0,8	12880	HASURL0046	SUNGER PU RULO 18 DNS BEYAZ 220X0,8 FLEXI DUZ	METRE
SAS-5581743944	2604251722	140	120006667	18 FLEXI RULO BEYAZ 220x0,8	12890	HASURL0046	SUNGER PU RULO 18 DNS BEYAZ 220X0,8 FLEXI DUZ	METRE
SAS-5581743944	2604251700	140	120006667	18 FLEXI RULO BEYAZ 220x0,8	12900	HASURL0046	SUNGER PU RULO 18 DNS BEYAZ 220X0,8 FLEXI DUZ	METRE
SAS-5581743944	2604251723	140	120006667	18 FLEXI RULO BEYAZ 220x0,8	12910	HASURL0046	SUNGER PU RULO 18 DNS BEYAZ 220X0,8 FLEXI DUZ	METRE
SAS-5581743944	2604270477	113	120210362	23 FLEXI BLOKCM MAVI 198x158	12920	HASUBL0282	SUNGER PU BLOK 23 DNS 190 NEWTON ACIK MAVI 198X158X120	M3
SAS-5581743944	2604270478	113	120210362	23 FLEXI BLOKCM MAVI 198x158	12930	HASUBL0282	SUNGER PU BLOK 23 DNS 190 NEWTON ACIK MAVI 198X158X120	M3
SAS-5581743944	2604270290	108	120577696	27 DURA BLOKCM GRI 192x188	12940	HASUBL0652	SUNGER PU BLOK 27 DNS GRI 192X188X120 DURA	M3
SAS-5581743944	2604270268	107	120575364	27 DURA BLOKCM GRI 198x192	12950	HASUBL0641	SUNGER PU BLOK 27 DNS GRI 198X192X120 DURA	M3
SAS-5581743944	2604270291	108	120577696	27 DURA BLOKCM GRI 192x188	12960	HASUBL0652	SUNGER PU BLOK 27 DNS GRI 192X188X120 DURA	M3
SAS-5581743944	2604270457	114	120551942	23 FLEXI BLOKCM MAVI 198x148	12970	HASUBL0419	SUNGER PU BLOK 23 DNS 190 NEWTON ACIK MAVI 198X148X120	M3
SAS-5581743944	2604270463	114	120551942	23 FLEXI BLOKCM MAVI 198x148	12980	HASUBL0419	SUNGER PU BLOK 23 DNS 190 NEWTON ACIK MAVI 198X148X120	M3
SAS-5581743944	2604270456	114	120551942	23 FLEXI BLOKCM MAVI 198x148	12990	HASUBL0419	SUNGER PU BLOK 23 DNS 190 NEWTON ACIK MAVI 198X148X120	M3
SAS-5581743944	2604251726	140	120006667	18 FLEXI RULO BEYAZ 220x0,8	13000	HASURL0046	SUNGER PU RULO 18 DNS BEYAZ 220X0,8 FLEXI DUZ	METRE
SAS-5581743944	2604251695	140	120006667	18 FLEXI RULO BEYAZ 220x0,8	13010	HASURL0046	SUNGER PU RULO 18 DNS BEYAZ 220X0,8 FLEXI DUZ	METRE
SAS-5581743944	2604251725	140	120006667	18 FLEXI RULO BEYAZ 220x0,8	13020	HASURL0046	SUNGER PU RULO 18 DNS BEYAZ 220X0,8 FLEXI DUZ	METRE
SAS-5581743944	2604251696	140	120006667	18 FLEXI RULO BEYAZ 220x0,8	13030	HASURL0046	SUNGER PU RULO 18 DNS BEYAZ 220X0,8 FLEXI DUZ	METRE
SAS-5581743944	2604251728	140	120006667	18 FLEXI RULO BEYAZ 220x0,8	13040	HASURL0046	SUNGER PU RULO 18 DNS BEYAZ 220X0,8 FLEXI DUZ	METRE
SAS-5581743944	2604251724	140	120006667	18 FLEXI RULO BEYAZ 220x0,8	13050	HASURL0046	SUNGER PU RULO 18 DNS BEYAZ 220X0,8 FLEXI DUZ	METRE
SAS-5581743944	2604251697	140	120006667	18 FLEXI RULO BEYAZ 220x0,8	13060	HASURL0046	SUNGER PU RULO 18 DNS BEYAZ 220X0,8 FLEXI DUZ	METRE
SAS-5581743944	2604251720	140	120006667	18 FLEXI RULO BEYAZ 220x0,8	13070	HASURL0046	SUNGER PU RULO 18 DNS BEYAZ 220X0,8 FLEXI DUZ	METRE
SAS-5581743944	2604270833	104	121020882	32 FR BLOKCM BEYAZ 199x179	13080	HASUBL0483	SUNGER PU BLOK 32 DNS FR BEYAZ 199X179X120 DUZ (FR BS 7177) SOFT	M3
SAS-5581743944	2604270832	104	121020882	32 FR BLOKCM BEYAZ 199x179	13090	HASUBL0483	SUNGER PU BLOK 32 DNS FR BEYAZ 199X179X120 DUZ (FR BS 7177) SOFT	M3
SAS-5581743944	2604270831	104	121020882	32 FR BLOKCM BEYAZ 199x179	13100	HASUBL0483	SUNGER PU BLOK 32 DNS FR BEYAZ 199X179X120 DUZ (FR BS 7177) SOFT	M3
SAS-5581743944	2604270402	108	120560460	23 FLEXI BLOKCM MAVI 188x135	13110	HASUBL0458	SUNGER PU BLOK 23 DNS 190 NEWTON ACIK MAVI 188X135X120	M3
SAS-5581743944	2604280591	2	120579483	27 FLEXI DUZ GRI 188x158x21,5	13120	HASUPL11969	SUNGER PU PLAKA 27 DNS GRI 188X158X21,5 FLEXI DUZ	Adet
SAS-5581743944	2604270396	107	120560460	23 FLEXI BLOKCM MAVI 188x135	13130	HASUBL0458	SUNGER PU BLOK 23 DNS 190 NEWTON ACIK MAVI 188X135X120	M3
SAS-5581743944	2604270394	107	120560460	23 FLEXI BLOKCM MAVI 188x135	13140	HASUBL0458	SUNGER PU BLOK 23 DNS 190 NEWTON ACIK MAVI 188X135X120	M3
SAS-5581743944	2604280559	2	120579483	27 FLEXI DUZ GRI 188x158x21,5	13150	HASUPL11969	SUNGER PU PLAKA 27 DNS GRI 188X158X21,5 FLEXI DUZ	Adet
SAS-5581743944	2604280566	2	120579483	27 FLEXI DUZ GRI 188x158x21,5	13160	HASUPL11969	SUNGER PU PLAKA 27 DNS GRI 188X158X21,5 FLEXI DUZ	Adet
SAS-5581743944	2604280582	2	120579483	27 FLEXI DUZ GRI 188x158x21,5	13170	HASUPL11969	SUNGER PU PLAKA 27 DNS GRI 188X158X21,5 FLEXI DUZ	Adet
SAS-5581743944	2604280597	2	120579483	27 FLEXI DUZ GRI 188x158x21,5	13180	HASUPL11969	SUNGER PU PLAKA 27 DNS GRI 188X158X21,5 FLEXI DUZ	Adet
SAS-5581743944	2604280581	2	120579483	27 FLEXI DUZ GRI 188x158x21,5	13190	HASUPL11969	SUNGER PU PLAKA 27 DNS GRI 188X158X21,5 FLEXI DUZ	Adet
SAS-5581743944	2604280560	2	120579483	27 FLEXI DUZ GRI 188x158x21,5	13200	HASUPL11969	SUNGER PU PLAKA 27 DNS GRI 188X158X21,5 FLEXI DUZ	Adet
SAS-5581743944	2604280561	2	120579483	27 FLEXI DUZ GRI 188x158x21,5	13210	HASUPL11969	SUNGER PU PLAKA 27 DNS GRI 188X158X21,5 FLEXI DUZ	Adet
SAS-5581743944	2604280562	2	120579483	27 FLEXI DUZ GRI 188x158x21,5	13220	HASUPL11969	SUNGER PU PLAKA 27 DNS GRI 188X158X21,5 FLEXI DUZ	Adet
SAS-5581743944	2604280497	2	120579483	27 FLEXI DUZ GRI 188x158x21,5	13230	HASUPL11969	SUNGER PU PLAKA 27 DNS GRI 188X158X21,5 FLEXI DUZ	Adet
SAS-5581743944	2604280498	2	120579483	27 FLEXI DUZ GRI 188x158x21,5	13240	HASUPL11969	SUNGER PU PLAKA 27 DNS GRI 188X158X21,5 FLEXI DUZ	Adet
SAS-5581743944	2604270842	106	121020881	32 FR BLOKCM BEYAZ 199x149	13250	HASUBL0482	SUNGER PU BLOK 32 DNS FR BEYAZ 199X149X120 DUZ (FR BS 7177) SOFT	M3
SAS-5581743944	2604270840	106	121020881	32 FR BLOKCM BEYAZ 199x149	13260	HASUBL0482	SUNGER PU BLOK 32 DNS FR BEYAZ 199X149X120 DUZ (FR BS 7177) SOFT	M3
SAS-5581743944	2604270841	106	121020881	32 FR BLOKCM BEYAZ 199x149	13270	HASUBL0482	SUNGER PU BLOK 32 DNS FR BEYAZ 199X149X120 DUZ (FR BS 7177) SOFT	M3
SAS-5581743944	2604270843	106	121020881	32 FR BLOKCM BEYAZ 199x149	13280	HASUBL0482	SUNGER PU BLOK 32 DNS FR BEYAZ 199X149X120 DUZ (FR BS 7177) SOFT	M3
SAS-5581743944	2604270830	104	121020882	32 FR BLOKCM BEYAZ 199x179	13290	HASUBL0483	SUNGER PU BLOK 32 DNS FR BEYAZ 199X179X120 DUZ (FR BS 7177) SOFT	M3
SAS-5581743944	2604270844	106	121020881	32 FR BLOKCM BEYAZ 199x149	13300	HASUBL0482	SUNGER PU BLOK 32 DNS FR BEYAZ 199X149X120 DUZ (FR BS 7177) SOFT	M3
SAS-5581743944	2604270862	106	121020881	32 FR BLOKCM BEYAZ 199x149	13310	HASUBL0482	SUNGER PU BLOK 32 DNS FR BEYAZ 199X149X120 DUZ (FR BS 7177) SOFT	M3
SAS-5581743944	2604270863	106	121020881	32 FR BLOKCM BEYAZ 199x149	13320	HASUBL0482	SUNGER PU BLOK 32 DNS FR BEYAZ 199X149X120 DUZ (FR BS 7177) SOFT	M3
SAS-5581743944	2604270864	106	121020881	32 FR BLOKCM BEYAZ 199x149	13330	HASUBL0482	SUNGER PU BLOK 32 DNS FR BEYAZ 199X149X120 DUZ (FR BS 7177) SOFT	M3
SAS-5581743944	2604270865	106	121020881	32 FR BLOKCM BEYAZ 199x149	13340	HASUBL0482	SUNGER PU BLOK 32 DNS FR BEYAZ 199X149X120 DUZ (FR BS 7177) SOFT	M3
SAS-5581743944	2604270892	108	121020881	32 FR BLOKCM BEYAZ 199x149	13350	HASUBL0482	SUNGER PU BLOK 32 DNS FR BEYAZ 199X149X120 DUZ (FR BS 7177) SOFT	M3
SAS-5581743944	2604270881	108	121020881	32 FR BLOKCM BEYAZ 199x149	13360	HASUBL0482	SUNGER PU BLOK 32 DNS FR BEYAZ 199X149X120 DUZ (FR BS 7177) SOFT	M3
SAS-5581743944	2604270861	106	121020881	32 FR BLOKCM BEYAZ 199x149	13370	HASUBL0482	SUNGER PU BLOK 32 DNS FR BEYAZ 199X149X120 DUZ (FR BS 7177) SOFT	M3
SAS-5581743944	2604270878	108	121020881	32 FR BLOKCM BEYAZ 199x149	13380	HASUBL0482	SUNGER PU BLOK 32 DNS FR BEYAZ 199X149X120 DUZ (FR BS 7177) SOFT	M3
SAS-5581743944	2604270879	108	121020881	32 FR BLOKCM BEYAZ 199x149	13390	HASUBL0482	SUNGER PU BLOK 32 DNS FR BEYAZ 199X149X120 DUZ (FR BS 7177) SOFT	M3
SAS-5581743944	2604280598	2	120579483	27 FLEXI DUZ GRI 188x158x21,5	13400	HASUPL11969	SUNGER PU PLAKA 27 DNS GRI 188X158X21,5 FLEXI DUZ	Adet
SAS-5581743944	2604270925	1	120579486	27 FLEXI DUZ GRI 198x198x21,5	13410	HASUPL11972	SUNGER PU PLAKA 27 DNS GRI 198X198X21,5 FLEXI DUZ	Adet
SAS-5581743944	2604280065	2	120579484	27 FLEXI DUZ GRI 198x158x21,5	13420	HASUPL11970	SUNGER PU PLAKA 27 DNS GRI 198X158X21,5 FLEXI DUZ	Adet
SAS-5581743944	2604280068	2	120579484	27 FLEXI DUZ GRI 198x158x21,5	13430	HASUPL11970	SUNGER PU PLAKA 27 DNS GRI 198X158X21,5 FLEXI DUZ	Adet
SAS-5581743944	2604280153	2	120579484	27 FLEXI DUZ GRI 198x158x21,5	13440	HASUPL11970	SUNGER PU PLAKA 27 DNS GRI 198X158X21,5 FLEXI DUZ	Adet
SAS-5581743944	2604280152	2	120579484	27 FLEXI DUZ GRI 198x158x21,5	13450	HASUPL11970	SUNGER PU PLAKA 27 DNS GRI 198X158X21,5 FLEXI DUZ	Adet
SAS-5581743944	2604280151	2	120579484	27 FLEXI DUZ GRI 198x158x21,5	13460	HASUPL11970	SUNGER PU PLAKA 27 DNS GRI 198X158X21,5 FLEXI DUZ	Adet
SAS-5581743944	2604280175	2	120579484	27 FLEXI DUZ GRI 198x158x21,5	13470	HASUPL11970	SUNGER PU PLAKA 27 DNS GRI 198X158X21,5 FLEXI DUZ	Adet
SAS-5581743944	2604280176	1	120579484	27 FLEXI DUZ GRI 198x158x21,5	13480	HASUPL11970	SUNGER PU PLAKA 27 DNS GRI 198X158X21,5 FLEXI DUZ	Adet
SAS-5581743944	2604280555	2	120579483	27 FLEXI DUZ GRI 188x158x21,5	13490	HASUPL11969	SUNGER PU PLAKA 27 DNS GRI 188X158X21,5 FLEXI DUZ	Adet
SAS-5581743944	2604280554	2	120579483	27 FLEXI DUZ GRI 188x158x21,5	13500	HASUPL11969	SUNGER PU PLAKA 27 DNS GRI 188X158X21,5 FLEXI DUZ	Adet
SAS-5581743944	2604280553	2	120579483	27 FLEXI DUZ GRI 188x158x21,5	13510	HASUPL11969	SUNGER PU PLAKA 27 DNS GRI 188X158X21,5 FLEXI DUZ	Adet
SAS-5581743944	2604280552	2	120579483	27 FLEXI DUZ GRI 188x158x21,5	13520	HASUPL11969	SUNGER PU PLAKA 27 DNS GRI 188X158X21,5 FLEXI DUZ	Adet
SAS-5581743944	2604280556	2	120579483	27 FLEXI DUZ GRI 188x158x21,5	13530	HASUPL11969	SUNGER PU PLAKA 27 DNS GRI 188X158X21,5 FLEXI DUZ	Adet
SAS-5581743944	2604280313	2	120579481	27 FLEXI DUZ GRI 188x88x21,5	13540	HASUPL11967	SUNGER PU PLAKA 27 DNS GRI 188X88X21,5 FLEXI DUZ	Adet
SAS-5581743944	2604280169	2	120579481	27 FLEXI DUZ GRI 188x88x21,5	13550	HASUPL11967	SUNGER PU PLAKA 27 DNS GRI 188X88X21,5 FLEXI DUZ	Adet
SAS-5581743944	2604280170	2	120579481	27 FLEXI DUZ GRI 188x88x21,5	13560	HASUPL11967	SUNGER PU PLAKA 27 DNS GRI 188X88X21,5 FLEXI DUZ	Adet
SAS-5581743944	2604280174	2	120579481	27 FLEXI DUZ GRI 188x88x21,5	13570	HASUPL11967	SUNGER PU PLAKA 27 DNS GRI 188X88X21,5 FLEXI DUZ	Adet
SAS-5581743944	2604280188	2	120579481	27 FLEXI DUZ GRI 188x88x21,5	13580	HASUPL11967	SUNGER PU PLAKA 27 DNS GRI 188X88X21,5 FLEXI DUZ	Adet
SAS-5581743944	2604280310	2	120579481	27 FLEXI DUZ GRI 188x88x21,5	13590	HASUPL11967	SUNGER PU PLAKA 27 DNS GRI 188X88X21,5 FLEXI DUZ	Adet
SAS-5581743944	2604280172	2	120579481	27 FLEXI DUZ GRI 188x88x21,5	13600	HASUPL11967	SUNGER PU PLAKA 27 DNS GRI 188X88X21,5 FLEXI DUZ	Adet
SAS-5581743944	2604280177	2	120579481	27 FLEXI DUZ GRI 188x88x21,5	13610	HASUPL11967	SUNGER PU PLAKA 27 DNS GRI 188X88X21,5 FLEXI DUZ	Adet
SAS-5581743944	2604280189	1	120579481	27 FLEXI DUZ GRI 188x88x21,5	13620	HASUPL11967	SUNGER PU PLAKA 27 DNS GRI 188X88X21,5 FLEXI DUZ	Adet
SAS-5581743944	2604280499	2	120579483	27 FLEXI DUZ GRI 188x158x21,5	13630	HASUPL11969	SUNGER PU PLAKA 27 DNS GRI 188X158X21,5 FLEXI DUZ	Adet
SAS-5581743944	2604280500	2	120579483	27 FLEXI DUZ GRI 188x158x21,5	13640	HASUPL11969	SUNGER PU PLAKA 27 DNS GRI 188X158X21,5 FLEXI DUZ	Adet
SAS-5581743944	2604280502	2	120579483	27 FLEXI DUZ GRI 188x158x21,5	13650	HASUPL11969	SUNGER PU PLAKA 27 DNS GRI 188X158X21,5 FLEXI DUZ	Adet
SAS-5581743944	2604280503	2	120579483	27 FLEXI DUZ GRI 188x158x21,5	13660	HASUPL11969	SUNGER PU PLAKA 27 DNS GRI 188X158X21,5 FLEXI DUZ	Adet
SAS-5581743944	2604280504	2	120579483	27 FLEXI DUZ GRI 188x158x21,5	13670	HASUPL11969	SUNGER PU PLAKA 27 DNS GRI 188X158X21,5 FLEXI DUZ	Adet
SAS-5581743944	2604280567	2	120579483	27 FLEXI DUZ GRI 188x158x21,5	13680	HASUPL11969	SUNGER PU PLAKA 27 DNS GRI 188X158X21,5 FLEXI DUZ	Adet
SAS-5581743944	2604280570	2	120579483	27 FLEXI DUZ GRI 188x158x21,5	13690	HASUPL11969	SUNGER PU PLAKA 27 DNS GRI 188X158X21,5 FLEXI DUZ	Adet
SAS-5581743944	2604280571	2	120579483	27 FLEXI DUZ GRI 188x158x21,5	13700	HASUPL11969	SUNGER PU PLAKA 27 DNS GRI 188X158X21,5 FLEXI DUZ	Adet
SAS-5581743944	2604280572	2	120579483	27 FLEXI DUZ GRI 188x158x21,5	13710	HASUPL11969	SUNGER PU PLAKA 27 DNS GRI 188X158X21,5 FLEXI DUZ	Adet
SAS-5581743944	2604280573	2	120579483	27 FLEXI DUZ GRI 188x158x21,5	13720	HASUPL11969	SUNGER PU PLAKA 27 DNS GRI 188X158X21,5 FLEXI DUZ	Adet
SAS-5581743944	2604280580	2	120579483	27 FLEXI DUZ GRI 188x158x21,5	13730	HASUPL11969	SUNGER PU PLAKA 27 DNS GRI 188X158X21,5 FLEXI DUZ	Adet
SAS-5581743944	2604280586	2	120579483	27 FLEXI DUZ GRI 188x158x21,5	13740	HASUPL11969	SUNGER PU PLAKA 27 DNS GRI 188X158X21,5 FLEXI DUZ	Adet
SAS-5581743944	2604280590	2	120579483	27 FLEXI DUZ GRI 188x158x21,5	13750	HASUPL11969	SUNGER PU PLAKA 27 DNS GRI 188X158X21,5 FLEXI DUZ	Adet
SAS-5581743944	2604272410	113	121019364	27 FR RULO BEYAZ 220x1	13760	HASURL0227	SUNGER PU RULO 27 DNS FR BEYAZ 220X1 DUZ (BS 7177)	METRE
SAS-5581743944	2604272420	113	121019364	27 FR RULO BEYAZ 220x1	13770	HASURL0227	SUNGER PU RULO 27 DNS FR BEYAZ 220X1 DUZ (BS 7177)	METRE
SAS-5581743944	2604272411	113	121019364	27 FR RULO BEYAZ 220x1	13780	HASURL0227	SUNGER PU RULO 27 DNS FR BEYAZ 220X1 DUZ (BS 7177)	METRE
SAS-5581743944	2604272407	113	121019364	27 FR RULO BEYAZ 220x1	13790	HASURL0227	SUNGER PU RULO 27 DNS FR BEYAZ 220X1 DUZ (BS 7177)	METRE
SAS-5581743944	2604272409	113	121019364	27 FR RULO BEYAZ 220x1	13800	HASURL0227	SUNGER PU RULO 27 DNS FR BEYAZ 220X1 DUZ (BS 7177)	METRE
SAS-5581743944	2604272408	113	121019364	27 FR RULO BEYAZ 220x1	13810	HASURL0227	SUNGER PU RULO 27 DNS FR BEYAZ 220X1 DUZ (BS 7177)	METRE
SAS-5581743944	2604272469	113	121019364	27 FR RULO BEYAZ 220x1	13820	HASURL0227	SUNGER PU RULO 27 DNS FR BEYAZ 220X1 DUZ (BS 7177)	METRE
SAS-5581743944	2604272468	113	121019364	27 FR RULO BEYAZ 220x1	13830	HASURL0227	SUNGER PU RULO 27 DNS FR BEYAZ 220X1 DUZ (BS 7177)	METRE
SAS-5581743944	2604281385	2	120579483	27 FLEXI DUZ GRI 188x158x21,5	13840	HASUPL11969	SUNGER PU PLAKA 27 DNS GRI 188X158X21,5 FLEXI DUZ	Adet
SAS-5581743944	2604281471	2	120579482	27 FLEXI DUZ GRI 188x138x21,5	13850	HASUPL11968	SUNGER PU PLAKA 27 DNS GRI 188X138X21,5 FLEXI DUZ	Adet
SAS-5581743944	2604281477	2	120579482	27 FLEXI DUZ GRI 188x138x21,5	13860	HASUPL11968	SUNGER PU PLAKA 27 DNS GRI 188X138X21,5 FLEXI DUZ	Adet
SAS-5581743944	2604281486	2	120579482	27 FLEXI DUZ GRI 188x138x21,5	13870	HASUPL11968	SUNGER PU PLAKA 27 DNS GRI 188X138X21,5 FLEXI DUZ	Adet
SAS-5581743944	2604281488	2	120579482	27 FLEXI DUZ GRI 188x138x21,5	13880	HASUPL11968	SUNGER PU PLAKA 27 DNS GRI 188X138X21,5 FLEXI DUZ	Adet
SAS-5581743944	2604281496	2	120579482	27 FLEXI DUZ GRI 188x138x21,5	13890	HASUPL11968	SUNGER PU PLAKA 27 DNS GRI 188X138X21,5 FLEXI DUZ	Adet
SAS-5581743944	2604270838	2	120579484	27 FLEXI DUZ GRI 198x158x21,5	13900	HASUPL11970	SUNGER PU PLAKA 27 DNS GRI 198X158X21,5 FLEXI DUZ	Adet
SAS-5581743944	2604270837	2	120579484	27 FLEXI DUZ GRI 198x158x21,5	13910	HASUPL11970	SUNGER PU PLAKA 27 DNS GRI 198X158X21,5 FLEXI DUZ	Adet
SAS-5581743944	2604270834	2	120579484	27 FLEXI DUZ GRI 198x158x21,5	13920	HASUPL11970	SUNGER PU PLAKA 27 DNS GRI 198X158X21,5 FLEXI DUZ	Adet
SAS-5581743944	2604270828	2	120579484	27 FLEXI DUZ GRI 198x158x21,5	13930	HASUPL11970	SUNGER PU PLAKA 27 DNS GRI 198X158X21,5 FLEXI DUZ	Adet
SAS-5581743944	2604280003	2	120579484	27 FLEXI DUZ GRI 198x158x21,5	13940	HASUPL11970	SUNGER PU PLAKA 27 DNS GRI 198X158X21,5 FLEXI DUZ	Adet
SAS-5581743944	2604280021	2	120579484	27 FLEXI DUZ GRI 198x158x21,5	13950	HASUPL11970	SUNGER PU PLAKA 27 DNS GRI 198X158X21,5 FLEXI DUZ	Adet
SAS-5581743944	2604280020	2	120579484	27 FLEXI DUZ GRI 198x158x21,5	13960	HASUPL11970	SUNGER PU PLAKA 27 DNS GRI 198X158X21,5 FLEXI DUZ	Adet
SAS-5581743944	2604280019	2	120579484	27 FLEXI DUZ GRI 198x158x21,5	13970	HASUPL11970	SUNGER PU PLAKA 27 DNS GRI 198X158X21,5 FLEXI DUZ	Adet
SAS-5581743944	2604280018	2	120579484	27 FLEXI DUZ GRI 198x158x21,5	13980	HASUPL11970	SUNGER PU PLAKA 27 DNS GRI 198X158X21,5 FLEXI DUZ	Adet
SAS-5581743944	2604280028	2	120579484	27 FLEXI DUZ GRI 198x158x21,5	13990	HASUPL11970	SUNGER PU PLAKA 27 DNS GRI 198X158X21,5 FLEXI DUZ	Adet
SAS-5581743944	2604280029	2	120579484	27 FLEXI DUZ GRI 198x158x21,5	14000	HASUPL11970	SUNGER PU PLAKA 27 DNS GRI 198X158X21,5 FLEXI DUZ	Adet
SAS-5581743944	2604280030	2	120579484	27 FLEXI DUZ GRI 198x158x21,5	14010	HASUPL11970	SUNGER PU PLAKA 27 DNS GRI 198X158X21,5 FLEXI DUZ	Adet
SAS-5581743944	2604280031	2	120579484	27 FLEXI DUZ GRI 198x158x21,5	14020	HASUPL11970	SUNGER PU PLAKA 27 DNS GRI 198X158X21,5 FLEXI DUZ	Adet
SAS-5581743944	2604280032	2	120579484	27 FLEXI DUZ GRI 198x158x21,5	14030	HASUPL11970	SUNGER PU PLAKA 27 DNS GRI 198X158X21,5 FLEXI DUZ	Adet
SAS-5581743944	2604280064	1	120579484	27 FLEXI DUZ GRI 198x158x21,5	14040	HASUPL11970	SUNGER PU PLAKA 27 DNS GRI 198X158X21,5 FLEXI DUZ	Adet
SAS-5581743944	2604280057	2	120579484	27 FLEXI DUZ GRI 198x158x21,5	14050	HASUPL11970	SUNGER PU PLAKA 27 DNS GRI 198X158X21,5 FLEXI DUZ	Adet
SAS-5581743944	2604280055	2	120579484	27 FLEXI DUZ GRI 198x158x21,5	14060	HASUPL11970	SUNGER PU PLAKA 27 DNS GRI 198X158X21,5 FLEXI DUZ	Adet
SAS-5581743944	2604281317	2	120579483	27 FLEXI DUZ GRI 188x158x21,5	14070	HASUPL11969	SUNGER PU PLAKA 27 DNS GRI 188X158X21,5 FLEXI DUZ	Adet
SAS-5581743944	2604281319	2	120579483	27 FLEXI DUZ GRI 188x158x21,5	14080	HASUPL11969	SUNGER PU PLAKA 27 DNS GRI 188X158X21,5 FLEXI DUZ	Adet
SAS-5581743944	2604281341	2	120579483	27 FLEXI DUZ GRI 188x158x21,5	14090	HASUPL11969	SUNGER PU PLAKA 27 DNS GRI 188X158X21,5 FLEXI DUZ	Adet
SAS-5581743944	2604281342	2	120579483	27 FLEXI DUZ GRI 188x158x21,5	14100	HASUPL11969	SUNGER PU PLAKA 27 DNS GRI 188X158X21,5 FLEXI DUZ	Adet
SAS-5581743944	2604281344	2	120579483	27 FLEXI DUZ GRI 188x158x21,5	14110	HASUPL11969	SUNGER PU PLAKA 27 DNS GRI 188X158X21,5 FLEXI DUZ	Adet
SAS-5581743944	2604281470	2	120579482	27 FLEXI DUZ GRI 188x138x21,5	14120	HASUPL11968	SUNGER PU PLAKA 27 DNS GRI 188X138X21,5 FLEXI DUZ	Adet
SAS-5581743944	2604281467	2	120579482	27 FLEXI DUZ GRI 188x138x21,5	14130	HASUPL11968	SUNGER PU PLAKA 27 DNS GRI 188X138X21,5 FLEXI DUZ	Adet
SAS-5581743944	2604281461	2	120579482	27 FLEXI DUZ GRI 188x138x21,5	14140	HASUPL11968	SUNGER PU PLAKA 27 DNS GRI 188X138X21,5 FLEXI DUZ	Adet
SAS-5581743944	2604281452	2	120579483	27 FLEXI DUZ GRI 188x158x21,5	14150	HASUPL11969	SUNGER PU PLAKA 27 DNS GRI 188X158X21,5 FLEXI DUZ	Adet
SAS-5581743944	2604281446	2	120579483	27 FLEXI DUZ GRI 188x158x21,5	14160	HASUPL11969	SUNGER PU PLAKA 27 DNS GRI 188X158X21,5 FLEXI DUZ	Adet
SAS-5581743944	2604280122	2	120579484	27 FLEXI DUZ GRI 198x158x21,5	14170	HASUPL11970	SUNGER PU PLAKA 27 DNS GRI 198X158X21,5 FLEXI DUZ	Adet
SAS-5581743944	2604280118	2	120579484	27 FLEXI DUZ GRI 198x158x21,5	14180	HASUPL11970	SUNGER PU PLAKA 27 DNS GRI 198X158X21,5 FLEXI DUZ	Adet
SAS-5581743944	2604280117	2	120579484	27 FLEXI DUZ GRI 198x158x21,5	14190	HASUPL11970	SUNGER PU PLAKA 27 DNS GRI 198X158X21,5 FLEXI DUZ	Adet
SAS-5581743944	2604280136	2	120579484	27 FLEXI DUZ GRI 198x158x21,5	14200	HASUPL11970	SUNGER PU PLAKA 27 DNS GRI 198X158X21,5 FLEXI DUZ	Adet
SAS-5581743944	2604280139	2	120579484	27 FLEXI DUZ GRI 198x158x21,5	14210	HASUPL11970	SUNGER PU PLAKA 27 DNS GRI 198X158X21,5 FLEXI DUZ	Adet
SAS-5581743944	2604271929	90	121019364	27 FR RULO BEYAZ 220x1	14220	HASURL0227	SUNGER PU RULO 27 DNS FR BEYAZ 220X1 DUZ (BS 7177)	METRE
SAS-5581743944	2604271931	90	121019364	27 FR RULO BEYAZ 220x1	14230	HASURL0227	SUNGER PU RULO 27 DNS FR BEYAZ 220X1 DUZ (BS 7177)	METRE
SAS-5581743944	2604251729	140	120006667	18 FLEXI RULO BEYAZ 220x0,8	14240	HASURL0046	SUNGER PU RULO 18 DNS BEYAZ 220X0,8 FLEXI DUZ	METRE
SAS-5581743944	2604272412	113	121019364	27 FR RULO BEYAZ 220x1	14250	HASURL0227	SUNGER PU RULO 27 DNS FR BEYAZ 220X1 DUZ (BS 7177)	METRE
SAS-5581743944	2604271926	90	121019364	27 FR RULO BEYAZ 220x1	14260	HASURL0227	SUNGER PU RULO 27 DNS FR BEYAZ 220X1 DUZ (BS 7177)	METRE
SAS-5581743944	2604272413	113	121019364	27 FR RULO BEYAZ 220x1	14270	HASURL0227	SUNGER PU RULO 27 DNS FR BEYAZ 220X1 DUZ (BS 7177)	METRE
SAS-5581743944	2604272414	113	121019364	27 FR RULO BEYAZ 220x1	14280	HASURL0227	SUNGER PU RULO 27 DNS FR BEYAZ 220X1 DUZ (BS 7177)	METRE
SAS-5581743944	2604271924	90	121019364	27 FR RULO BEYAZ 220x1	14290	HASURL0227	SUNGER PU RULO 27 DNS FR BEYAZ 220X1 DUZ (BS 7177)	METRE
SAS-5581743944	2604272415	113	121019364	27 FR RULO BEYAZ 220x1	14300	HASURL0227	SUNGER PU RULO 27 DNS FR BEYAZ 220X1 DUZ (BS 7177)	METRE
SAS-5581743944	2604271928	90	121019364	27 FR RULO BEYAZ 220x1	14310	HASURL0227	SUNGER PU RULO 27 DNS FR BEYAZ 220X1 DUZ (BS 7177)	METRE
SAS-5581743944	2604272416	113	121019364	27 FR RULO BEYAZ 220x1	14320	HASURL0227	SUNGER PU RULO 27 DNS FR BEYAZ 220X1 DUZ (BS 7177)	METRE
SAS-5581743944	2604272417	113	121019364	27 FR RULO BEYAZ 220x1	14330	HASURL0227	SUNGER PU RULO 27 DNS FR BEYAZ 220X1 DUZ (BS 7177)	METRE
SAS-5581743944	2604272422	113	121019364	27 FR RULO BEYAZ 220x1	14340	HASURL0227	SUNGER PU RULO 27 DNS FR BEYAZ 220X1 DUZ (BS 7177)	METRE
SAS-5581743944	2604272419	113	121019364	27 FR RULO BEYAZ 220x1	14350	HASURL0227	SUNGER PU RULO 27 DNS FR BEYAZ 220X1 DUZ (BS 7177)	METRE
SAS-5581743944	2604272405	113	121019364	27 FR RULO BEYAZ 220x1	14360	HASURL0227	SUNGER PU RULO 27 DNS FR BEYAZ 220X1 DUZ (BS 7177)	METRE
SAS-5581743944	2604272406	113	121019364	27 FR RULO BEYAZ 220x1	14370	HASURL0227	SUNGER PU RULO 27 DNS FR BEYAZ 220X1 DUZ (BS 7177)	METRE
SAS-5581743944	2604281435	2	120579483	27 FLEXI DUZ GRI 188x158x21,5	14380	HASUPL11969	SUNGER PU PLAKA 27 DNS GRI 188X158X21,5 FLEXI DUZ	Adet
SAS-5581743944	2604281433	2	120579483	27 FLEXI DUZ GRI 188x158x21,5	14390	HASUPL11969	SUNGER PU PLAKA 27 DNS GRI 188X158X21,5 FLEXI DUZ	Adet
SAS-5581743944	2604281407	2	120579483	27 FLEXI DUZ GRI 188x158x21,5	14400	HASUPL11969	SUNGER PU PLAKA 27 DNS GRI 188X158X21,5 FLEXI DUZ	Adet
SAS-5581743944	2604281402	2	120579483	27 FLEXI DUZ GRI 188x158x21,5	14410	HASUPL11969	SUNGER PU PLAKA 27 DNS GRI 188X158X21,5 FLEXI DUZ	Adet
SAS-5581743944	2604281399	2	120579483	27 FLEXI DUZ GRI 188x158x21,5	14420	HASUPL11969	SUNGER PU PLAKA 27 DNS GRI 188X158X21,5 FLEXI DUZ	Adet
SAS-5581743944	2604280108	1	120579486	27 FLEXI DUZ GRI 198x198x21,5	14430	HASUPL11972	SUNGER PU PLAKA 27 DNS GRI 198X198X21,5 FLEXI DUZ	Adet
SAS-5581743944	2604280107	1	120579486	27 FLEXI DUZ GRI 198x198x21,5	14440	HASUPL11972	SUNGER PU PLAKA 27 DNS GRI 198X198X21,5 FLEXI DUZ	Adet
SAS-5581743944	2604280116	1	120579486	27 FLEXI DUZ GRI 198x198x21,5	14450	HASUPL11972	SUNGER PU PLAKA 27 DNS GRI 198X198X21,5 FLEXI DUZ	Adet
SAS-5581743944	2604280121	2	120579484	27 FLEXI DUZ GRI 198x158x21,5	14460	HASUPL11970	SUNGER PU PLAKA 27 DNS GRI 198X158X21,5 FLEXI DUZ	Adet
SAS-5581743944	2604280120	2	120579484	27 FLEXI DUZ GRI 198x158x21,5	14470	HASUPL11970	SUNGER PU PLAKA 27 DNS GRI 198X158X21,5 FLEXI DUZ	Adet
SAS-5581743944	2604280119	2	120579484	27 FLEXI DUZ GRI 198x158x21,5	14480	HASUPL11970	SUNGER PU PLAKA 27 DNS GRI 198X158X21,5 FLEXI DUZ	Adet
SAS-5581743944	2604271014	1	120579485	27 FLEXI DUZ GRI 198x178x21,5	14490	HASUPL11971	SUNGER PU PLAKA 27 DNS GRI 198X178X21,5 FLEXI DUZ	Adet
SAS-5581743944	2604271013	1	120579485	27 FLEXI DUZ GRI 198x178x21,5	14500	HASUPL11971	SUNGER PU PLAKA 27 DNS GRI 198X178X21,5 FLEXI DUZ	Adet
SAS-5581743944	2604271012	1	120579485	27 FLEXI DUZ GRI 198x178x21,5	14510	HASUPL11971	SUNGER PU PLAKA 27 DNS GRI 198X178X21,5 FLEXI DUZ	Adet
SAS-5581743944	2604271011	1	120579485	27 FLEXI DUZ GRI 198x178x21,5	14520	HASUPL11971	SUNGER PU PLAKA 27 DNS GRI 198X178X21,5 FLEXI DUZ	Adet
SAS-5581743944	2604271034	1	120579485	27 FLEXI DUZ GRI 198x178x21,5	14530	HASUPL11971	SUNGER PU PLAKA 27 DNS GRI 198X178X21,5 FLEXI DUZ	Adet
SAS-5581743944	2604271033	1	120579485	27 FLEXI DUZ GRI 198x178x21,5	14540	HASUPL11971	SUNGER PU PLAKA 27 DNS GRI 198X178X21,5 FLEXI DUZ	Adet
SAS-5581743944	2604271032	1	120579485	27 FLEXI DUZ GRI 198x178x21,5	14550	HASUPL11971	SUNGER PU PLAKA 27 DNS GRI 198X178X21,5 FLEXI DUZ	Adet
SAS-5581743944	2604271031	1	120579485	27 FLEXI DUZ GRI 198x178x21,5	14560	HASUPL11971	SUNGER PU PLAKA 27 DNS GRI 198X178X21,5 FLEXI DUZ	Adet
SAS-5581743944	2604270975	1	120579485	27 FLEXI DUZ GRI 198x178x21,5	14570	HASUPL11971	SUNGER PU PLAKA 27 DNS GRI 198X178X21,5 FLEXI DUZ	Adet
SAS-5581743944	2604270977	1	120579485	27 FLEXI DUZ GRI 198x178x21,5	14580	HASUPL11971	SUNGER PU PLAKA 27 DNS GRI 198X178X21,5 FLEXI DUZ	Adet
SAS-5581743944	2604270978	1	120579485	27 FLEXI DUZ GRI 198x178x21,5	14590	HASUPL11971	SUNGER PU PLAKA 27 DNS GRI 198X178X21,5 FLEXI DUZ	Adet
SAS-5581743944	2604270980	1	120579485	27 FLEXI DUZ GRI 198x178x21,5	14600	HASUPL11971	SUNGER PU PLAKA 27 DNS GRI 198X178X21,5 FLEXI DUZ	Adet
SAS-5581743944	2604270982	1	120579485	27 FLEXI DUZ GRI 198x178x21,5	14610	HASUPL11971	SUNGER PU PLAKA 27 DNS GRI 198X178X21,5 FLEXI DUZ	Adet
SAS-5581743944	2604271007	1	120579485	27 FLEXI DUZ GRI 198x178x21,5	14620	HASUPL11971	SUNGER PU PLAKA 27 DNS GRI 198X178X21,5 FLEXI DUZ	Adet
SAS-5581743944	2604271009	1	120579485	27 FLEXI DUZ GRI 198x178x21,5	14630	HASUPL11971	SUNGER PU PLAKA 27 DNS GRI 198X178X21,5 FLEXI DUZ	Adet
SAS-5581743944	2604270981	1	120579485	27 FLEXI DUZ GRI 198x178x21,5	14640	HASUPL11971	SUNGER PU PLAKA 27 DNS GRI 198X178X21,5 FLEXI DUZ	Adet
SAS-5581743944	2604280156	2	120579484	27 FLEXI DUZ GRI 198x158x21,5	14650	HASUPL11970	SUNGER PU PLAKA 27 DNS GRI 198X158X21,5 FLEXI DUZ	Adet
SAS-5581743944	2604280154	2	120579484	27 FLEXI DUZ GRI 198x158x21,5	14660	HASUPL11970	SUNGER PU PLAKA 27 DNS GRI 198X158X21,5 FLEXI DUZ	Adet
SAS-5581743944	2604280114	2	120579484	27 FLEXI DUZ GRI 198x158x21,5	14670	HASUPL11970	SUNGER PU PLAKA 27 DNS GRI 198X158X21,5 FLEXI DUZ	Adet
SAS-5581743944	2604280106	2	120579484	27 FLEXI DUZ GRI 198x158x21,5	14680	HASUPL11970	SUNGER PU PLAKA 27 DNS GRI 198X158X21,5 FLEXI DUZ	Adet
SAS-5581743944	2604280041	2	120579484	27 FLEXI DUZ GRI 198x158x21,5	14690	HASUPL11970	SUNGER PU PLAKA 27 DNS GRI 198X158X21,5 FLEXI DUZ	Adet
SAS-5581743944	2604280042	2	120579484	27 FLEXI DUZ GRI 198x158x21,5	14700	HASUPL11970	SUNGER PU PLAKA 27 DNS GRI 198X158X21,5 FLEXI DUZ	Adet
SAS-5581743944	2604280043	2	120579484	27 FLEXI DUZ GRI 198x158x21,5	14710	HASUPL11970	SUNGER PU PLAKA 27 DNS GRI 198X158X21,5 FLEXI DUZ	Adet
SAS-5581743944	2604280095	2	120579484	27 FLEXI DUZ GRI 198x158x21,5	14720	HASUPL11970	SUNGER PU PLAKA 27 DNS GRI 198X158X21,5 FLEXI DUZ	Adet
SAS-5581743944	2604280084	2	120579484	27 FLEXI DUZ GRI 198x158x21,5	14730	HASUPL11970	SUNGER PU PLAKA 27 DNS GRI 198X158X21,5 FLEXI DUZ	Adet
SAS-5581743944	2604280083	2	120579484	27 FLEXI DUZ GRI 198x158x21,5	14740	HASUPL11970	SUNGER PU PLAKA 27 DNS GRI 198X158X21,5 FLEXI DUZ	Adet
SAS-5581743944	2604280077	1	120579485	27 FLEXI DUZ GRI 198x178x21,5	14750	HASUPL11971	SUNGER PU PLAKA 27 DNS GRI 198X178X21,5 FLEXI DUZ	Adet
SAS-5581743944	2604280076	2	120579485	27 FLEXI DUZ GRI 198x178x21,5	14760	HASUPL11971	SUNGER PU PLAKA 27 DNS GRI 198X178X21,5 FLEXI DUZ	Adet
SAS-5581743944	2604280073	2	120579485	27 FLEXI DUZ GRI 198x178x21,5	14770	HASUPL11971	SUNGER PU PLAKA 27 DNS GRI 198X178X21,5 FLEXI DUZ	Adet
SAS-5581743944	2604280157	1	120579484	27 FLEXI DUZ GRI 198x158x21,5	14780	HASUPL11970	SUNGER PU PLAKA 27 DNS GRI 198X158X21,5 FLEXI DUZ	Adet
SAS-5581743944	2604280059	2	120579485	27 FLEXI DUZ GRI 198x178x21,5	14790	HASUPL11971	SUNGER PU PLAKA 27 DNS GRI 198X178X21,5 FLEXI DUZ	Adet
SAS-5581743944	2604280060	2	120579485	27 FLEXI DUZ GRI 198x178x21,5	14800	HASUPL11971	SUNGER PU PLAKA 27 DNS GRI 198X178X21,5 FLEXI DUZ	Adet
SAS-5581743944	2604280061	2	120579485	27 FLEXI DUZ GRI 198x178x21,5	14810	HASUPL11971	SUNGER PU PLAKA 27 DNS GRI 198X178X21,5 FLEXI DUZ	Adet
SAS-5581743944	2604280062	2	120579485	27 FLEXI DUZ GRI 198x178x21,5	14820	HASUPL11971	SUNGER PU PLAKA 27 DNS GRI 198X178X21,5 FLEXI DUZ	Adet
SAS-5581743944	2604280063	2	120579485	27 FLEXI DUZ GRI 198x178x21,5	14830	HASUPL11971	SUNGER PU PLAKA 27 DNS GRI 198X178X21,5 FLEXI DUZ	Adet
SAS-5581743944	2604281422	2	120579483	27 FLEXI DUZ GRI 188x158x21,5	14840	HASUPL11969	SUNGER PU PLAKA 27 DNS GRI 188X158X21,5 FLEXI DUZ	Adet
SAS-5581743944	2604281406	2	120579483	27 FLEXI DUZ GRI 188x158x21,5	14850	HASUPL11969	SUNGER PU PLAKA 27 DNS GRI 188X158X21,5 FLEXI DUZ	Adet
SAS-5581743944	2604281403	2	120579483	27 FLEXI DUZ GRI 188x158x21,5	14860	HASUPL11969	SUNGER PU PLAKA 27 DNS GRI 188X158X21,5 FLEXI DUZ	Adet
SAS-5581743944	2604281401	2	120579483	27 FLEXI DUZ GRI 188x158x21,5	14870	HASUPL11969	SUNGER PU PLAKA 27 DNS GRI 188X158X21,5 FLEXI DUZ	Adet
SAS-5581743944	2604281386	2	120579483	27 FLEXI DUZ GRI 188x158x21,5	14880	HASUPL11969	SUNGER PU PLAKA 27 DNS GRI 188X158X21,5 FLEXI DUZ	Adet
SAS-5581743944	2604281369	2	120579483	27 FLEXI DUZ GRI 188x158x21,5	14890	HASUPL11969	SUNGER PU PLAKA 27 DNS GRI 188X158X21,5 FLEXI DUZ	Adet
SAS-5581743944	2604281363	2	120579483	27 FLEXI DUZ GRI 188x158x21,5	14900	HASUPL11969	SUNGER PU PLAKA 27 DNS GRI 188X158X21,5 FLEXI DUZ	Adet
SAS-5581743944	2604281359	2	120579483	27 FLEXI DUZ GRI 188x158x21,5	14910	HASUPL11969	SUNGER PU PLAKA 27 DNS GRI 188X158X21,5 FLEXI DUZ	Adet
SAS-5581743944	2604281348	2	120579483	27 FLEXI DUZ GRI 188x158x21,5	14920	HASUPL11969	SUNGER PU PLAKA 27 DNS GRI 188X158X21,5 FLEXI DUZ	Adet
SAS-5581743944	2604281349	2	120579483	27 FLEXI DUZ GRI 188x158x21,5	14930	HASUPL11969	SUNGER PU PLAKA 27 DNS GRI 188X158X21,5 FLEXI DUZ	Adet
SAS-5581743944	2604281391	2	120579483	27 FLEXI DUZ GRI 188x158x21,5	14940	HASUPL11969	SUNGER PU PLAKA 27 DNS GRI 188X158X21,5 FLEXI DUZ	Adet
SAS-5581743944	2604281376	2	120579483	27 FLEXI DUZ GRI 188x158x21,5	14950	HASUPL11969	SUNGER PU PLAKA 27 DNS GRI 188X158X21,5 FLEXI DUZ	Adet
SAS-5581743944	2604281374	2	120579483	27 FLEXI DUZ GRI 188x158x21,5	14960	HASUPL11969	SUNGER PU PLAKA 27 DNS GRI 188X158X21,5 FLEXI DUZ	Adet
SAS-5581743944	2604281364	2	120579483	27 FLEXI DUZ GRI 188x158x21,5	14970	HASUPL11969	SUNGER PU PLAKA 27 DNS GRI 188X158X21,5 FLEXI DUZ	Adet
SAS-5581743944	2604281362	2	120579483	27 FLEXI DUZ GRI 188x158x21,5	14980	HASUPL11969	SUNGER PU PLAKA 27 DNS GRI 188X158X21,5 FLEXI DUZ	Adet
SAS-5581743944	2604281455	1	120579483	27 FLEXI DUZ GRI 188x158x21,5	14990	HASUPL11969	SUNGER PU PLAKA 27 DNS GRI 188X158X21,5 FLEXI DUZ	Adet
SAS-5581743944	2604281550	2	120579481	27 FLEXI DUZ GRI 188x88x21,5	15000	HASUPL11967	SUNGER PU PLAKA 27 DNS GRI 188X88X21,5 FLEXI DUZ	Adet
SAS-5581743944	2604281668	2	120579482	27 FLEXI DUZ GRI 188x138x21,5	15010	HASUPL11968	SUNGER PU PLAKA 27 DNS GRI 188X138X21,5 FLEXI DUZ	Adet
SAS-5581743944	2604281669	2	120579482	27 FLEXI DUZ GRI 188x138x21,5	15020	HASUPL11968	SUNGER PU PLAKA 27 DNS GRI 188X138X21,5 FLEXI DUZ	Adet
SAS-5581743944	2604280634	2	120579483	27 FLEXI DUZ GRI 188x158x21,5	15030	HASUPL11969	SUNGER PU PLAKA 27 DNS GRI 188X158X21,5 FLEXI DUZ	Adet
SAS-5581743944	2604280637	2	120579483	27 FLEXI DUZ GRI 188x158x21,5	15040	HASUPL11969	SUNGER PU PLAKA 27 DNS GRI 188X158X21,5 FLEXI DUZ	Adet
SAS-5581743944	2604280638	2	120579483	27 FLEXI DUZ GRI 188x158x21,5	15050	HASUPL11969	SUNGER PU PLAKA 27 DNS GRI 188X158X21,5 FLEXI DUZ	Adet
SAS-5581743944	2604280639	2	120579483	27 FLEXI DUZ GRI 188x158x21,5	15060	HASUPL11969	SUNGER PU PLAKA 27 DNS GRI 188X158X21,5 FLEXI DUZ	Adet
SAS-5581743944	2604280641	1	120579483	27 FLEXI DUZ GRI 188x158x21,5	15070	HASUPL11969	SUNGER PU PLAKA 27 DNS GRI 188X158X21,5 FLEXI DUZ	Adet
SAS-5581743944	2604280640	1	120579483	27 FLEXI DUZ GRI 188x158x21,5	15080	HASUPL11969	SUNGER PU PLAKA 27 DNS GRI 188X158X21,5 FLEXI DUZ	Adet
SAS-5581743944	2604280614	2	120579483	27 FLEXI DUZ GRI 188x158x21,5	15090	HASUPL11969	SUNGER PU PLAKA 27 DNS GRI 188X158X21,5 FLEXI DUZ	Adet
SAS-5581743944	2604280613	2	120579483	27 FLEXI DUZ GRI 188x158x21,5	15100	HASUPL11969	SUNGER PU PLAKA 27 DNS GRI 188X158X21,5 FLEXI DUZ	Adet
SAS-5581743944	2604280612	2	120579483	27 FLEXI DUZ GRI 188x158x21,5	15110	HASUPL11969	SUNGER PU PLAKA 27 DNS GRI 188X158X21,5 FLEXI DUZ	Adet
SAS-5581743944	2604280611	2	120579483	27 FLEXI DUZ GRI 188x158x21,5	15120	HASUPL11969	SUNGER PU PLAKA 27 DNS GRI 188X158X21,5 FLEXI DUZ	Adet
SAS-5581743944	2604280610	2	120579483	27 FLEXI DUZ GRI 188x158x21,5	15130	HASUPL11969	SUNGER PU PLAKA 27 DNS GRI 188X158X21,5 FLEXI DUZ	Adet
SAS-5581743944	2604280628	2	120579483	27 FLEXI DUZ GRI 188x158x21,5	15140	HASUPL11969	SUNGER PU PLAKA 27 DNS GRI 188X158X21,5 FLEXI DUZ	Adet
SAS-5581743944	2604280627	2	120579483	27 FLEXI DUZ GRI 188x158x21,5	15150	HASUPL11969	SUNGER PU PLAKA 27 DNS GRI 188X158X21,5 FLEXI DUZ	Adet
SAS-5581743944	2604280626	2	120579483	27 FLEXI DUZ GRI 188x158x21,5	15160	HASUPL11969	SUNGER PU PLAKA 27 DNS GRI 188X158X21,5 FLEXI DUZ	Adet
SAS-5581743944	2604280624	2	120579483	27 FLEXI DUZ GRI 188x158x21,5	15170	HASUPL11969	SUNGER PU PLAKA 27 DNS GRI 188X158X21,5 FLEXI DUZ	Adet
SAS-5581743944	2604280623	2	120579483	27 FLEXI DUZ GRI 188x158x21,5	15180	HASUPL11969	SUNGER PU PLAKA 27 DNS GRI 188X158X21,5 FLEXI DUZ	Adet
SAS-5581743944	2604281565	2	120579482	27 FLEXI DUZ GRI 188x138x21,5	15190	HASUPL11968	SUNGER PU PLAKA 27 DNS GRI 188X138X21,5 FLEXI DUZ	Adet
SAS-5581743944	2604281569	2	120579482	27 FLEXI DUZ GRI 188x138x21,5	15200	HASUPL11968	SUNGER PU PLAKA 27 DNS GRI 188X138X21,5 FLEXI DUZ	Adet
SAS-5581743944	2604281571	2	120579482	27 FLEXI DUZ GRI 188x138x21,5	15210	HASUPL11968	SUNGER PU PLAKA 27 DNS GRI 188X138X21,5 FLEXI DUZ	Adet
SAS-5581743944	2604281574	2	120579482	27 FLEXI DUZ GRI 188x138x21,5	15220	HASUPL11968	SUNGER PU PLAKA 27 DNS GRI 188X138X21,5 FLEXI DUZ	Adet
SAS-5581743944	2604281584	2	120579482	27 FLEXI DUZ GRI 188x138x21,5	15230	HASUPL11968	SUNGER PU PLAKA 27 DNS GRI 188X138X21,5 FLEXI DUZ	Adet
SAS-5581743944	2604281585	2	120579482	27 FLEXI DUZ GRI 188x138x21,5	15240	HASUPL11968	SUNGER PU PLAKA 27 DNS GRI 188X138X21,5 FLEXI DUZ	Adet
SAS-5581743944	2604281697	2	120579482	27 FLEXI DUZ GRI 188x138x21,5	15250	HASUPL11968	SUNGER PU PLAKA 27 DNS GRI 188X138X21,5 FLEXI DUZ	Adet
SAS-5581743944	2604281699	2	120579482	27 FLEXI DUZ GRI 188x138x21,5	15260	HASUPL11968	SUNGER PU PLAKA 27 DNS GRI 188X138X21,5 FLEXI DUZ	Adet
SAS-5581743944	2604281705	2	120579482	27 FLEXI DUZ GRI 188x138x21,5	15270	HASUPL11968	SUNGER PU PLAKA 27 DNS GRI 188X138X21,5 FLEXI DUZ	Adet
SAS-5581743944	2604281710	2	120579482	27 FLEXI DUZ GRI 188x138x21,5	15280	HASUPL11968	SUNGER PU PLAKA 27 DNS GRI 188X138X21,5 FLEXI DUZ	Adet
SAS-5581743944	2604281711	2	120579482	27 FLEXI DUZ GRI 188x138x21,5	15290	HASUPL11968	SUNGER PU PLAKA 27 DNS GRI 188X138X21,5 FLEXI DUZ	Adet
SAS-5581743944	2604270535	111	120239749	23 FLEXI BLOKCM MAVI 198x188	15300	HASUBL0322	SUNGER PU BLOK 23 DNS 190 NEWTON ACIK MAVI 198X188X120	M3
SAS-5581743944	2604270538	111	120239749	23 FLEXI BLOKCM MAVI 198x188	15310	HASUBL0322	SUNGER PU BLOK 23 DNS 190 NEWTON ACIK MAVI 198X188X120	M3
SAS-5581743944	2604282769	2	120579481	27 FLEXI DUZ GRI 188x88x21,5	15320	HASUPL11967	SUNGER PU PLAKA 27 DNS GRI 188X88X21,5 FLEXI DUZ	Adet
SAS-5581743944	2604282770	2	120579481	27 FLEXI DUZ GRI 188x88x21,5	15330	HASUPL11967	SUNGER PU PLAKA 27 DNS GRI 188X88X21,5 FLEXI DUZ	Adet
SAS-5581743944	2604282771	1	120579481	27 FLEXI DUZ GRI 188x88x21,5	15340	HASUPL11967	SUNGER PU PLAKA 27 DNS GRI 188X88X21,5 FLEXI DUZ	Adet
SAS-5581743944	2604282692	2	120579484	27 FLEXI DUZ GRI 198x158x21,5	15350	HASUPL11970	SUNGER PU PLAKA 27 DNS GRI 198X158X21,5 FLEXI DUZ	Adet
SAS-5581743944	2604282695	2	120579484	27 FLEXI DUZ GRI 198x158x21,5	15360	HASUPL11970	SUNGER PU PLAKA 27 DNS GRI 198X158X21,5 FLEXI DUZ	Adet
SAS-5581743944	2604282697	2	120579484	27 FLEXI DUZ GRI 198x158x21,5	15370	HASUPL11970	SUNGER PU PLAKA 27 DNS GRI 198X158X21,5 FLEXI DUZ	Adet
SAS-5581743944	2604282698	2	120579484	27 FLEXI DUZ GRI 198x158x21,5	15380	HASUPL11970	SUNGER PU PLAKA 27 DNS GRI 198X158X21,5 FLEXI DUZ	Adet
SAS-5581743944	2604282681	2	120579484	27 FLEXI DUZ GRI 198x158x21,5	15390	HASUPL11970	SUNGER PU PLAKA 27 DNS GRI 198X158X21,5 FLEXI DUZ	Adet
SAS-5581743944	2604282682	2	120579484	27 FLEXI DUZ GRI 198x158x21,5	15400	HASUPL11970	SUNGER PU PLAKA 27 DNS GRI 198X158X21,5 FLEXI DUZ	Adet
SAS-5581743944	2604282713	2	120579484	27 FLEXI DUZ GRI 198x158x21,5	15410	HASUPL11970	SUNGER PU PLAKA 27 DNS GRI 198X158X21,5 FLEXI DUZ	Adet
SAS-5581743944	2604282708	2	120579484	27 FLEXI DUZ GRI 198x158x21,5	15420	HASUPL11970	SUNGER PU PLAKA 27 DNS GRI 198X158X21,5 FLEXI DUZ	Adet
SAS-5581743944	2604282726	2	120579484	27 FLEXI DUZ GRI 198x158x21,5	15430	HASUPL11970	SUNGER PU PLAKA 27 DNS GRI 198X158X21,5 FLEXI DUZ	Adet
SAS-5581743944	2604282709	2	120579484	27 FLEXI DUZ GRI 198x158x21,5	15440	HASUPL11970	SUNGER PU PLAKA 27 DNS GRI 198X158X21,5 FLEXI DUZ	Adet
SAS-5581743944	2604282710	2	120579484	27 FLEXI DUZ GRI 198x158x21,5	15450	HASUPL11970	SUNGER PU PLAKA 27 DNS GRI 198X158X21,5 FLEXI DUZ	Adet
SAS-5581743944	2604282711	2	120579484	27 FLEXI DUZ GRI 198x158x21,5	15460	HASUPL11970	SUNGER PU PLAKA 27 DNS GRI 198X158X21,5 FLEXI DUZ	Adet
SAS-5581743944	2604282712	2	120579484	27 FLEXI DUZ GRI 198x158x21,5	15470	HASUPL11970	SUNGER PU PLAKA 27 DNS GRI 198X158X21,5 FLEXI DUZ	Adet
SAS-5581743944	2604282727	2	120579484	27 FLEXI DUZ GRI 198x158x21,5	15480	HASUPL11970	SUNGER PU PLAKA 27 DNS GRI 198X158X21,5 FLEXI DUZ	Adet
SAS-5581743944	2604282639	2	120579484	27 FLEXI DUZ GRI 198x158x21,5	15490	HASUPL11970	SUNGER PU PLAKA 27 DNS GRI 198X158X21,5 FLEXI DUZ	Adet
SAS-5581743944	2604282660	2	120579484	27 FLEXI DUZ GRI 198x158x21,5	15500	HASUPL11970	SUNGER PU PLAKA 27 DNS GRI 198X158X21,5 FLEXI DUZ	Adet
SAS-5581743944	2604282661	2	120579484	27 FLEXI DUZ GRI 198x158x21,5	15510	HASUPL11970	SUNGER PU PLAKA 27 DNS GRI 198X158X21,5 FLEXI DUZ	Adet
SAS-5581743944	2604282668	2	120579484	27 FLEXI DUZ GRI 198x158x21,5	15520	HASUPL11970	SUNGER PU PLAKA 27 DNS GRI 198X158X21,5 FLEXI DUZ	Adet
SAS-5581743944	2604282669	2	120579484	27 FLEXI DUZ GRI 198x158x21,5	15530	HASUPL11970	SUNGER PU PLAKA 27 DNS GRI 198X158X21,5 FLEXI DUZ	Adet
SAS-5581743944	2604282686	2	120579484	27 FLEXI DUZ GRI 198x158x21,5	15540	HASUPL11970	SUNGER PU PLAKA 27 DNS GRI 198X158X21,5 FLEXI DUZ	Adet
SAS-5581743944	2604282687	2	120579484	27 FLEXI DUZ GRI 198x158x21,5	15550	HASUPL11970	SUNGER PU PLAKA 27 DNS GRI 198X158X21,5 FLEXI DUZ	Adet
SAS-5581743944	2604282688	2	120579484	27 FLEXI DUZ GRI 198x158x21,5	15560	HASUPL11970	SUNGER PU PLAKA 27 DNS GRI 198X158X21,5 FLEXI DUZ	Adet
SAS-5581743944	2604282689	2	120579484	27 FLEXI DUZ GRI 198x158x21,5	15570	HASUPL11970	SUNGER PU PLAKA 27 DNS GRI 198X158X21,5 FLEXI DUZ	Adet
SAS-5581743944	2604282690	2	120579484	27 FLEXI DUZ GRI 198x158x21,5	15580	HASUPL11970	SUNGER PU PLAKA 27 DNS GRI 198X158X21,5 FLEXI DUZ	Adet
SAS-5581743944	2604282691	2	120579484	27 FLEXI DUZ GRI 198x158x21,5	15590	HASUPL11970	SUNGER PU PLAKA 27 DNS GRI 198X158X21,5 FLEXI DUZ	Adet
SAS-5581743944	2604280109	1	120579486	27 FLEXI DUZ GRI 198x198x21,5	15600	HASUPL11972	SUNGER PU PLAKA 27 DNS GRI 198X198X21,5 FLEXI DUZ	Adet
SAS-5581743944	2604281652	2	120579482	27 FLEXI DUZ GRI 188x138x21,5	15610	HASUPL11968	SUNGER PU PLAKA 27 DNS GRI 188X138X21,5 FLEXI DUZ	Adet
SAS-5581743944	2604281653	2	120579482	27 FLEXI DUZ GRI 188x138x21,5	15620	HASUPL11968	SUNGER PU PLAKA 27 DNS GRI 188X138X21,5 FLEXI DUZ	Adet
SAS-5581743944	2604281381	2	120579483	27 FLEXI DUZ GRI 188x158x21,5	15630	HASUPL11969	SUNGER PU PLAKA 27 DNS GRI 188X158X21,5 FLEXI DUZ	Adet
SAS-5581743944	2604281632	2	120579482	27 FLEXI DUZ GRI 188x138x21,5	15640	HASUPL11968	SUNGER PU PLAKA 27 DNS GRI 188X138X21,5 FLEXI DUZ	Adet
SAS-5581743944	2604281591	2	120579482	27 FLEXI DUZ GRI 188x138x21,5	15650	HASUPL11968	SUNGER PU PLAKA 27 DNS GRI 188X138X21,5 FLEXI DUZ	Adet
SAS-5581743944	2604281594	2	120579482	27 FLEXI DUZ GRI 188x138x21,5	15660	HASUPL11968	SUNGER PU PLAKA 27 DNS GRI 188X138X21,5 FLEXI DUZ	Adet
SAS-5581743944	2604281607	2	120579482	27 FLEXI DUZ GRI 188x138x21,5	15670	HASUPL11968	SUNGER PU PLAKA 27 DNS GRI 188X138X21,5 FLEXI DUZ	Adet
SAS-5581743944	2604281625	2	120579482	27 FLEXI DUZ GRI 188x138x21,5	15680	HASUPL11968	SUNGER PU PLAKA 27 DNS GRI 188X138X21,5 FLEXI DUZ	Adet
SAS-5581743944	2604281627	2	120579482	27 FLEXI DUZ GRI 188x138x21,5	15690	HASUPL11968	SUNGER PU PLAKA 27 DNS GRI 188X138X21,5 FLEXI DUZ	Adet
SAS-5581743944	2604281498	2	120579482	27 FLEXI DUZ GRI 188x138x21,5	15700	HASUPL11968	SUNGER PU PLAKA 27 DNS GRI 188X138X21,5 FLEXI DUZ	Adet
SAS-5581743944	2604281501	2	120579482	27 FLEXI DUZ GRI 188x138x21,5	15710	HASUPL11968	SUNGER PU PLAKA 27 DNS GRI 188X138X21,5 FLEXI DUZ	Adet
SAS-5581743944	2604281502	2	120579482	27 FLEXI DUZ GRI 188x138x21,5	15720	HASUPL11968	SUNGER PU PLAKA 27 DNS GRI 188X138X21,5 FLEXI DUZ	Adet
SAS-5581743944	2604281504	2	120579482	27 FLEXI DUZ GRI 188x138x21,5	15730	HASUPL11968	SUNGER PU PLAKA 27 DNS GRI 188X138X21,5 FLEXI DUZ	Adet
SAS-5581743944	2604281510	1	120579482	27 FLEXI DUZ GRI 188x138x21,5	15740	HASUPL11968	SUNGER PU PLAKA 27 DNS GRI 188X138X21,5 FLEXI DUZ	Adet
SAS-5581743944	2604281746	2	120579482	27 FLEXI DUZ GRI 188x138x21,5	15750	HASUPL11968	SUNGER PU PLAKA 27 DNS GRI 188X138X21,5 FLEXI DUZ	Adet
SAS-5581743944	2604281779	2	120579482	27 FLEXI DUZ GRI 188x138x21,5	15760	HASUPL11968	SUNGER PU PLAKA 27 DNS GRI 188X138X21,5 FLEXI DUZ	Adet
SAS-5581743944	2604281780	2	120579482	27 FLEXI DUZ GRI 188x138x21,5	15770	HASUPL11968	SUNGER PU PLAKA 27 DNS GRI 188X138X21,5 FLEXI DUZ	Adet
SAS-5581743944	2604281782	2	120579482	27 FLEXI DUZ GRI 188x138x21,5	15780	HASUPL11968	SUNGER PU PLAKA 27 DNS GRI 188X138X21,5 FLEXI DUZ	Adet
SAS-5581743944	2604281791	2	120579482	27 FLEXI DUZ GRI 188x138x21,5	15790	HASUPL11968	SUNGER PU PLAKA 27 DNS GRI 188X138X21,5 FLEXI DUZ	Adet
SAS-5581743944	2604271444	2	120579485	27 FLEXI DUZ GRI 198x178x21,5	15800	HASUPL11971	SUNGER PU PLAKA 27 DNS GRI 198X178X21,5 FLEXI DUZ	Adet
SAS-5581743944	2604271446	2	120579485	27 FLEXI DUZ GRI 198x178x21,5	15810	HASUPL11971	SUNGER PU PLAKA 27 DNS GRI 198X178X21,5 FLEXI DUZ	Adet
SAS-5581743944	2604280006	2	120579484	27 FLEXI DUZ GRI 198x158x21,5	15820	HASUPL11970	SUNGER PU PLAKA 27 DNS GRI 198X158X21,5 FLEXI DUZ	Adet
SAS-5581743944	2604280005	2	120579484	27 FLEXI DUZ GRI 198x158x21,5	15830	HASUPL11970	SUNGER PU PLAKA 27 DNS GRI 198X158X21,5 FLEXI DUZ	Adet
SAS-5581743944	2604280004	2	120579484	27 FLEXI DUZ GRI 198x158x21,5	15840	HASUPL11970	SUNGER PU PLAKA 27 DNS GRI 198X158X21,5 FLEXI DUZ	Adet
SAS-5581743944	2604281522	2	120579481	27 FLEXI DUZ GRI 188x88x21,5	15850	HASUPL11967	SUNGER PU PLAKA 27 DNS GRI 188X88X21,5 FLEXI DUZ	Adet
SAS-5581743944	2604281531	2	120579481	27 FLEXI DUZ GRI 188x88x21,5	15860	HASUPL11967	SUNGER PU PLAKA 27 DNS GRI 188X88X21,5 FLEXI DUZ	Adet
SAS-5581743944	2604281551	2	120579481	27 FLEXI DUZ GRI 188x88x21,5	15870	HASUPL11967	SUNGER PU PLAKA 27 DNS GRI 188X88X21,5 FLEXI DUZ	Adet
SAS-5581743944	2604281552	1	120579481	27 FLEXI DUZ GRI 188x88x21,5	15880	HASUPL11967	SUNGER PU PLAKA 27 DNS GRI 188X88X21,5 FLEXI DUZ	Adet
SAS-5581743944	2604281525	2	120579481	27 FLEXI DUZ GRI 188x88x21,5	15890	HASUPL11967	SUNGER PU PLAKA 27 DNS GRI 188X88X21,5 FLEXI DUZ	Adet
SAS-5581743944	2604281540	2	120579481	27 FLEXI DUZ GRI 188x88x21,5	15900	HASUPL11967	SUNGER PU PLAKA 27 DNS GRI 188X88X21,5 FLEXI DUZ	Adet
SAS-5581743944	2604281553	2	120579481	27 FLEXI DUZ GRI 188x88x21,5	15910	HASUPL11967	SUNGER PU PLAKA 27 DNS GRI 188X88X21,5 FLEXI DUZ	Adet
SAS-5581743944	2604281560	2	120579481	27 FLEXI DUZ GRI 188x88x21,5	15920	HASUPL11967	SUNGER PU PLAKA 27 DNS GRI 188X88X21,5 FLEXI DUZ	Adet
SAS-5581743944	2604281547	2	120579481	27 FLEXI DUZ GRI 188x88x21,5	15930	HASUPL11967	SUNGER PU PLAKA 27 DNS GRI 188X88X21,5 FLEXI DUZ	Adet
SAS-5581743944	2604270537	111	120239749	23 FLEXI BLOKCM MAVI 198x188	15940	HASUBL0322	SUNGER PU BLOK 23 DNS 190 NEWTON ACIK MAVI 198X188X120	M3
SAS-5581743944	2604270536	111	120239749	23 FLEXI BLOKCM MAVI 198x188	15950	HASUBL0322	SUNGER PU BLOK 23 DNS 190 NEWTON ACIK MAVI 198X188X120	M3
SAS-5581743944	2604270518	106	120210363	23 FLEXI BLOKCM MAVI 198x178	15960	HASUBL0292	SUNGER PU BLOK 23 DNS 190 NEWTON ACIK MAVI 198X178X120	M3
SAS-5581743944	2604270462	114	120551942	23 FLEXI BLOKCM MAVI 198x148	15970	HASUBL0419	SUNGER PU BLOK 23 DNS 190 NEWTON ACIK MAVI 198X148X120	M3
SAS-5581743944	2604270520	106	120210363	23 FLEXI BLOKCM MAVI 198x178	15980	HASUBL0292	SUNGER PU BLOK 23 DNS 190 NEWTON ACIK MAVI 198X178X120	M3
SAS-5581743944	2604270519	106	120210363	23 FLEXI BLOKCM MAVI 198x178	15990	HASUBL0292	SUNGER PU BLOK 23 DNS 190 NEWTON ACIK MAVI 198X178X120	M3
SAS-5581743944	2604270546	111	120560335	23 FLEXI BLOKCM MAVI 198x198	16000	HASUBL0455	SUNGER PU BLOK 23 DNS 190 NEWTON ACIK MAVI 198X198X120	M3
SAS-5581743944	2604270510	110	120576989	23 FLEXI BLOKCM MAVI 198x131	16010	HASUBL0645	SUNGER PU BLOK 23 DNS 190 NEWTON ACIK MAVI 198X131X120	M3
SAS-5581743944	2604270549	111	120509334	23 FLEXI BLOKCM MAVI 198x181	16020	HASUBL0356	SUNGER PU BLOK 23 DNS 190 NEWTON ACIK MAVI 198X181X120	M3
SAS-5581743944	2604270550	111	120509334	23 FLEXI BLOKCM MAVI 198x181	16030	HASUBL0356	SUNGER PU BLOK 23 DNS 190 NEWTON ACIK MAVI 198X181X120	M3
SAS-5581743944	2604270547	111	120560335	23 FLEXI BLOKCM MAVI 198x198	16040	HASUBL0455	SUNGER PU BLOK 23 DNS 190 NEWTON ACIK MAVI 198X198X120	M3
SAS-5581743944	2604270460	114	120551942	23 FLEXI BLOKCM MAVI 198x148	16050	HASUBL0419	SUNGER PU BLOK 23 DNS 190 NEWTON ACIK MAVI 198X148X120	M3
SAS-5581743944	2604270459	114	120551942	23 FLEXI BLOKCM MAVI 198x148	16060	HASUBL0419	SUNGER PU BLOK 23 DNS 190 NEWTON ACIK MAVI 198X148X120	M3
SAS-5581743944	2604281682	2	120579482	27 FLEXI DUZ GRI 188x138x21,5	16070	HASUPL11968	SUNGER PU PLAKA 27 DNS GRI 188X138X21,5 FLEXI DUZ	Adet
SAS-5581743944	2604281717	2	120579482	27 FLEXI DUZ GRI 188x138x21,5	16080	HASUPL11968	SUNGER PU PLAKA 27 DNS GRI 188X138X21,5 FLEXI DUZ	Adet
SAS-5581743944	2604281722	2	120579482	27 FLEXI DUZ GRI 188x138x21,5	16090	HASUPL11968	SUNGER PU PLAKA 27 DNS GRI 188X138X21,5 FLEXI DUZ	Adet
SAS-5581743944	2604281725	2	120579482	27 FLEXI DUZ GRI 188x138x21,5	16100	HASUPL11968	SUNGER PU PLAKA 27 DNS GRI 188X138X21,5 FLEXI DUZ	Adet
SAS-5581743944	2604281729	2	120579482	27 FLEXI DUZ GRI 188x138x21,5	16110	HASUPL11968	SUNGER PU PLAKA 27 DNS GRI 188X138X21,5 FLEXI DUZ	Adet
SAS-5581743944	2604281730	2	120579482	27 FLEXI DUZ GRI 188x138x21,5	16120	HASUPL11968	SUNGER PU PLAKA 27 DNS GRI 188X138X21,5 FLEXI DUZ	Adet
SAS-5581743944	2604281726	2	120579482	27 FLEXI DUZ GRI 188x138x21,5	16130	HASUPL11968	SUNGER PU PLAKA 27 DNS GRI 188X138X21,5 FLEXI DUZ	Adet
SAS-5581743944	2604281685	2	120579482	27 FLEXI DUZ GRI 188x138x21,5	16140	HASUPL11968	SUNGER PU PLAKA 27 DNS GRI 188X138X21,5 FLEXI DUZ	Adet
SAS-5581743944	2604281712	2	120579482	27 FLEXI DUZ GRI 188x138x21,5	16150	HASUPL11968	SUNGER PU PLAKA 27 DNS GRI 188X138X21,5 FLEXI DUZ	Adet
SAS-5581743944	2604281715	2	120579482	27 FLEXI DUZ GRI 188x138x21,5	16160	HASUPL11968	SUNGER PU PLAKA 27 DNS GRI 188X138X21,5 FLEXI DUZ	Adet
SAS-5581743944	2604281713	2	120579482	27 FLEXI DUZ GRI 188x138x21,5	16170	HASUPL11968	SUNGER PU PLAKA 27 DNS GRI 188X138X21,5 FLEXI DUZ	Adet
SAS-5581743944	2604281795	2	120579482	27 FLEXI DUZ GRI 188x138x21,5	16180	HASUPL11968	SUNGER PU PLAKA 27 DNS GRI 188X138X21,5 FLEXI DUZ	Adet
SAS-5581743944	2604281798	2	120579482	27 FLEXI DUZ GRI 188x138x21,5	16190	HASUPL11968	SUNGER PU PLAKA 27 DNS GRI 188X138X21,5 FLEXI DUZ	Adet
SAS-5581743944	2604281822	2	120579482	27 FLEXI DUZ GRI 188x138x21,5	16200	HASUPL11968	SUNGER PU PLAKA 27 DNS GRI 188X138X21,5 FLEXI DUZ	Adet
SAS-5581743944	2604281826	2	120579482	27 FLEXI DUZ GRI 188x138x21,5	16210	HASUPL11968	SUNGER PU PLAKA 27 DNS GRI 188X138X21,5 FLEXI DUZ	Adet
SAS-5581743944	2604281372	2	120579483	27 FLEXI DUZ GRI 188x158x21,5	16220	HASUPL11969	SUNGER PU PLAKA 27 DNS GRI 188X158X21,5 FLEXI DUZ	Adet
SAS-5581743944	2604281371	2	120579483	27 FLEXI DUZ GRI 188x158x21,5	16230	HASUPL11969	SUNGER PU PLAKA 27 DNS GRI 188X158X21,5 FLEXI DUZ	Adet
SAS-5581743944	2604281377	2	120579483	27 FLEXI DUZ GRI 188x158x21,5	16240	HASUPL11969	SUNGER PU PLAKA 27 DNS GRI 188X158X21,5 FLEXI DUZ	Adet
SAS-5581743944	2604270926	1	120579486	27 FLEXI DUZ GRI 198x198x21,5	16250	HASUPL11972	SUNGER PU PLAKA 27 DNS GRI 198X198X21,5 FLEXI DUZ	Adet
SAS-5581743944	2604271371	2	120579485	27 FLEXI DUZ GRI 198x178x21,5	16260	HASUPL11971	SUNGER PU PLAKA 27 DNS GRI 198X178X21,5 FLEXI DUZ	Adet
SAS-5581743944	2604271380	2	120579485	27 FLEXI DUZ GRI 198x178x21,5	16270	HASUPL11971	SUNGER PU PLAKA 27 DNS GRI 198X178X21,5 FLEXI DUZ	Adet
SAS-5581743944	2604271391	2	120579485	27 FLEXI DUZ GRI 198x178x21,5	16280	HASUPL11971	SUNGER PU PLAKA 27 DNS GRI 198X178X21,5 FLEXI DUZ	Adet
SAS-5581743944	2604271389	2	120579485	27 FLEXI DUZ GRI 198x178x21,5	16290	HASUPL11971	SUNGER PU PLAKA 27 DNS GRI 198X178X21,5 FLEXI DUZ	Adet
SAS-5581743944	2604271390	2	120579485	27 FLEXI DUZ GRI 198x178x21,5	16300	HASUPL11971	SUNGER PU PLAKA 27 DNS GRI 198X178X21,5 FLEXI DUZ	Adet
SAS-5581743944	2604271388	2	120579485	27 FLEXI DUZ GRI 198x178x21,5	16310	HASUPL11971	SUNGER PU PLAKA 27 DNS GRI 198X178X21,5 FLEXI DUZ	Adet
SAS-5581743944	2604271399	2	120579485	27 FLEXI DUZ GRI 198x178x21,5	16320	HASUPL11971	SUNGER PU PLAKA 27 DNS GRI 198X178X21,5 FLEXI DUZ	Adet
SAS-5581743944	2604271419	2	120579485	27 FLEXI DUZ GRI 198x178x21,5	16330	HASUPL11971	SUNGER PU PLAKA 27 DNS GRI 198X178X21,5 FLEXI DUZ	Adet
SAS-5581743944	2604271422	2	120579485	27 FLEXI DUZ GRI 198x178x21,5	16340	HASUPL11971	SUNGER PU PLAKA 27 DNS GRI 198X178X21,5 FLEXI DUZ	Adet
SAS-5581743944	2604271423	2	120579485	27 FLEXI DUZ GRI 198x178x21,5	16350	HASUPL11971	SUNGER PU PLAKA 27 DNS GRI 198X178X21,5 FLEXI DUZ	Adet
SAS-5581743944	2604271432	1	120579485	27 FLEXI DUZ GRI 198x178x21,5	16360	HASUPL11971	SUNGER PU PLAKA 27 DNS GRI 198X178X21,5 FLEXI DUZ	Adet
SAS-5581743944	2604271431	1	120579485	27 FLEXI DUZ GRI 198x178x21,5	16370	HASUPL11971	SUNGER PU PLAKA 27 DNS GRI 198X178X21,5 FLEXI DUZ	Adet
SAS-5581743944	2604271451	1	120579486	27 FLEXI DUZ GRI 198x198x21,5	16380	HASUPL11972	SUNGER PU PLAKA 27 DNS GRI 198X198X21,5 FLEXI DUZ	Adet
SAS-5581743944	2604271448	1	120579486	27 FLEXI DUZ GRI 198x198x21,5	16390	HASUPL11972	SUNGER PU PLAKA 27 DNS GRI 198X198X21,5 FLEXI DUZ	Adet
SAS-5581743944	2604271450	1	120579486	27 FLEXI DUZ GRI 198x198x21,5	16400	HASUPL11972	SUNGER PU PLAKA 27 DNS GRI 198X198X21,5 FLEXI DUZ	Adet
SAS-5581743944	2604271449	1	120579486	27 FLEXI DUZ GRI 198x198x21,5	16410	HASUPL11972	SUNGER PU PLAKA 27 DNS GRI 198X198X21,5 FLEXI DUZ	Adet
SAS-5581743944	2604271466	2	120579484	27 FLEXI DUZ GRI 198x158x21,5	16420	HASUPL11970	SUNGER PU PLAKA 27 DNS GRI 198X158X21,5 FLEXI DUZ	Adet
SAS-5581743944	2604271468	2	120579484	27 FLEXI DUZ GRI 198x158x21,5	16430	HASUPL11970	SUNGER PU PLAKA 27 DNS GRI 198X158X21,5 FLEXI DUZ	Adet
SAS-5581743944	2604271402	1	120579485	27 FLEXI DUZ GRI 198x178x21,5	16440	HASUPL11971	SUNGER PU PLAKA 27 DNS GRI 198X178X21,5 FLEXI DUZ	Adet
SAS-5581743944	2604271403	1	120579485	27 FLEXI DUZ GRI 198x178x21,5	16450	HASUPL11971	SUNGER PU PLAKA 27 DNS GRI 198X178X21,5 FLEXI DUZ	Adet
SAS-5581743944	2604271407	1	120579485	27 FLEXI DUZ GRI 198x178x21,5	16460	HASUPL11971	SUNGER PU PLAKA 27 DNS GRI 198X178X21,5 FLEXI DUZ	Adet
SAS-5581743944	2604271406	1	120579485	27 FLEXI DUZ GRI 198x178x21,5	16470	HASUPL11971	SUNGER PU PLAKA 27 DNS GRI 198X178X21,5 FLEXI DUZ	Adet
SAS-5581743944	2604271404	1	120579485	27 FLEXI DUZ GRI 198x178x21,5	16480	HASUPL11971	SUNGER PU PLAKA 27 DNS GRI 198X178X21,5 FLEXI DUZ	Adet
SAS-5581743944	2604271405	1	120579485	27 FLEXI DUZ GRI 198x178x21,5	16490	HASUPL11971	SUNGER PU PLAKA 27 DNS GRI 198X178X21,5 FLEXI DUZ	Adet
SAS-5581743944	2604271427	1	120579485	27 FLEXI DUZ GRI 198x178x21,5	16500	HASUPL11971	SUNGER PU PLAKA 27 DNS GRI 198X178X21,5 FLEXI DUZ	Adet
SAS-5581743944	2604271429	1	120579485	27 FLEXI DUZ GRI 198x178x21,5	16510	HASUPL11971	SUNGER PU PLAKA 27 DNS GRI 198X178X21,5 FLEXI DUZ	Adet
SAS-5581743944	2604271430	1	120579485	27 FLEXI DUZ GRI 198x178x21,5	16520	HASUPL11971	SUNGER PU PLAKA 27 DNS GRI 198X178X21,5 FLEXI DUZ	Adet
SAS-5581743944	2604271433	1	120579485	27 FLEXI DUZ GRI 198x178x21,5	16530	HASUPL11971	SUNGER PU PLAKA 27 DNS GRI 198X178X21,5 FLEXI DUZ	Adet
SAS-5581743944	2604280617	2	120579481	27 FLEXI DUZ GRI 188x88x21,5	16540	HASUPL11967	SUNGER PU PLAKA 27 DNS GRI 188X88X21,5 FLEXI DUZ	Adet
SAS-5581743944	2604280616	2	120579481	27 FLEXI DUZ GRI 188x88x21,5	16550	HASUPL11967	SUNGER PU PLAKA 27 DNS GRI 188X88X21,5 FLEXI DUZ	Adet
SAS-5581743944	2604280618	1	120579481	27 FLEXI DUZ GRI 188x88x21,5	16560	HASUPL11967	SUNGER PU PLAKA 27 DNS GRI 188X88X21,5 FLEXI DUZ	Adet
SAS-5581743944	2604280595	2	120579483	27 FLEXI DUZ GRI 188x158x21,5	16570	HASUPL11969	SUNGER PU PLAKA 27 DNS GRI 188X158X21,5 FLEXI DUZ	Adet
SAS-5581743944	2604280608	2	120579483	27 FLEXI DUZ GRI 188x158x21,5	16580	HASUPL11969	SUNGER PU PLAKA 27 DNS GRI 188X158X21,5 FLEXI DUZ	Adet
SAS-5581743944	2604280609	1	120579483	27 FLEXI DUZ GRI 188x158x21,5	16590	HASUPL11969	SUNGER PU PLAKA 27 DNS GRI 188X158X21,5 FLEXI DUZ	Adet
SAS-5581743944	2604270927	1	120579486	27 FLEXI DUZ GRI 198x198x21,5	16600	HASUPL11972	SUNGER PU PLAKA 27 DNS GRI 198X198X21,5 FLEXI DUZ	Adet
SAS-5581743944	2604270928	1	120579486	27 FLEXI DUZ GRI 198x198x21,5	16610	HASUPL11972	SUNGER PU PLAKA 27 DNS GRI 198X198X21,5 FLEXI DUZ	Adet
SAS-5581743944	2604270953	1	120579486	27 FLEXI DUZ GRI 198x198x21,5	16620	HASUPL11972	SUNGER PU PLAKA 27 DNS GRI 198X198X21,5 FLEXI DUZ	Adet
SAS-5581743944	2604270952	1	120579486	27 FLEXI DUZ GRI 198x198x21,5	16630	HASUPL11972	SUNGER PU PLAKA 27 DNS GRI 198X198X21,5 FLEXI DUZ	Adet
SAS-5581743944	2604270951	1	120579486	27 FLEXI DUZ GRI 198x198x21,5	16640	HASUPL11972	SUNGER PU PLAKA 27 DNS GRI 198X198X21,5 FLEXI DUZ	Adet
SAS-5581743944	2604270950	1	120579486	27 FLEXI DUZ GRI 198x198x21,5	16650	HASUPL11972	SUNGER PU PLAKA 27 DNS GRI 198X198X21,5 FLEXI DUZ	Adet
SAS-5581743944	2604270935	1	120579485	27 FLEXI DUZ GRI 198x178x21,5	16660	HASUPL11971	SUNGER PU PLAKA 27 DNS GRI 198X178X21,5 FLEXI DUZ	Adet
SAS-5581743944	2604270945	1	120579485	27 FLEXI DUZ GRI 198x178x21,5	16670	HASUPL11971	SUNGER PU PLAKA 27 DNS GRI 198X178X21,5 FLEXI DUZ	Adet
SAS-5581743944	2604270875	2	120579484	27 FLEXI DUZ GRI 198x158x21,5	16680	HASUPL11970	SUNGER PU PLAKA 27 DNS GRI 198X158X21,5 FLEXI DUZ	Adet
SAS-5581743944	2604270874	2	120579484	27 FLEXI DUZ GRI 198x158x21,5	16690	HASUPL11970	SUNGER PU PLAKA 27 DNS GRI 198X158X21,5 FLEXI DUZ	Adet
SAS-5581743944	2604270885	2	120579484	27 FLEXI DUZ GRI 198x158x21,5	16700	HASUPL11970	SUNGER PU PLAKA 27 DNS GRI 198X158X21,5 FLEXI DUZ	Adet
SAS-5581743944	2604270876	2	120579484	27 FLEXI DUZ GRI 198x158x21,5	16710	HASUPL11970	SUNGER PU PLAKA 27 DNS GRI 198X158X21,5 FLEXI DUZ	Adet
SAS-5581743944	2604270936	1	120579485	27 FLEXI DUZ GRI 198x178x21,5	16720	HASUPL11971	SUNGER PU PLAKA 27 DNS GRI 198X178X21,5 FLEXI DUZ	Adet
SAS-5581743944	2604270974	1	120579485	27 FLEXI DUZ GRI 198x178x21,5	16730	HASUPL11971	SUNGER PU PLAKA 27 DNS GRI 198X178X21,5 FLEXI DUZ	Adet
SAS-5581743944	2604270940	1	120579485	27 FLEXI DUZ GRI 198x178x21,5	16740	HASUPL11971	SUNGER PU PLAKA 27 DNS GRI 198X178X21,5 FLEXI DUZ	Adet
SAS-5581743944	2604270939	1	120579485	27 FLEXI DUZ GRI 198x178x21,5	16750	HASUPL11971	SUNGER PU PLAKA 27 DNS GRI 198X178X21,5 FLEXI DUZ	Adet
SAS-5581743944	2604270938	1	120579485	27 FLEXI DUZ GRI 198x178x21,5	16760	HASUPL11971	SUNGER PU PLAKA 27 DNS GRI 198X178X21,5 FLEXI DUZ	Adet
SAS-5581743944	2604271360	2	120579485	27 FLEXI DUZ GRI 198x178x21,5	16770	HASUPL11971	SUNGER PU PLAKA 27 DNS GRI 198X178X21,5 FLEXI DUZ	Adet
SAS-5581743944	2604271362	2	120579485	27 FLEXI DUZ GRI 198x178x21,5	16780	HASUPL11971	SUNGER PU PLAKA 27 DNS GRI 198X178X21,5 FLEXI DUZ	Adet
SAS-5581743944	2604271359	2	120579485	27 FLEXI DUZ GRI 198x178x21,5	16790	HASUPL11971	SUNGER PU PLAKA 27 DNS GRI 198X178X21,5 FLEXI DUZ	Adet
SAS-5581743944	2604271141	2	120579485	27 FLEXI DUZ GRI 198x178x21,5	16800	HASUPL11971	SUNGER PU PLAKA 27 DNS GRI 198X178X21,5 FLEXI DUZ	Adet
SAS-5581743944	2604271139	2	120579485	27 FLEXI DUZ GRI 198x178x21,5	16810	HASUPL11971	SUNGER PU PLAKA 27 DNS GRI 198X178X21,5 FLEXI DUZ	Adet
SAS-5581743944	2604271138	2	120579485	27 FLEXI DUZ GRI 198x178x21,5	16820	HASUPL11971	SUNGER PU PLAKA 27 DNS GRI 198X178X21,5 FLEXI DUZ	Adet
SAS-5581743944	2604271137	2	120579485	27 FLEXI DUZ GRI 198x178x21,5	16830	HASUPL11971	SUNGER PU PLAKA 27 DNS GRI 198X178X21,5 FLEXI DUZ	Adet
SAS-5581743944	2604271357	2	120579485	27 FLEXI DUZ GRI 198x178x21,5	16840	HASUPL11971	SUNGER PU PLAKA 27 DNS GRI 198X178X21,5 FLEXI DUZ	Adet
SAS-5581743944	2604271356	2	120579485	27 FLEXI DUZ GRI 198x178x21,5	16850	HASUPL11971	SUNGER PU PLAKA 27 DNS GRI 198X178X21,5 FLEXI DUZ	Adet
SAS-5581743944	2604270937	1	120579485	27 FLEXI DUZ GRI 198x178x21,5	16860	HASUPL11971	SUNGER PU PLAKA 27 DNS GRI 198X178X21,5 FLEXI DUZ	Adet
SAS-5581743944	2604270941	1	120579485	27 FLEXI DUZ GRI 198x178x21,5	16870	HASUPL11971	SUNGER PU PLAKA 27 DNS GRI 198X178X21,5 FLEXI DUZ	Adet
SAS-5581743944	2604270942	1	120579485	27 FLEXI DUZ GRI 198x178x21,5	16880	HASUPL11971	SUNGER PU PLAKA 27 DNS GRI 198X178X21,5 FLEXI DUZ	Adet
SAS-5581743944	2604270944	1	120579485	27 FLEXI DUZ GRI 198x178x21,5	16890	HASUPL11971	SUNGER PU PLAKA 27 DNS GRI 198X178X21,5 FLEXI DUZ	Adet
SAS-5581743944	2604271354	2	120579485	27 FLEXI DUZ GRI 198x178x21,5	16900	HASUPL11971	SUNGER PU PLAKA 27 DNS GRI 198X178X21,5 FLEXI DUZ	Adet
SAS-5581743944	2604271349	2	120579485	27 FLEXI DUZ GRI 198x178x21,5	16910	HASUPL11971	SUNGER PU PLAKA 27 DNS GRI 198X178X21,5 FLEXI DUZ	Adet
SAS-5581743944	2604270943	1	120579485	27 FLEXI DUZ GRI 198x178x21,5	16920	HASUPL11971	SUNGER PU PLAKA 27 DNS GRI 198X178X21,5 FLEXI DUZ	Adet
SAS-5581743944	2604271351	2	120579485	27 FLEXI DUZ GRI 198x178x21,5	16930	HASUPL11971	SUNGER PU PLAKA 27 DNS GRI 198X178X21,5 FLEXI DUZ	Adet
SAS-5581743944	2604291063	2	120579481	27 FLEXI DUZ GRI 188x88x21,5	16940	HASUPL11967	SUNGER PU PLAKA 27 DNS GRI 188X88X21,5 FLEXI DUZ	Adet
SAS-5581743944	2604291062	2	120579481	27 FLEXI DUZ GRI 188x88x21,5	16950	HASUPL11967	SUNGER PU PLAKA 27 DNS GRI 188X88X21,5 FLEXI DUZ	Adet
SAS-5581743944	2604291061	2	120579481	27 FLEXI DUZ GRI 188x88x21,5	16960	HASUPL11967	SUNGER PU PLAKA 27 DNS GRI 188X88X21,5 FLEXI DUZ	Adet
SAS-5581743944	2604291060	2	120579481	27 FLEXI DUZ GRI 188x88x21,5	16970	HASUPL11967	SUNGER PU PLAKA 27 DNS GRI 188X88X21,5 FLEXI DUZ	Adet
SAS-5581743944	2604291065	2	120579481	27 FLEXI DUZ GRI 188x88x21,5	16980	HASUPL11967	SUNGER PU PLAKA 27 DNS GRI 188X88X21,5 FLEXI DUZ	Adet
SAS-5581743944	2604291064	2	120579481	27 FLEXI DUZ GRI 188x88x21,5	16990	HASUPL11967	SUNGER PU PLAKA 27 DNS GRI 188X88X21,5 FLEXI DUZ	Adet
SAS-5581743944	2604290835	2	120579482	27 FLEXI DUZ GRI 188x138x21,5	17000	HASUPL11968	SUNGER PU PLAKA 27 DNS GRI 188X138X21,5 FLEXI DUZ	Adet
SAS-5581743944	2604290836	2	120579482	27 FLEXI DUZ GRI 188x138x21,5	17010	HASUPL11968	SUNGER PU PLAKA 27 DNS GRI 188X138X21,5 FLEXI DUZ	Adet
SAS-5581743944	2604291056	2	120579481	27 FLEXI DUZ GRI 188x88x21,5	17020	HASUPL11967	SUNGER PU PLAKA 27 DNS GRI 188X88X21,5 FLEXI DUZ	Adet
SAS-5581743944	2604291057	2	120579481	27 FLEXI DUZ GRI 188x88x21,5	17030	HASUPL11967	SUNGER PU PLAKA 27 DNS GRI 188X88X21,5 FLEXI DUZ	Adet
SAS-5581743944	2604291055	2	120579481	27 FLEXI DUZ GRI 188x88x21,5	17040	HASUPL11967	SUNGER PU PLAKA 27 DNS GRI 188X88X21,5 FLEXI DUZ	Adet
SAS-5581743944	2604291051	2	120579481	27 FLEXI DUZ GRI 188x88x21,5	17050	HASUPL11967	SUNGER PU PLAKA 27 DNS GRI 188X88X21,5 FLEXI DUZ	Adet
SAS-5581743944	2604291045	2	120579481	27 FLEXI DUZ GRI 188x88x21,5	17060	HASUPL11967	SUNGER PU PLAKA 27 DNS GRI 188X88X21,5 FLEXI DUZ	Adet
SAS-5581743944	2604291049	2	120579481	27 FLEXI DUZ GRI 188x88x21,5	17070	HASUPL11967	SUNGER PU PLAKA 27 DNS GRI 188X88X21,5 FLEXI DUZ	Adet
SAS-5581743944	2604290760	36	120507296	23 FLEXI RULO BEYAZ 220x2,7	17080	HASURL0166	SUNGER PU RULO 23 DNS 190 NEWTON BEYAZ 220X2,7 DUZ	METRE
SAS-5581743944	2604291015	36	120507296	23 FLEXI RULO BEYAZ 220x2,7	17090	HASURL0166	SUNGER PU RULO 23 DNS 190 NEWTON BEYAZ 220X2,7 DUZ	METRE
SAS-5581743944	2604290873	36	120507296	23 FLEXI RULO BEYAZ 220x2,7	17100	HASURL0166	SUNGER PU RULO 23 DNS 190 NEWTON BEYAZ 220X2,7 DUZ	METRE
SAS-5581743944	2604290831	2	120579482	27 FLEXI DUZ GRI 188x138x21,5	17110	HASUPL11968	SUNGER PU PLAKA 27 DNS GRI 188X138X21,5 FLEXI DUZ	Adet
SAS-5581743944	2604290830	2	120579482	27 FLEXI DUZ GRI 188x138x21,5	17120	HASUPL11968	SUNGER PU PLAKA 27 DNS GRI 188X138X21,5 FLEXI DUZ	Adet
SAS-5581743944	2604290843	2	120579482	27 FLEXI DUZ GRI 188x138x21,5	17130	HASUPL11968	SUNGER PU PLAKA 27 DNS GRI 188X138X21,5 FLEXI DUZ	Adet
SAS-5581743944	2604291073	2	120579481	27 FLEXI DUZ GRI 188x88x21,5	17140	HASUPL11967	SUNGER PU PLAKA 27 DNS GRI 188X88X21,5 FLEXI DUZ	Adet
SAS-5581743944	2604291067	2	120579481	27 FLEXI DUZ GRI 188x88x21,5	17150	HASUPL11967	SUNGER PU PLAKA 27 DNS GRI 188X88X21,5 FLEXI DUZ	Adet
SAS-5581743944	2604290922	2	120579481	27 FLEXI DUZ GRI 188x88x21,5	17160	HASUPL11967	SUNGER PU PLAKA 27 DNS GRI 188X88X21,5 FLEXI DUZ	Adet
SAS-5581743944	2604290920	2	120579481	27 FLEXI DUZ GRI 188x88x21,5	17170	HASUPL11967	SUNGER PU PLAKA 27 DNS GRI 188X88X21,5 FLEXI DUZ	Adet
SAS-5581743944	2604291053	1	120579481	27 FLEXI DUZ GRI 188x88x21,5	17180	HASUPL11967	SUNGER PU PLAKA 27 DNS GRI 188X88X21,5 FLEXI DUZ	Adet
SAS-5581743944	2604290921	2	120579481	27 FLEXI DUZ GRI 188x88x21,5	17190	HASUPL11967	SUNGER PU PLAKA 27 DNS GRI 188X88X21,5 FLEXI DUZ	Adet
SAS-5581743944	2604291076	1	120579481	27 FLEXI DUZ GRI 188x88x21,5	17200	HASUPL11967	SUNGER PU PLAKA 27 DNS GRI 188X88X21,5 FLEXI DUZ	Adet
SAS-5581743944	2604290919	2	120579481	27 FLEXI DUZ GRI 188x88x21,5	17210	HASUPL11967	SUNGER PU PLAKA 27 DNS GRI 188X88X21,5 FLEXI DUZ	Adet
SAS-5581743944	2604290918	2	120579481	27 FLEXI DUZ GRI 188x88x21,5	17220	HASUPL11967	SUNGER PU PLAKA 27 DNS GRI 188X88X21,5 FLEXI DUZ	Adet
SAS-5581743944	2604290299	2	120579481	27 FLEXI DUZ GRI 188x88x21,5	17230	HASUPL11967	SUNGER PU PLAKA 27 DNS GRI 188X88X21,5 FLEXI DUZ	Adet
SAS-5581743944	2604290296	2	120579481	27 FLEXI DUZ GRI 188x88x21,5	17240	HASUPL11967	SUNGER PU PLAKA 27 DNS GRI 188X88X21,5 FLEXI DUZ	Adet
SAS-5581743944	2604291074	2	120579481	27 FLEXI DUZ GRI 188x88x21,5	17250	HASUPL11967	SUNGER PU PLAKA 27 DNS GRI 188X88X21,5 FLEXI DUZ	Adet
SAS-5581743944	2604291075	2	120579481	27 FLEXI DUZ GRI 188x88x21,5	17260	HASUPL11967	SUNGER PU PLAKA 27 DNS GRI 188X88X21,5 FLEXI DUZ	Adet
SAS-5581743944	2604290842	2	120579482	27 FLEXI DUZ GRI 188x138x21,5	17270	HASUPL11968	SUNGER PU PLAKA 27 DNS GRI 188X138X21,5 FLEXI DUZ	Adet
SAS-5581743944	2604290426	2	120577755	27 FLEXI DUZ GRI 188x158x23,5	17280	HASUPL11905	SUNGER PU PLAKA 27 DNS GRI 188X158X23,5 FLEXI DUZ	Adet
SAS-5581743944	2604290427	2	120577755	27 FLEXI DUZ GRI 188x158x23,5	17290	HASUPL11905	SUNGER PU PLAKA 27 DNS GRI 188X158X23,5 FLEXI DUZ	Adet
SAS-5581743944	2604290429	2	120577755	27 FLEXI DUZ GRI 188x158x23,5	17300	HASUPL11905	SUNGER PU PLAKA 27 DNS GRI 188X158X23,5 FLEXI DUZ	Adet
SAS-5581743944	2604290441	2	120577755	27 FLEXI DUZ GRI 188x158x23,5	17310	HASUPL11905	SUNGER PU PLAKA 27 DNS GRI 188X158X23,5 FLEXI DUZ	Adet
SAS-5581743944	2604290552	2	120577755	27 FLEXI DUZ GRI 188x158x23,5	17320	HASUPL11905	SUNGER PU PLAKA 27 DNS GRI 188X158X23,5 FLEXI DUZ	Adet
SAS-5581743944	2604290554	2	120577757	27 FLEXI DUZ GRI 198x178x23,5	17330	HASUPL11907	SUNGER PU PLAKA 27 DNS GRI 198X178X23,5 FLEXI DUZ	Adet
SAS-5581743944	2604290555	2	120577757	27 FLEXI DUZ GRI 198x178x23,5	17340	HASUPL11907	SUNGER PU PLAKA 27 DNS GRI 198X178X23,5 FLEXI DUZ	Adet
SAS-5581743944	2604290558	2	120577757	27 FLEXI DUZ GRI 198x178x23,5	17350	HASUPL11907	SUNGER PU PLAKA 27 DNS GRI 198X178X23,5 FLEXI DUZ	Adet
SAS-5581743944	2604290565	1	120577758	27 FLEXI DUZ GRI 198x198x23,5	17360	HASUPL11908	SUNGER PU PLAKA 27 DNS GRI 198X198X23,5 FLEXI DUZ	Adet
SAS-5581743944	2604251694	140	120006667	18 FLEXI RULO BEYAZ 220x0,8	17370	HASURL0046	SUNGER PU RULO 18 DNS BEYAZ 220X0,8 FLEXI DUZ	METRE
SAS-5581743944	2604251693	140	120006667	18 FLEXI RULO BEYAZ 220x0,8	17380	HASURL0046	SUNGER PU RULO 18 DNS BEYAZ 220X0,8 FLEXI DUZ	METRE
SAS-5581743944	2604290644	2	120577754	27 FLEXI DUZ GRI 188x138x23,5	17390	HASUPL11904	SUNGER PU PLAKA 27 DNS GRI 188X138X23,5 FLEXI DUZ	Adet
SAS-5581743944	2604290643	2	120577754	27 FLEXI DUZ GRI 188x138x23,5	17400	HASUPL11904	SUNGER PU PLAKA 27 DNS GRI 188X138X23,5 FLEXI DUZ	Adet
SAS-5581743944	2604290647	2	120577754	27 FLEXI DUZ GRI 188x138x23,5	17410	HASUPL11904	SUNGER PU PLAKA 27 DNS GRI 188X138X23,5 FLEXI DUZ	Adet
SAS-5581743944	2604290653	2	120577757	27 FLEXI DUZ GRI 198x178x23,5	17420	HASUPL11907	SUNGER PU PLAKA 27 DNS GRI 198X178X23,5 FLEXI DUZ	Adet
SAS-5581743944	2604290654	2	120577757	27 FLEXI DUZ GRI 198x178x23,5	17430	HASUPL11907	SUNGER PU PLAKA 27 DNS GRI 198X178X23,5 FLEXI DUZ	Adet
SAS-5581743944	2604290874	36	120507296	23 FLEXI RULO BEYAZ 220x2,7	17440	HASURL0166	SUNGER PU RULO 23 DNS 190 NEWTON BEYAZ 220X2,7 DUZ	METRE
SAS-5581743944	2604290855	36	120507296	23 FLEXI RULO BEYAZ 220x2,7	17450	HASURL0166	SUNGER PU RULO 23 DNS 190 NEWTON BEYAZ 220X2,7 DUZ	METRE
SAS-5581743944	2604290857	36	120507296	23 FLEXI RULO BEYAZ 220x2,7	17460	HASURL0166	SUNGER PU RULO 23 DNS 190 NEWTON BEYAZ 220X2,7 DUZ	METRE
SAS-5581743944	2604291022	36	120507296	23 FLEXI RULO BEYAZ 220x2,7	17470	HASURL0166	SUNGER PU RULO 23 DNS 190 NEWTON BEYAZ 220X2,7 DUZ	METRE
SAS-5581743944	2604290852	36	120507296	23 FLEXI RULO BEYAZ 220x2,7	17480	HASURL0166	SUNGER PU RULO 23 DNS 190 NEWTON BEYAZ 220X2,7 DUZ	METRE
SAS-5581743944	2604291017	36	120507296	23 FLEXI RULO BEYAZ 220x2,7	17490	HASURL0166	SUNGER PU RULO 23 DNS 190 NEWTON BEYAZ 220X2,7 DUZ	METRE
SAS-5581743944	2604290851	36	120507296	23 FLEXI RULO BEYAZ 220x2,7	17500	HASURL0166	SUNGER PU RULO 23 DNS 190 NEWTON BEYAZ 220X2,7 DUZ	METRE
SAS-5581743944	2604271936	90	121019364	27 FR RULO BEYAZ 220x1	17510	HASURL0227	SUNGER PU RULO 27 DNS FR BEYAZ 220X1 DUZ (BS 7177)	METRE
SAS-5581743944	2604271932	90	121019364	27 FR RULO BEYAZ 220x1	17520	HASURL0227	SUNGER PU RULO 27 DNS FR BEYAZ 220X1 DUZ (BS 7177)	METRE
SAS-5581743944	2604271935	90	121019364	27 FR RULO BEYAZ 220x1	17530	HASURL0227	SUNGER PU RULO 27 DNS FR BEYAZ 220X1 DUZ (BS 7177)	METRE
SAS-5581743944	2604271933	90	121019364	27 FR RULO BEYAZ 220x1	17540	HASURL0227	SUNGER PU RULO 27 DNS FR BEYAZ 220X1 DUZ (BS 7177)	METRE
SAS-5581743944	2604291180	36	120507296	23 FLEXI RULO BEYAZ 220x2,7	17550	HASURL0166	SUNGER PU RULO 23 DNS 190 NEWTON BEYAZ 220X2,7 DUZ	METRE
SAS-5581743944	2604291193	36	120507296	23 FLEXI RULO BEYAZ 220x2,7	17560	HASURL0166	SUNGER PU RULO 23 DNS 190 NEWTON BEYAZ 220X2,7 DUZ	METRE
SAS-5581743944	2604290856	36	120507296	23 FLEXI RULO BEYAZ 220x2,7	17570	HASURL0166	SUNGER PU RULO 23 DNS 190 NEWTON BEYAZ 220X2,7 DUZ	METRE
SAS-5581743944	2604290848	36	120507296	23 FLEXI RULO BEYAZ 220x2,7	17580	HASURL0166	SUNGER PU RULO 23 DNS 190 NEWTON BEYAZ 220X2,7 DUZ	METRE
SAS-5581743944	2604290846	36	120507296	23 FLEXI RULO BEYAZ 220x2,7	17590	HASURL0166	SUNGER PU RULO 23 DNS 190 NEWTON BEYAZ 220X2,7 DUZ	METRE
SAS-5581743944	2604291020	36	120507296	23 FLEXI RULO BEYAZ 220x2,7	17600	HASURL0166	SUNGER PU RULO 23 DNS 190 NEWTON BEYAZ 220X2,7 DUZ	METRE
SAS-5581743944	2604290845	36	120507296	23 FLEXI RULO BEYAZ 220x2,7	17610	HASURL0166	SUNGER PU RULO 23 DNS 190 NEWTON BEYAZ 220X2,7 DUZ	METRE
SAS-5581743944	2604282685	113	121021071	27 FR BLOKCM SARI 199x89	17620	HASUBL0489	SUNGER PU BLOK 27 DNS GRI 199X89X120 FLEXI (FR BS 7177)	M3
SAS-5581743944	2604282657	114	121021012	27 FR BLOKCM SARI 199x149	17630	HASUBL0446	SUNGER PU BLOK 27 DNS SARI 199X149X120 FLEXI (FR BS 7177)	M3
SAS-5581743944	2604282665	114	121021119	27 FR BLOKCM SARI 199x134	17640	HASUBL0490	SUNGER PU BLOK 27 DNS GRI 199X134X120 FLEXI (FR BS 7177)	M3
SAS-5581743944	2604270464	114	120551942	23 FLEXI BLOKCM MAVI 198x148	17650	HASUBL0419	SUNGER PU BLOK 23 DNS 190 NEWTON ACIK MAVI 198X148X120	M3
SAS-5581743944	2604282694	113	121021012	27 FR BLOKCM SARI 199x149	17660	HASUBL0446	SUNGER PU BLOK 27 DNS SARI 199X149X120 FLEXI (FR BS 7177)	M3
SAS-5581743944	2604282678	114	121021119	27 FR BLOKCM SARI 199x134	17670	HASUBL0490	SUNGER PU BLOK 27 DNS GRI 199X134X120 FLEXI (FR BS 7177)	M3
SAS-5581743944	2604282672	113	121021119	27 FR BLOKCM SARI 199x134	17680	HASUBL0490	SUNGER PU BLOK 27 DNS GRI 199X134X120 FLEXI (FR BS 7177)	M3
SAS-5581743944	2604282675	114	121021119	27 FR BLOKCM SARI 199x134	17690	HASUBL0490	SUNGER PU BLOK 27 DNS GRI 199X134X120 FLEXI (FR BS 7177)	M3
SAS-5581743944	2604282680	114	121021119	27 FR BLOKCM SARI 199x134	17700	HASUBL0490	SUNGER PU BLOK 27 DNS GRI 199X134X120 FLEXI (FR BS 7177)	M3
SAS-5581743944	2604290766	36	120507296	23 FLEXI RULO BEYAZ 220x2,7	17710	HASURL0166	SUNGER PU RULO 23 DNS 190 NEWTON BEYAZ 220X2,7 DUZ	METRE
SAS-5581743944	2604290854	36	120507296	23 FLEXI RULO BEYAZ 220x2,7	17720	HASURL0166	SUNGER PU RULO 23 DNS 190 NEWTON BEYAZ 220X2,7 DUZ	METRE
SAS-5581743944	2604290764	36	120507296	23 FLEXI RULO BEYAZ 220x2,7	17730	HASURL0166	SUNGER PU RULO 23 DNS 190 NEWTON BEYAZ 220X2,7 DUZ	METRE
SAS-5581743944	2604290761	36	120507296	23 FLEXI RULO BEYAZ 220x2,7	17740	HASURL0166	SUNGER PU RULO 23 DNS 190 NEWTON BEYAZ 220X2,7 DUZ	METRE
SAS-5581743944	2604290870	36	120507296	23 FLEXI RULO BEYAZ 220x2,7	17750	HASURL0166	SUNGER PU RULO 23 DNS 190 NEWTON BEYAZ 220X2,7 DUZ	METRE
SAS-5581743944	2604290724	30	120507296	23 FLEXI RULO BEYAZ 220x2,7	17760	HASURL0166	SUNGER PU RULO 23 DNS 190 NEWTON BEYAZ 220X2,7 DUZ	METRE
SAS-5581743944	2604290722	30	120507296	23 FLEXI RULO BEYAZ 220x2,7	17770	HASURL0166	SUNGER PU RULO 23 DNS 190 NEWTON BEYAZ 220X2,7 DUZ	METRE
SAS-5581743944	2604290871	36	120507296	23 FLEXI RULO BEYAZ 220x2,7	17780	HASURL0166	SUNGER PU RULO 23 DNS 190 NEWTON BEYAZ 220X2,7 DUZ	METRE
SAS-5581743944	2604290725	36	120507296	23 FLEXI RULO BEYAZ 220x2,7	17790	HASURL0166	SUNGER PU RULO 23 DNS 190 NEWTON BEYAZ 220X2,7 DUZ	METRE
SAS-5581743944	2604290719	30	120507296	23 FLEXI RULO BEYAZ 220x2,7	17800	HASURL0166	SUNGER PU RULO 23 DNS 190 NEWTON BEYAZ 220X2,7 DUZ	METRE
SAS-5581743944	2604291025	36	120507296	23 FLEXI RULO BEYAZ 220x2,7	17810	HASURL0166	SUNGER PU RULO 23 DNS 190 NEWTON BEYAZ 220X2,7 DUZ	METRE
SAS-5581743944	2604291024	36	120507296	23 FLEXI RULO BEYAZ 220x2,7	17820	HASURL0166	SUNGER PU RULO 23 DNS 190 NEWTON BEYAZ 220X2,7 DUZ	METRE
SAS-5581743944	2604291026	36	120507296	23 FLEXI RULO BEYAZ 220x2,7	17830	HASURL0166	SUNGER PU RULO 23 DNS 190 NEWTON BEYAZ 220X2,7 DUZ	METRE
SAS-5581743944	2604291027	36	120507296	23 FLEXI RULO BEYAZ 220x2,7	17840	HASURL0166	SUNGER PU RULO 23 DNS 190 NEWTON BEYAZ 220X2,7 DUZ	METRE
SAS-5581743944	2604291029	36	120507296	23 FLEXI RULO BEYAZ 220x2,7	17850	HASURL0166	SUNGER PU RULO 23 DNS 190 NEWTON BEYAZ 220X2,7 DUZ	METRE
SAS-5581743944	2604291030	36	120507296	23 FLEXI RULO BEYAZ 220x2,7	17860	HASURL0166	SUNGER PU RULO 23 DNS 190 NEWTON BEYAZ 220X2,7 DUZ	METRE
SAS-5581743944	2604291032	36	120507296	23 FLEXI RULO BEYAZ 220x2,7	17870	HASURL0166	SUNGER PU RULO 23 DNS 190 NEWTON BEYAZ 220X2,7 DUZ	METRE
SAS-5581743944	2604291194	20	120507296	23 FLEXI RULO BEYAZ 220x2,7	17880	HASURL0166	SUNGER PU RULO 23 DNS 190 NEWTON BEYAZ 220X2,7 DUZ	METRE
SAS-5581743944	2604291023	36	120507296	23 FLEXI RULO BEYAZ 220x2,7	17890	HASURL0166	SUNGER PU RULO 23 DNS 190 NEWTON BEYAZ 220X2,7 DUZ	METRE
SAS-5581743944	2604290872	36	120507296	23 FLEXI RULO BEYAZ 220x2,7	17900	HASURL0166	SUNGER PU RULO 23 DNS 190 NEWTON BEYAZ 220X2,7 DUZ	METRE
SAS-5581743944	2604290756	36	120507296	23 FLEXI RULO BEYAZ 220x2,7	17910	HASURL0166	SUNGER PU RULO 23 DNS 190 NEWTON BEYAZ 220X2,7 DUZ	METRE
SAS-5581743944	2604290757	36	120507296	23 FLEXI RULO BEYAZ 220x2,7	17920	HASURL0166	SUNGER PU RULO 23 DNS 190 NEWTON BEYAZ 220X2,7 DUZ	METRE
SAS-5581743944	2604290847	36	120507296	23 FLEXI RULO BEYAZ 220x2,7	17930	HASURL0166	SUNGER PU RULO 23 DNS 190 NEWTON BEYAZ 220X2,7 DUZ	METRE
SAS-5581743944	2604291191	36	120507296	23 FLEXI RULO BEYAZ 220x2,7	17940	HASURL0166	SUNGER PU RULO 23 DNS 190 NEWTON BEYAZ 220X2,7 DUZ	METRE
SAS-5581743944	2604291179	36	120507296	23 FLEXI RULO BEYAZ 220x2,7	17950	HASURL0166	SUNGER PU RULO 23 DNS 190 NEWTON BEYAZ 220X2,7 DUZ	METRE
SAS-5581743944	2604290840	2	120579482	27 FLEXI DUZ GRI 188x138x21,5	17960	HASUPL11968	SUNGER PU PLAKA 27 DNS GRI 188X138X21,5 FLEXI DUZ	Adet
SAS-5581743944	2604291066	2	120579481	27 FLEXI DUZ GRI 188x88x21,5	17970	HASUPL11967	SUNGER PU PLAKA 27 DNS GRI 188X88X21,5 FLEXI DUZ	Adet
SAS-5581743944	2604291072	2	120579481	27 FLEXI DUZ GRI 188x88x21,5	17980	HASUPL11967	SUNGER PU PLAKA 27 DNS GRI 188X88X21,5 FLEXI DUZ	Adet
SAS-5581743944	2604290839	2	120579482	27 FLEXI DUZ GRI 188x138x21,5	17990	HASUPL11968	SUNGER PU PLAKA 27 DNS GRI 188X138X21,5 FLEXI DUZ	Adet
SAS-5581743944	2604290838	2	120579482	27 FLEXI DUZ GRI 188x138x21,5	18000	HASUPL11968	SUNGER PU PLAKA 27 DNS GRI 188X138X21,5 FLEXI DUZ	Adet
SAS-5581743944	2604290833	3	120579482	27 FLEXI DUZ GRI 188x138x21,5	18010	HASUPL11968	SUNGER PU PLAKA 27 DNS GRI 188X138X21,5 FLEXI DUZ	Adet
SAS-5581743944	2604282610	112	121021013	27 FR BLOKCM SARI 199x179	18020	HASUBL0447	SUNGER PU BLOK 27 DNS SARI 199X179X120 FLEXI (FR BS 7177)	M3
SAS-5581743944	2604282618	114	121021013	27 FR BLOKCM SARI 199x179	18030	HASUBL0447	SUNGER PU BLOK 27 DNS SARI 199X179X120 FLEXI (FR BS 7177)	M3
SAS-5581743944	2604282613	113	121021013	27 FR BLOKCM SARI 199x179	18040	HASUBL0447	SUNGER PU BLOK 27 DNS SARI 199X179X120 FLEXI (FR BS 7177)	M3
SAS-5581743944	2604270328	108	120577931	27 DURA BLOKCM GRI 192x134	18050	HASUBL0657	SUNGER PU BLOK 27 DNS GRI 192X134X120 DURA	M3
SAS-5581743944	2604270269	107	120575364	27 DURA BLOKCM GRI 198x192	18060	HASUBL0641	SUNGER PU BLOK 27 DNS GRI 198X192X120 DURA	M3
SAS-5581743944	2604270325	108	120577931	27 DURA BLOKCM GRI 192x134	18070	HASUBL0657	SUNGER PU BLOK 27 DNS GRI 192X134X120 DURA	M3
SAS-5581743944	2604270327	108	120577931	27 DURA BLOKCM GRI 192x134	18080	HASUBL0657	SUNGER PU BLOK 27 DNS GRI 192X134X120 DURA	M3
SAS-5581743944	2604270326	108	120577931	27 DURA BLOKCM GRI 192x134	18090	HASUBL0657	SUNGER PU BLOK 27 DNS GRI 192X134X120 DURA	M3
SAS-5581743944	2604270340	105	120575364	27 DURA BLOKCM GRI 198x192	18100	HASUBL0641	SUNGER PU BLOK 27 DNS GRI 198X192X120 DURA	M3
SAS-5581743944	2604270252	105	120577932	27 DURA BLOKCM GRI 192x164	18110	HASUBL0658	SUNGER PU BLOK 27 DNS GRI 192X164X120 DURA	M3
SAS-5581743944	2604270270	107	120575364	27 DURA BLOKCM GRI 198x192	18120	HASUBL0641	SUNGER PU BLOK 27 DNS GRI 198X192X120 DURA	M3
SAS-5581743944	2604270271	107	120575364	27 DURA BLOKCM GRI 198x192	18130	HASUBL0641	SUNGER PU BLOK 27 DNS GRI 198X192X120 DURA	M3
SAS-5581743944	2604270289	108	120577696	27 DURA BLOKCM GRI 192x188	18140	HASUBL0652	SUNGER PU BLOK 27 DNS GRI 192X188X120 DURA	M3
SAS-5581743944	2604270526	108	120560740	23 FLEXI BLOKCM MAVI 195x145	18150	HASUBL0470	SUNGER PU BLOK 23 DNS 190 NEWTON ACIK MAVI 195X145X120	M3
SAS-5581743944	2604270246	105	120577929	27 DURA BLOKCM GRI 192x121	18160	HASUBL0656	SUNGER PU BLOK 27 DNS GRI 192X121X120 DURA	M3
SAS-5581743944	2604270272	107	120575364	27 DURA BLOKCM GRI 198x192	18170	HASUBL0641	SUNGER PU BLOK 27 DNS GRI 198X192X120 DURA	M3
SAS-5581743944	2604270253	105	120577932	27 DURA BLOKCM GRI 192x164	18180	HASUBL0658	SUNGER PU BLOK 27 DNS GRI 192X164X120 DURA	M3
SAS-5581743944	2604270237	106	120578471	27 DURA BLOKCM GRI 192x144	18190	HASUBL0691	SUNGER PU BLOK 27 DNS GRI 192X144X120 DURA	M3
SAS-5581743944	2604282632	114	121021012	27 FR BLOKCM SARI 199x149	18200	HASUBL0446	SUNGER PU BLOK 27 DNS SARI 199X149X120 FLEXI (FR BS 7177)	M3
SAS-5581743944	2604282620	114	121021012	27 FR BLOKCM SARI 199x149	18210	HASUBL0446	SUNGER PU BLOK 27 DNS SARI 199X149X120 FLEXI (FR BS 7177)	M3
SAS-5581743944	2604282626	114	121021012	27 FR BLOKCM SARI 199x149	18220	HASUBL0446	SUNGER PU BLOK 27 DNS SARI 199X149X120 FLEXI (FR BS 7177)	M3
SAS-5581743944	2604282630	114	121021012	27 FR BLOKCM SARI 199x149	18230	HASUBL0446	SUNGER PU BLOK 27 DNS SARI 199X149X120 FLEXI (FR BS 7177)	M3
SAS-5581743944	2604282637	114	121021012	27 FR BLOKCM SARI 199x149	18240	HASUBL0446	SUNGER PU BLOK 27 DNS SARI 199X149X120 FLEXI (FR BS 7177)	M3
SAS-5581743944	2604282644	114	121021012	27 FR BLOKCM SARI 199x149	18250	HASUBL0446	SUNGER PU BLOK 27 DNS SARI 199X149X120 FLEXI (FR BS 7177)	M3
SAS-5581743944	2604282653	114	121021012	27 FR BLOKCM SARI 199x149	18260	HASUBL0446	SUNGER PU BLOK 27 DNS SARI 199X149X120 FLEXI (FR BS 7177)	M3
SAS-5581743944	2604282701	113	121021071	27 FR BLOKCM SARI 199x89	18270	HASUBL0489	SUNGER PU BLOK 27 DNS GRI 199X89X120 FLEXI (FR BS 7177)	M3
SAS-5581743944	2604270461	114	120551942	23 FLEXI BLOKCM MAVI 198x148	18280	HASUBL0419	SUNGER PU BLOK 23 DNS 190 NEWTON ACIK MAVI 198X148X120	M3
SAS-5581743944	2604282670	114	121021119	27 FR BLOKCM SARI 199x134	18290	HASUBL0490	SUNGER PU BLOK 27 DNS GRI 199X134X120 FLEXI (FR BS 7177)	M3
SAS-5581743944	2604290381	2	120579484	27 FLEXI DUZ GRI 198x158x21,5	18300	HASUPL11970	SUNGER PU PLAKA 27 DNS GRI 198X158X21,5 FLEXI DUZ	Adet
SAS-5581743944	2604240365	2	120579482	27 FLEXI DUZ GRI 188x138x21,5	18310	HASUPL11968	SUNGER PU PLAKA 27 DNS GRI 188X138X21,5 FLEXI DUZ	Adet
SAS-5581743944	2604240366	2	120579482	27 FLEXI DUZ GRI 188x138x21,5	18320	HASUPL11968	SUNGER PU PLAKA 27 DNS GRI 188X138X21,5 FLEXI DUZ	Adet
SAS-5581743944	2604222571	1	120579485	27 FLEXI DUZ GRI 198x178x21,5	18330	HASUPL11971	SUNGER PU PLAKA 27 DNS GRI 198X178X21,5 FLEXI DUZ	Adet
SAS-5581743944	2604222573	2	120579482	27 FLEXI DUZ GRI 188x138x21,5	18340	HASUPL11968	SUNGER PU PLAKA 27 DNS GRI 188X138X21,5 FLEXI DUZ	Adet
SAS-5581743944	2604222574	1	120579482	27 FLEXI DUZ GRI 188x138x21,5	18350	HASUPL11968	SUNGER PU PLAKA 27 DNS GRI 188X138X21,5 FLEXI DUZ	Adet
SAS-5581743944	2604212976	2	120579481	27 FLEXI DUZ GRI 188x88x21,5	18360	HASUPL11967	SUNGER PU PLAKA 27 DNS GRI 188X88X21,5 FLEXI DUZ	Adet
SAS-5581743944	2604212984	2	120579481	27 FLEXI DUZ GRI 188x88x21,5	18370	HASUPL11967	SUNGER PU PLAKA 27 DNS GRI 188X88X21,5 FLEXI DUZ	Adet
SAS-5581743944	2604212987	2	120579481	27 FLEXI DUZ GRI 188x88x21,5	18380	HASUPL11967	SUNGER PU PLAKA 27 DNS GRI 188X88X21,5 FLEXI DUZ	Adet
SAS-5581743944	2604212980	2	120579481	27 FLEXI DUZ GRI 188x88x21,5	18390	HASUPL11967	SUNGER PU PLAKA 27 DNS GRI 188X88X21,5 FLEXI DUZ	Adet
SAS-5581743944	2604212990	2	120579481	27 FLEXI DUZ GRI 188x88x21,5	18400	HASUPL11967	SUNGER PU PLAKA 27 DNS GRI 188X88X21,5 FLEXI DUZ	Adet
SAS-5581743944	2604212991	2	120579481	27 FLEXI DUZ GRI 188x88x21,5	18410	HASUPL11967	SUNGER PU PLAKA 27 DNS GRI 188X88X21,5 FLEXI DUZ	Adet
SAS-5581743944	2604160533	5	120562029	50 VISCO PE DUZ BEYAZ 199x149x3	18420	HASUPL10852	SUNGER VISCO PLAKA 50 DNS BEYAZ FR 199X149X3 NORMAL DUZ (FR BS 7177)	Adet
SAS-5581743944	2604290586	1	120577758	27 FLEXI DUZ GRI 198x198x23,5	18430	HASUPL11908	SUNGER PU PLAKA 27 DNS GRI 198X198X23,5 FLEXI DUZ	Adet
SAS-5581743944	2604290559	2	120577757	27 FLEXI DUZ GRI 198x178x23,5	18440	HASUPL11907	SUNGER PU PLAKA 27 DNS GRI 198X178X23,5 FLEXI DUZ	Adet
SAS-5581743944	2604290563	1	120577758	27 FLEXI DUZ GRI 198x198x23,5	18450	HASUPL11908	SUNGER PU PLAKA 27 DNS GRI 198X198X23,5 FLEXI DUZ	Adet
SAS-5581743944	2604290562	1	120577758	27 FLEXI DUZ GRI 198x198x23,5	18460	HASUPL11908	SUNGER PU PLAKA 27 DNS GRI 198X198X23,5 FLEXI DUZ	Adet
SAS-5581743944	2604290561	1	120577758	27 FLEXI DUZ GRI 198x198x23,5	18470	HASUPL11908	SUNGER PU PLAKA 27 DNS GRI 198X198X23,5 FLEXI DUZ	Adet
SAS-5581743944	2604290560	1	120577758	27 FLEXI DUZ GRI 198x198x23,5	18480	HASUPL11908	SUNGER PU PLAKA 27 DNS GRI 198X198X23,5 FLEXI DUZ	Adet
SAS-5581743944	2604290577	1	120577758	27 FLEXI DUZ GRI 198x198x23,5	18490	HASUPL11908	SUNGER PU PLAKA 27 DNS GRI 198X198X23,5 FLEXI DUZ	Adet
SAS-5581743944	2604290578	1	120577758	27 FLEXI DUZ GRI 198x198x23,5	18500	HASUPL11908	SUNGER PU PLAKA 27 DNS GRI 198X198X23,5 FLEXI DUZ	Adet
SAS-5581743944	2604290648	1	120577754	27 FLEXI DUZ GRI 188x138x23,5	18510	HASUPL11904	SUNGER PU PLAKA 27 DNS GRI 188X138X23,5 FLEXI DUZ	Adet
SAS-5581743944	2604290606	2	120577755	27 FLEXI DUZ GRI 188x158x23,5	18520	HASUPL11905	SUNGER PU PLAKA 27 DNS GRI 188X158X23,5 FLEXI DUZ	Adet
SAS-5581743944	2604290587	1	120577758	27 FLEXI DUZ GRI 198x198x23,5	18530	HASUPL11908	SUNGER PU PLAKA 27 DNS GRI 198X198X23,5 FLEXI DUZ	Adet
SAS-5581743944	2604290593	1	120577758	27 FLEXI DUZ GRI 198x198x23,5	18540	HASUPL11908	SUNGER PU PLAKA 27 DNS GRI 198X198X23,5 FLEXI DUZ	Adet
SAS-5581743944	2604290594	1	120577758	27 FLEXI DUZ GRI 198x198x23,5	18550	HASUPL11908	SUNGER PU PLAKA 27 DNS GRI 198X198X23,5 FLEXI DUZ	Adet
SAS-5581743944	2604290600	1	120577758	27 FLEXI DUZ GRI 198x198x23,5	18560	HASUPL11908	SUNGER PU PLAKA 27 DNS GRI 198X198X23,5 FLEXI DUZ	Adet
SAS-5581743944	2604290603	2	120577755	27 FLEXI DUZ GRI 188x158x23,5	18570	HASUPL11905	SUNGER PU PLAKA 27 DNS GRI 188X158X23,5 FLEXI DUZ	Adet
SAS-5581743944	2604290605	2	120577755	27 FLEXI DUZ GRI 188x158x23,5	18580	HASUPL11905	SUNGER PU PLAKA 27 DNS GRI 188X158X23,5 FLEXI DUZ	Adet
SAS-5581743944	2604290655	2	120577757	27 FLEXI DUZ GRI 198x178x23,5	18590	HASUPL11907	SUNGER PU PLAKA 27 DNS GRI 198X178X23,5 FLEXI DUZ	Adet
SAS-5581743944	2604290663	2	120577756	27 FLEXI DUZ GRI 198x158x23,5	18600	HASUPL11906	SUNGER PU PLAKA 27 DNS GRI 198X158X23,5 FLEXI DUZ	Adet
SAS-5581743944	2604290662	2	120577756	27 FLEXI DUZ GRI 198x158x23,5	18610	HASUPL11906	SUNGER PU PLAKA 27 DNS GRI 198X158X23,5 FLEXI DUZ	Adet
SAS-5581743944	2604290661	2	120577756	27 FLEXI DUZ GRI 198x158x23,5	18620	HASUPL11906	SUNGER PU PLAKA 27 DNS GRI 198X158X23,5 FLEXI DUZ	Adet
SAS-5581743944	2604290660	2	120577756	27 FLEXI DUZ GRI 198x158x23,5	18630	HASUPL11906	SUNGER PU PLAKA 27 DNS GRI 198X158X23,5 FLEXI DUZ	Adet
SAS-5581743944	2604281800	2	120579482	27 FLEXI DUZ GRI 188x138x21,5	18640	HASUPL11968	SUNGER PU PLAKA 27 DNS GRI 188X138X21,5 FLEXI DUZ	Adet
SAS-5581743944	2604290997	2	120579481	27 FLEXI DUZ GRI 188x88x21,5	18650	HASUPL11967	SUNGER PU PLAKA 27 DNS GRI 188X88X21,5 FLEXI DUZ	Adet
SAS-5581743944	2604291023	2	120579481	27 FLEXI DUZ GRI 188x88x21,5	18660	HASUPL11967	SUNGER PU PLAKA 27 DNS GRI 188X88X21,5 FLEXI DUZ	Adet
SAS-5581743944	2604291029	2	120579481	27 FLEXI DUZ GRI 188x88x21,5	18670	HASUPL11967	SUNGER PU PLAKA 27 DNS GRI 188X88X21,5 FLEXI DUZ	Adet
SAS-5581743944	2604291015	2	120579481	27 FLEXI DUZ GRI 188x88x21,5	18680	HASUPL11967	SUNGER PU PLAKA 27 DNS GRI 188X88X21,5 FLEXI DUZ	Adet
SAS-5581743944	2604291024	2	120579481	27 FLEXI DUZ GRI 188x88x21,5	18690	HASUPL11967	SUNGER PU PLAKA 27 DNS GRI 188X88X21,5 FLEXI DUZ	Adet
SAS-5581743944	2604291043	2	120579481	27 FLEXI DUZ GRI 188x88x21,5	18700	HASUPL11967	SUNGER PU PLAKA 27 DNS GRI 188X88X21,5 FLEXI DUZ	Adet
SAS-5581743944	2604290834	2	120579482	27 FLEXI DUZ GRI 188x138x21,5	18710	HASUPL11968	SUNGER PU PLAKA 27 DNS GRI 188X138X21,5 FLEXI DUZ	Adet
SAS-5581743944	2604290810	2	120579482	27 FLEXI DUZ GRI 188x138x21,5	18720	HASUPL11968	SUNGER PU PLAKA 27 DNS GRI 188X138X21,5 FLEXI DUZ	Adet
SAS-5581743944	2604290815	2	120579482	27 FLEXI DUZ GRI 188x138x21,5	18730	HASUPL11968	SUNGER PU PLAKA 27 DNS GRI 188X138X21,5 FLEXI DUZ	Adet
SAS-5581743944	2604290816	2	120579482	27 FLEXI DUZ GRI 188x138x21,5	18740	HASUPL11968	SUNGER PU PLAKA 27 DNS GRI 188X138X21,5 FLEXI DUZ	Adet
SAS-5581743944	2604290817	2	120579482	27 FLEXI DUZ GRI 188x138x21,5	18750	HASUPL11968	SUNGER PU PLAKA 27 DNS GRI 188X138X21,5 FLEXI DUZ	Adet
SAS-5581743944	2604290832	2	120579482	27 FLEXI DUZ GRI 188x138x21,5	18760	HASUPL11968	SUNGER PU PLAKA 27 DNS GRI 188X138X21,5 FLEXI DUZ	Adet
SAS-5581743944	2604281681	2	120579482	27 FLEXI DUZ GRI 188x138x21,5	18770	HASUPL11968	SUNGER PU PLAKA 27 DNS GRI 188X138X21,5 FLEXI DUZ	Adet
SAS-5581743944	2604281665	2	120579482	27 FLEXI DUZ GRI 188x138x21,5	18780	HASUPL11968	SUNGER PU PLAKA 27 DNS GRI 188X138X21,5 FLEXI DUZ	Adet
SAS-5581743944	2604281660	2	120579482	27 FLEXI DUZ GRI 188x138x21,5	18790	HASUPL11968	SUNGER PU PLAKA 27 DNS GRI 188X138X21,5 FLEXI DUZ	Adet
SAS-5581743944	2604281655	2	120579482	27 FLEXI DUZ GRI 188x138x21,5	18800	HASUPL11968	SUNGER PU PLAKA 27 DNS GRI 188X138X21,5 FLEXI DUZ	Adet
SAS-5581743944	2604281651	2	120579482	27 FLEXI DUZ GRI 188x138x21,5	18810	HASUPL11968	SUNGER PU PLAKA 27 DNS GRI 188X138X21,5 FLEXI DUZ	Adet
SAS-5581743944	2604290802	2	120579482	27 FLEXI DUZ GRI 188x138x21,5	18820	HASUPL11968	SUNGER PU PLAKA 27 DNS GRI 188X138X21,5 FLEXI DUZ	Adet
SAS-5581743944	2604290793	2	120579482	27 FLEXI DUZ GRI 188x138x21,5	18830	HASUPL11968	SUNGER PU PLAKA 27 DNS GRI 188X138X21,5 FLEXI DUZ	Adet
SAS-5581743944	2604290788	2	120579482	27 FLEXI DUZ GRI 188x138x21,5	18840	HASUPL11968	SUNGER PU PLAKA 27 DNS GRI 188X138X21,5 FLEXI DUZ	Adet
SAS-5581743944	2604290786	2	120579482	27 FLEXI DUZ GRI 188x138x21,5	18850	HASUPL11968	SUNGER PU PLAKA 27 DNS GRI 188X138X21,5 FLEXI DUZ	Adet
SAS-5581743944	2604290787	2	120579482	27 FLEXI DUZ GRI 188x138x21,5	18860	HASUPL11968	SUNGER PU PLAKA 27 DNS GRI 188X138X21,5 FLEXI DUZ	Adet
SAS-5581743944	2604290807	2	120579482	27 FLEXI DUZ GRI 188x138x21,5	18870	HASUPL11968	SUNGER PU PLAKA 27 DNS GRI 188X138X21,5 FLEXI DUZ	Adet
SAS-5581743944	2604282638	2	120579484	27 FLEXI DUZ GRI 198x158x21,5	18880	HASUPL11970	SUNGER PU PLAKA 27 DNS GRI 198X158X21,5 FLEXI DUZ	Adet
SAS-5581743944	2604282636	2	120579484	27 FLEXI DUZ GRI 198x158x21,5	18890	HASUPL11970	SUNGER PU PLAKA 27 DNS GRI 198X158X21,5 FLEXI DUZ	Adet
SAS-5581743944	2604282635	2	120579484	27 FLEXI DUZ GRI 198x158x21,5	18900	HASUPL11970	SUNGER PU PLAKA 27 DNS GRI 198X158X21,5 FLEXI DUZ	Adet
SAS-5581743944	2604282634	2	120579484	27 FLEXI DUZ GRI 198x158x21,5	18910	HASUPL11970	SUNGER PU PLAKA 27 DNS GRI 198X158X21,5 FLEXI DUZ	Adet
SAS-5581743944	2604282633	2	120579484	27 FLEXI DUZ GRI 198x158x21,5	18920	HASUPL11970	SUNGER PU PLAKA 27 DNS GRI 198X158X21,5 FLEXI DUZ	Adet
SAS-5581743944	2604290355	2	120579484	27 FLEXI DUZ GRI 198x158x21,5	18930	HASUPL11970	SUNGER PU PLAKA 27 DNS GRI 198X158X21,5 FLEXI DUZ	Adet
SAS-5581743944	2604290356	2	120579484	27 FLEXI DUZ GRI 198x158x21,5	18940	HASUPL11970	SUNGER PU PLAKA 27 DNS GRI 198X158X21,5 FLEXI DUZ	Adet
SAS-5581743944	2604290365	2	120579484	27 FLEXI DUZ GRI 198x158x21,5	18950	HASUPL11970	SUNGER PU PLAKA 27 DNS GRI 198X158X21,5 FLEXI DUZ	Adet
SAS-5581743944	2604290374	2	120579484	27 FLEXI DUZ GRI 198x158x21,5	18960	HASUPL11970	SUNGER PU PLAKA 27 DNS GRI 198X158X21,5 FLEXI DUZ	Adet
SAS-5581743944	2604290375	2	120579484	27 FLEXI DUZ GRI 198x158x21,5	18970	HASUPL11970	SUNGER PU PLAKA 27 DNS GRI 198X158X21,5 FLEXI DUZ	Adet
SAS-5581743944	2604290786	2	120577756	27 FLEXI DUZ GRI 198x158x23,5	18980	HASUPL11906	SUNGER PU PLAKA 27 DNS GRI 198X158X23,5 FLEXI DUZ	Adet
SAS-5581743944	2604290789	2	120577756	27 FLEXI DUZ GRI 198x158x23,5	18990	HASUPL11906	SUNGER PU PLAKA 27 DNS GRI 198X158X23,5 FLEXI DUZ	Adet
SAS-5581743944	2604290790	2	120577756	27 FLEXI DUZ GRI 198x158x23,5	19000	HASUPL11906	SUNGER PU PLAKA 27 DNS GRI 198X158X23,5 FLEXI DUZ	Adet
SAS-5581743944	2604290850	2	120577756	27 FLEXI DUZ GRI 198x158x23,5	19010	HASUPL11906	SUNGER PU PLAKA 27 DNS GRI 198X158X23,5 FLEXI DUZ	Adet
SAS-5581743944	2604290858	2	120577756	27 FLEXI DUZ GRI 198x158x23,5	19020	HASUPL11906	SUNGER PU PLAKA 27 DNS GRI 198X158X23,5 FLEXI DUZ	Adet
SAS-5581743944	2604290862	2	120577756	27 FLEXI DUZ GRI 198x158x23,5	19030	HASUPL11906	SUNGER PU PLAKA 27 DNS GRI 198X158X23,5 FLEXI DUZ	Adet
SAS-5581743944	2604290863	2	120577756	27 FLEXI DUZ GRI 198x158x23,5	19040	HASUPL11906	SUNGER PU PLAKA 27 DNS GRI 198X158X23,5 FLEXI DUZ	Adet
SAS-5581743944	2604290867	2	120577756	27 FLEXI DUZ GRI 198x158x23,5	19050	HASUPL11906	SUNGER PU PLAKA 27 DNS GRI 198X158X23,5 FLEXI DUZ	Adet
SAS-5581743944	2604290430	2	120577755	27 FLEXI DUZ GRI 188x158x23,5	19060	HASUPL11905	SUNGER PU PLAKA 27 DNS GRI 188X158X23,5 FLEXI DUZ	Adet
SAS-5581743944	2604290438	2	120577755	27 FLEXI DUZ GRI 188x158x23,5	19070	HASUPL11905	SUNGER PU PLAKA 27 DNS GRI 188X158X23,5 FLEXI DUZ	Adet
SAS-5581743944	2604290436	2	120577755	27 FLEXI DUZ GRI 188x158x23,5	19080	HASUPL11905	SUNGER PU PLAKA 27 DNS GRI 188X158X23,5 FLEXI DUZ	Adet
SAS-5581743944	2604290440	2	120577755	27 FLEXI DUZ GRI 188x158x23,5	19090	HASUPL11905	SUNGER PU PLAKA 27 DNS GRI 188X158X23,5 FLEXI DUZ	Adet
SAS-5581743944	2604290444	2	120577755	27 FLEXI DUZ GRI 188x158x23,5	19100	HASUPL11905	SUNGER PU PLAKA 27 DNS GRI 188X158X23,5 FLEXI DUZ	Adet
SAS-5581743944	2604290415	2	120577755	27 FLEXI DUZ GRI 188x158x23,5	19110	HASUPL11905	SUNGER PU PLAKA 27 DNS GRI 188X158X23,5 FLEXI DUZ	Adet
SAS-5581743944	2604290414	2	120577755	27 FLEXI DUZ GRI 188x158x23,5	19120	HASUPL11905	SUNGER PU PLAKA 27 DNS GRI 188X158X23,5 FLEXI DUZ	Adet
SAS-5581743944	2604290417	2	120577755	27 FLEXI DUZ GRI 188x158x23,5	19130	HASUPL11905	SUNGER PU PLAKA 27 DNS GRI 188X158X23,5 FLEXI DUZ	Adet
SAS-5581743944	2604290418	2	120577755	27 FLEXI DUZ GRI 188x158x23,5	19140	HASUPL11905	SUNGER PU PLAKA 27 DNS GRI 188X158X23,5 FLEXI DUZ	Adet
SAS-5581743944	2604290445	2	120577755	27 FLEXI DUZ GRI 188x158x23,5	19150	HASUPL11905	SUNGER PU PLAKA 27 DNS GRI 188X158X23,5 FLEXI DUZ	Adet
SAS-5581743944	2604290450	2	120577755	27 FLEXI DUZ GRI 188x158x23,5	19160	HASUPL11905	SUNGER PU PLAKA 27 DNS GRI 188X158X23,5 FLEXI DUZ	Adet
SAS-5581743944	2604290460	2	120577755	27 FLEXI DUZ GRI 188x158x23,5	19170	HASUPL11905	SUNGER PU PLAKA 27 DNS GRI 188X158X23,5 FLEXI DUZ	Adet
SAS-5581743944	2604290462	2	120577755	27 FLEXI DUZ GRI 188x158x23,5	19180	HASUPL11905	SUNGER PU PLAKA 27 DNS GRI 188X158X23,5 FLEXI DUZ	Adet
SAS-5581743944	2604290464	2	120577755	27 FLEXI DUZ GRI 188x158x23,5	19190	HASUPL11905	SUNGER PU PLAKA 27 DNS GRI 188X158X23,5 FLEXI DUZ	Adet
SAS-5581743944	2604290466	2	120577755	27 FLEXI DUZ GRI 188x158x23,5	19200	HASUPL11905	SUNGER PU PLAKA 27 DNS GRI 188X158X23,5 FLEXI DUZ	Adet
SAS-5581743944	2604290467	2	120577755	27 FLEXI DUZ GRI 188x158x23,5	19210	HASUPL11905	SUNGER PU PLAKA 27 DNS GRI 188X158X23,5 FLEXI DUZ	Adet
SAS-5581743944	2604290469	2	120577755	27 FLEXI DUZ GRI 188x158x23,5	19220	HASUPL11905	SUNGER PU PLAKA 27 DNS GRI 188X158X23,5 FLEXI DUZ	Adet
SAS-5581743944	2604290517	2	120577755	27 FLEXI DUZ GRI 188x158x23,5	19230	HASUPL11905	SUNGER PU PLAKA 27 DNS GRI 188X158X23,5 FLEXI DUZ	Adet
SAS-5581743944	2604290521	2	120577755	27 FLEXI DUZ GRI 188x158x23,5	19240	HASUPL11905	SUNGER PU PLAKA 27 DNS GRI 188X158X23,5 FLEXI DUZ	Adet
SAS-5581743944	2604290518	2	120577755	27 FLEXI DUZ GRI 188x158x23,5	19250	HASUPL11905	SUNGER PU PLAKA 27 DNS GRI 188X158X23,5 FLEXI DUZ	Adet
SAS-5581743944	2604290544	2	120577755	27 FLEXI DUZ GRI 188x158x23,5	19260	HASUPL11905	SUNGER PU PLAKA 27 DNS GRI 188X158X23,5 FLEXI DUZ	Adet
SAS-5581743944	2604290535	2	120577755	27 FLEXI DUZ GRI 188x158x23,5	19270	HASUPL11905	SUNGER PU PLAKA 27 DNS GRI 188X158X23,5 FLEXI DUZ	Adet
SAS-5581743944	2604290534	2	120577755	27 FLEXI DUZ GRI 188x158x23,5	19280	HASUPL11905	SUNGER PU PLAKA 27 DNS GRI 188X158X23,5 FLEXI DUZ	Adet
SAS-5581743944	2604290525	2	120577755	27 FLEXI DUZ GRI 188x158x23,5	19290	HASUPL11905	SUNGER PU PLAKA 27 DNS GRI 188X158X23,5 FLEXI DUZ	Adet
SAS-5581743944	2604290522	2	120577755	27 FLEXI DUZ GRI 188x158x23,5	19300	HASUPL11905	SUNGER PU PLAKA 27 DNS GRI 188X158X23,5 FLEXI DUZ	Adet
SAS-5581743944	2604290425	2	120577755	27 FLEXI DUZ GRI 188x158x23,5	19310	HASUPL11905	SUNGER PU PLAKA 27 DNS GRI 188X158X23,5 FLEXI DUZ	Adet
SAS-5581743944	2604290688	2	120577757	27 FLEXI DUZ GRI 198x178x23,5	19320	HASUPL11907	SUNGER PU PLAKA 27 DNS GRI 198X178X23,5 FLEXI DUZ	Adet
SAS-5581743944	2604290685	2	120577757	27 FLEXI DUZ GRI 198x178x23,5	19330	HASUPL11907	SUNGER PU PLAKA 27 DNS GRI 198X178X23,5 FLEXI DUZ	Adet
SAS-5581743944	2604290684	2	120577757	27 FLEXI DUZ GRI 198x178x23,5	19340	HASUPL11907	SUNGER PU PLAKA 27 DNS GRI 198X178X23,5 FLEXI DUZ	Adet
SAS-5581743944	2604290686	2	120577757	27 FLEXI DUZ GRI 198x178x23,5	19350	HASUPL11907	SUNGER PU PLAKA 27 DNS GRI 198X178X23,5 FLEXI DUZ	Adet
SAS-5581743944	2604290668	2	120577757	27 FLEXI DUZ GRI 198x178x23,5	19360	HASUPL11907	SUNGER PU PLAKA 27 DNS GRI 198X178X23,5 FLEXI DUZ	Adet
SAS-5581743944	2604290669	2	120577757	27 FLEXI DUZ GRI 198x178x23,5	19370	HASUPL11907	SUNGER PU PLAKA 27 DNS GRI 198X178X23,5 FLEXI DUZ	Adet
SAS-5581743944	2604290667	2	120577757	27 FLEXI DUZ GRI 198x178x23,5	19380	HASUPL11907	SUNGER PU PLAKA 27 DNS GRI 198X178X23,5 FLEXI DUZ	Adet
SAS-5581743944	2604290681	2	120577757	27 FLEXI DUZ GRI 198x178x23,5	19390	HASUPL11907	SUNGER PU PLAKA 27 DNS GRI 198X178X23,5 FLEXI DUZ	Adet
SAS-5581743944	2604290792	2	120577756	27 FLEXI DUZ GRI 198x158x23,5	19400	HASUPL11906	SUNGER PU PLAKA 27 DNS GRI 198X158X23,5 FLEXI DUZ	Adet
SAS-5581743944	2604290696	2	120577757	27 FLEXI DUZ GRI 198x178x23,5	19410	HASUPL11907	SUNGER PU PLAKA 27 DNS GRI 198X178X23,5 FLEXI DUZ	Adet
SAS-5581743944	2604290745	2	120577756	27 FLEXI DUZ GRI 198x158x23,5	19420	HASUPL11906	SUNGER PU PLAKA 27 DNS GRI 198X158X23,5 FLEXI DUZ	Adet
SAS-5581743944	2604290718	2	120577756	27 FLEXI DUZ GRI 198x158x23,5	19430	HASUPL11906	SUNGER PU PLAKA 27 DNS GRI 198X158X23,5 FLEXI DUZ	Adet
SAS-5581743944	2604290720	2	120577756	27 FLEXI DUZ GRI 198x158x23,5	19440	HASUPL11906	SUNGER PU PLAKA 27 DNS GRI 198X158X23,5 FLEXI DUZ	Adet
SAS-5581743944	2604290768	2	120577756	27 FLEXI DUZ GRI 198x158x23,5	19450	HASUPL11906	SUNGER PU PLAKA 27 DNS GRI 198X158X23,5 FLEXI DUZ	Adet
SAS-5581743944	2604290743	2	120577756	27 FLEXI DUZ GRI 198x158x23,5	19460	HASUPL11906	SUNGER PU PLAKA 27 DNS GRI 198X158X23,5 FLEXI DUZ	Adet
SAS-5581743944	2604290746	2	120577756	27 FLEXI DUZ GRI 198x158x23,5	19470	HASUPL11906	SUNGER PU PLAKA 27 DNS GRI 198X158X23,5 FLEXI DUZ	Adet
SAS-5581743944	2604290747	2	120577756	27 FLEXI DUZ GRI 198x158x23,5	19480	HASUPL11906	SUNGER PU PLAKA 27 DNS GRI 198X158X23,5 FLEXI DUZ	Adet
SAS-5581743944	2604290767	2	120577756	27 FLEXI DUZ GRI 198x158x23,5	19490	HASUPL11906	SUNGER PU PLAKA 27 DNS GRI 198X158X23,5 FLEXI DUZ	Adet
SAS-5581743944	2604290769	2	120577756	27 FLEXI DUZ GRI 198x158x23,5	19500	HASUPL11906	SUNGER PU PLAKA 27 DNS GRI 198X158X23,5 FLEXI DUZ	Adet
SAS-5581743944	2604291000	2	120577756	27 FLEXI DUZ GRI 198x158x23,5	19510	HASUPL11906	SUNGER PU PLAKA 27 DNS GRI 198X158X23,5 FLEXI DUZ	Adet
SAS-5581743944	2604291004	2	120577756	27 FLEXI DUZ GRI 198x158x23,5	19520	HASUPL11906	SUNGER PU PLAKA 27 DNS GRI 198X158X23,5 FLEXI DUZ	Adet
SAS-5581743944	2604291006	2	120577756	27 FLEXI DUZ GRI 198x158x23,5	19530	HASUPL11906	SUNGER PU PLAKA 27 DNS GRI 198X158X23,5 FLEXI DUZ	Adet
SAS-5581743944	2604291016	2	120577756	27 FLEXI DUZ GRI 198x158x23,5	19540	HASUPL11906	SUNGER PU PLAKA 27 DNS GRI 198X158X23,5 FLEXI DUZ	Adet
SAS-5581743944	2604290804	2	120577756	27 FLEXI DUZ GRI 198x158x23,5	19550	HASUPL11906	SUNGER PU PLAKA 27 DNS GRI 198X158X23,5 FLEXI DUZ	Adet
SAS-5581743944	2604290806	2	120577756	27 FLEXI DUZ GRI 198x158x23,5	19560	HASUPL11906	SUNGER PU PLAKA 27 DNS GRI 198X158X23,5 FLEXI DUZ	Adet
SAS-5581743944	2604290809	2	120577756	27 FLEXI DUZ GRI 198x158x23,5	19570	HASUPL11906	SUNGER PU PLAKA 27 DNS GRI 198X158X23,5 FLEXI DUZ	Adet
SAS-5581743944	2604290810	2	120577756	27 FLEXI DUZ GRI 198x158x23,5	19580	HASUPL11906	SUNGER PU PLAKA 27 DNS GRI 198X158X23,5 FLEXI DUZ	Adet
SAS-5581743944	2604290811	2	120577756	27 FLEXI DUZ GRI 198x158x23,5	19590	HASUPL11906	SUNGER PU PLAKA 27 DNS GRI 198X158X23,5 FLEXI DUZ	Adet
SAS-5581743944	2604290802	2	120577756	27 FLEXI DUZ GRI 198x158x23,5	19600	HASUPL11906	SUNGER PU PLAKA 27 DNS GRI 198X158X23,5 FLEXI DUZ	Adet
SAS-5581743944	2604290801	2	120577756	27 FLEXI DUZ GRI 198x158x23,5	19610	HASUPL11906	SUNGER PU PLAKA 27 DNS GRI 198X158X23,5 FLEXI DUZ	Adet
SAS-5581743944	2604290797	2	120577756	27 FLEXI DUZ GRI 198x158x23,5	19620	HASUPL11906	SUNGER PU PLAKA 27 DNS GRI 198X158X23,5 FLEXI DUZ	Adet
SAS-5581743944	2604290793	2	120577756	27 FLEXI DUZ GRI 198x158x23,5	19630	HASUPL11906	SUNGER PU PLAKA 27 DNS GRI 198X158X23,5 FLEXI DUZ	Adet
SAS-5581743944	2604290774	2	120577756	27 FLEXI DUZ GRI 198x158x23,5	19640	HASUPL11906	SUNGER PU PLAKA 27 DNS GRI 198X158X23,5 FLEXI DUZ	Adet
SAS-5581743944	2604290785	2	120577756	27 FLEXI DUZ GRI 198x158x23,5	19650	HASUPL11906	SUNGER PU PLAKA 27 DNS GRI 198X158X23,5 FLEXI DUZ	Adet
SAS-5581743944	2604291190	36	120507296	23 FLEXI RULO BEYAZ 220x2,7	19660	HASURL0166	SUNGER PU RULO 23 DNS 190 NEWTON BEYAZ 220X2,7 DUZ	METRE
SAS-5581743944	2604291112	36	120507296	23 FLEXI RULO BEYAZ 220x2,7	19670	HASURL0166	SUNGER PU RULO 23 DNS 190 NEWTON BEYAZ 220X2,7 DUZ	METRE
SAS-5581743944	2604291110	36	120507296	23 FLEXI RULO BEYAZ 220x2,7	19680	HASURL0166	SUNGER PU RULO 23 DNS 190 NEWTON BEYAZ 220X2,7 DUZ	METRE
SAS-5581743944	2604291114	36	120507296	23 FLEXI RULO BEYAZ 220x2,7	19690	HASURL0166	SUNGER PU RULO 23 DNS 190 NEWTON BEYAZ 220X2,7 DUZ	METRE
SAS-5581743944	2604291014	36	120507296	23 FLEXI RULO BEYAZ 220x2,7	19700	HASURL0166	SUNGER PU RULO 23 DNS 190 NEWTON BEYAZ 220X2,7 DUZ	METRE
SAS-5581743944	2604291013	36	120507296	23 FLEXI RULO BEYAZ 220x2,7	19710	HASURL0166	SUNGER PU RULO 23 DNS 190 NEWTON BEYAZ 220X2,7 DUZ	METRE
SAS-5581743944	2604291115	36	120507296	23 FLEXI RULO BEYAZ 220x2,7	19720	HASURL0166	SUNGER PU RULO 23 DNS 190 NEWTON BEYAZ 220X2,7 DUZ	METRE
SAS-5581743944	2604291012	36	120507296	23 FLEXI RULO BEYAZ 220x2,7	19730	HASURL0166	SUNGER PU RULO 23 DNS 190 NEWTON BEYAZ 220X2,7 DUZ	METRE
SAS-5581743944	2604291116	36	120507296	23 FLEXI RULO BEYAZ 220x2,7	19740	HASURL0166	SUNGER PU RULO 23 DNS 190 NEWTON BEYAZ 220X2,7 DUZ	METRE
SAS-5581743944	2604291010	36	120507296	23 FLEXI RULO BEYAZ 220x2,7	19750	HASURL0166	SUNGER PU RULO 23 DNS 190 NEWTON BEYAZ 220X2,7 DUZ	METRE
SAS-5581743944	2604291009	36	120507296	23 FLEXI RULO BEYAZ 220x2,7	19760	HASURL0166	SUNGER PU RULO 23 DNS 190 NEWTON BEYAZ 220X2,7 DUZ	METRE
SAS-5581743944	2604291008	36	120507296	23 FLEXI RULO BEYAZ 220x2,7	19770	HASURL0166	SUNGER PU RULO 23 DNS 190 NEWTON BEYAZ 220X2,7 DUZ	METRE
SAS-5581743944	2604291007	36	120507296	23 FLEXI RULO BEYAZ 220x2,7	19780	HASURL0166	SUNGER PU RULO 23 DNS 190 NEWTON BEYAZ 220X2,7 DUZ	METRE
SAS-5581743944	2604290762	36	120507296	23 FLEXI RULO BEYAZ 220x2,7	19790	HASURL0166	SUNGER PU RULO 23 DNS 190 NEWTON BEYAZ 220X2,7 DUZ	METRE
SAS-5581743944	2604290763	36	120507296	23 FLEXI RULO BEYAZ 220x2,7	19800	HASURL0166	SUNGER PU RULO 23 DNS 190 NEWTON BEYAZ 220X2,7 DUZ	METRE
SAS-5581743944	2604291189	36	120507296	23 FLEXI RULO BEYAZ 220x2,7	19810	HASURL0166	SUNGER PU RULO 23 DNS 190 NEWTON BEYAZ 220X2,7 DUZ	METRE
SAS-5581743944	2604291188	36	120507296	23 FLEXI RULO BEYAZ 220x2,7	19820	HASURL0166	SUNGER PU RULO 23 DNS 190 NEWTON BEYAZ 220X2,7 DUZ	METRE
SAS-5581743944	2604291187	36	120507296	23 FLEXI RULO BEYAZ 220x2,7	19830	HASURL0166	SUNGER PU RULO 23 DNS 190 NEWTON BEYAZ 220X2,7 DUZ	METRE
SAS-5581743944	2604291186	36	120507296	23 FLEXI RULO BEYAZ 220x2,7	19840	HASURL0166	SUNGER PU RULO 23 DNS 190 NEWTON BEYAZ 220X2,7 DUZ	METRE
SAS-5581743944	2604291005	36	120507296	23 FLEXI RULO BEYAZ 220x2,7	19850	HASURL0166	SUNGER PU RULO 23 DNS 190 NEWTON BEYAZ 220X2,7 DUZ	METRE
SAS-5581743944	2604291181	36	120507296	23 FLEXI RULO BEYAZ 220x2,7	19860	HASURL0166	SUNGER PU RULO 23 DNS 190 NEWTON BEYAZ 220X2,7 DUZ	METRE
SAS-5581743944	2604291182	36	120507296	23 FLEXI RULO BEYAZ 220x2,7	19870	HASURL0166	SUNGER PU RULO 23 DNS 190 NEWTON BEYAZ 220X2,7 DUZ	METRE
SAS-5581743944	2604291185	36	120507296	23 FLEXI RULO BEYAZ 220x2,7	19880	HASURL0166	SUNGER PU RULO 23 DNS 190 NEWTON BEYAZ 220X2,7 DUZ	METRE
SAS-5581743944	2604291183	36	120507296	23 FLEXI RULO BEYAZ 220x2,7	19890	HASURL0166	SUNGER PU RULO 23 DNS 190 NEWTON BEYAZ 220X2,7 DUZ	METRE
SAS-5581743944	2604301162	3	120577753	27 FLEXI DUZ GRI 188x88x18,5	19900	HASUPL11909	SUNGER PU PLAKA 27 DNS GRI 188X88X18,5 FLEXI DUZ	Adet
SAS-5581743944	2604301161	3	120577753	27 FLEXI DUZ GRI 188x88x18,5	19910	HASUPL11909	SUNGER PU PLAKA 27 DNS GRI 188X88X18,5 FLEXI DUZ	Adet
SAS-5581743944	2604301160	3	120577753	27 FLEXI DUZ GRI 188x88x18,5	19920	HASUPL11909	SUNGER PU PLAKA 27 DNS GRI 188X88X18,5 FLEXI DUZ	Adet
SAS-5581743944	2604301167	3	120577753	27 FLEXI DUZ GRI 188x88x18,5	19930	HASUPL11909	SUNGER PU PLAKA 27 DNS GRI 188X88X18,5 FLEXI DUZ	Adet
SAS-5581743944	2604301164	3	120577753	27 FLEXI DUZ GRI 188x88x18,5	19940	HASUPL11909	SUNGER PU PLAKA 27 DNS GRI 188X88X18,5 FLEXI DUZ	Adet
SAS-5581743944	2604301165	3	120577753	27 FLEXI DUZ GRI 188x88x18,5	19950	HASUPL11909	SUNGER PU PLAKA 27 DNS GRI 188X88X18,5 FLEXI DUZ	Adet
SAS-5581743944	2604301104	2	120577754	27 FLEXI DUZ GRI 188x138x23,5	19960	HASUPL11904	SUNGER PU PLAKA 27 DNS GRI 188X138X23,5 FLEXI DUZ	Adet
SAS-5581743944	2604300975	2	120577754	27 FLEXI DUZ GRI 188x138x23,5	19970	HASUPL11904	SUNGER PU PLAKA 27 DNS GRI 188X138X23,5 FLEXI DUZ	Adet
SAS-5581743944	2604300976	2	120577754	27 FLEXI DUZ GRI 188x138x23,5	19980	HASUPL11904	SUNGER PU PLAKA 27 DNS GRI 188X138X23,5 FLEXI DUZ	Adet
SAS-5581743944	2604300977	2	120577754	27 FLEXI DUZ GRI 188x138x23,5	19990	HASUPL11904	SUNGER PU PLAKA 27 DNS GRI 188X138X23,5 FLEXI DUZ	Adet
SAS-5581743944	2604300978	2	120577754	27 FLEXI DUZ GRI 188x138x23,5	20000	HASUPL11904	SUNGER PU PLAKA 27 DNS GRI 188X138X23,5 FLEXI DUZ	Adet
SAS-5581743944	2604301002	2	120577754	27 FLEXI DUZ GRI 188x138x23,5	20010	HASUPL11904	SUNGER PU PLAKA 27 DNS GRI 188X138X23,5 FLEXI DUZ	Adet
SAS-5581743944	2604301037	2	120577754	27 FLEXI DUZ GRI 188x138x23,5	20020	HASUPL11904	SUNGER PU PLAKA 27 DNS GRI 188X138X23,5 FLEXI DUZ	Adet
SAS-5581743944	2604301011	2	120577754	27 FLEXI DUZ GRI 188x138x23,5	20030	HASUPL11904	SUNGER PU PLAKA 27 DNS GRI 188X138X23,5 FLEXI DUZ	Adet
SAS-5581743944	2604301017	2	120577754	27 FLEXI DUZ GRI 188x138x23,5	20040	HASUPL11904	SUNGER PU PLAKA 27 DNS GRI 188X138X23,5 FLEXI DUZ	Adet
SAS-5581743944	2604301106	2	120577754	27 FLEXI DUZ GRI 188x138x23,5	20050	HASUPL11904	SUNGER PU PLAKA 27 DNS GRI 188X138X23,5 FLEXI DUZ	Adet
SAS-5581743944	2604301111	2	120577754	27 FLEXI DUZ GRI 188x138x23,5	20060	HASUPL11904	SUNGER PU PLAKA 27 DNS GRI 188X138X23,5 FLEXI DUZ	Adet
SAS-5581743944	2604301105	2	120577754	27 FLEXI DUZ GRI 188x138x23,5	20070	HASUPL11904	SUNGER PU PLAKA 27 DNS GRI 188X138X23,5 FLEXI DUZ	Adet
SAS-5581743944	2604301114	3	120577753	27 FLEXI DUZ GRI 188x88x18,5	20080	HASUPL11909	SUNGER PU PLAKA 27 DNS GRI 188X88X18,5 FLEXI DUZ	Adet
SAS-5581743944	2604301115	3	120577753	27 FLEXI DUZ GRI 188x88x18,5	20090	HASUPL11909	SUNGER PU PLAKA 27 DNS GRI 188X88X18,5 FLEXI DUZ	Adet
SAS-5581743944	2604301128	3	120577753	27 FLEXI DUZ GRI 188x88x18,5	20100	HASUPL11909	SUNGER PU PLAKA 27 DNS GRI 188X88X18,5 FLEXI DUZ	Adet
SAS-5581743944	2604301124	3	120577753	27 FLEXI DUZ GRI 188x88x18,5	20110	HASUPL11909	SUNGER PU PLAKA 27 DNS GRI 188X88X18,5 FLEXI DUZ	Adet
SAS-5581743944	2604301122	3	120577753	27 FLEXI DUZ GRI 188x88x18,5	20120	HASUPL11909	SUNGER PU PLAKA 27 DNS GRI 188X88X18,5 FLEXI DUZ	Adet
SAS-5581743944	2604301116	3	120577753	27 FLEXI DUZ GRI 188x88x18,5	20130	HASUPL11909	SUNGER PU PLAKA 27 DNS GRI 188X88X18,5 FLEXI DUZ	Adet
SAS-5581743944	2604301129	3	120577753	27 FLEXI DUZ GRI 188x88x18,5	20140	HASUPL11909	SUNGER PU PLAKA 27 DNS GRI 188X88X18,5 FLEXI DUZ	Adet
SAS-5581743944	2604301127	3	120577753	27 FLEXI DUZ GRI 188x88x18,5	20150	HASUPL11909	SUNGER PU PLAKA 27 DNS GRI 188X88X18,5 FLEXI DUZ	Adet
SAS-5581743944	2604301123	3	120577753	27 FLEXI DUZ GRI 188x88x18,5	20160	HASUPL11909	SUNGER PU PLAKA 27 DNS GRI 188X88X18,5 FLEXI DUZ	Adet
SAS-5581743944	2604301117	3	120577753	27 FLEXI DUZ GRI 188x88x18,5	20170	HASUPL11909	SUNGER PU PLAKA 27 DNS GRI 188X88X18,5 FLEXI DUZ	Adet
SAS-5581743944	2604301133	3	120577753	27 FLEXI DUZ GRI 188x88x18,5	20180	HASUPL11909	SUNGER PU PLAKA 27 DNS GRI 188X88X18,5 FLEXI DUZ	Adet
SAS-5581743944	2604290978	2	120577756	27 FLEXI DUZ GRI 198x158x23,5	20190	HASUPL11906	SUNGER PU PLAKA 27 DNS GRI 198X158X23,5 FLEXI DUZ	Adet
SAS-5581743944	2604290976	2	120577756	27 FLEXI DUZ GRI 198x158x23,5	20200	HASUPL11906	SUNGER PU PLAKA 27 DNS GRI 198X158X23,5 FLEXI DUZ	Adet
SAS-5581743944	2604293337	2	120577756	27 FLEXI DUZ GRI 198x158x23,5	20210	HASUPL11906	SUNGER PU PLAKA 27 DNS GRI 198X158X23,5 FLEXI DUZ	Adet
SAS-5581743944	2604293323	2	120577756	27 FLEXI DUZ GRI 198x158x23,5	20220	HASUPL11906	SUNGER PU PLAKA 27 DNS GRI 198X158X23,5 FLEXI DUZ	Adet
SAS-5581743944	2604293324	2	120577756	27 FLEXI DUZ GRI 198x158x23,5	20230	HASUPL11906	SUNGER PU PLAKA 27 DNS GRI 198X158X23,5 FLEXI DUZ	Adet
SAS-5581743944	2604293229	2	120577756	27 FLEXI DUZ GRI 198x158x23,5	20240	HASUPL11906	SUNGER PU PLAKA 27 DNS GRI 198X158X23,5 FLEXI DUZ	Adet
SAS-5581743944	2604293230	2	120577756	27 FLEXI DUZ GRI 198x158x23,5	20250	HASUPL11906	SUNGER PU PLAKA 27 DNS GRI 198X158X23,5 FLEXI DUZ	Adet
SAS-5581743944	2604293231	2	120577756	27 FLEXI DUZ GRI 198x158x23,5	20260	HASUPL11906	SUNGER PU PLAKA 27 DNS GRI 198X158X23,5 FLEXI DUZ	Adet
SAS-5581743944	2604293233	2	120577756	27 FLEXI DUZ GRI 198x158x23,5	20270	HASUPL11906	SUNGER PU PLAKA 27 DNS GRI 198X158X23,5 FLEXI DUZ	Adet
SAS-5581743944	2604293317	2	120577756	27 FLEXI DUZ GRI 198x158x23,5	20280	HASUPL11906	SUNGER PU PLAKA 27 DNS GRI 198X158X23,5 FLEXI DUZ	Adet
SAS-5581743944	2604293322	2	120577756	27 FLEXI DUZ GRI 198x158x23,5	20290	HASUPL11906	SUNGER PU PLAKA 27 DNS GRI 198X158X23,5 FLEXI DUZ	Adet
SAS-5581743944	2604293189	2	120577756	27 FLEXI DUZ GRI 198x158x23,5	20300	HASUPL11906	SUNGER PU PLAKA 27 DNS GRI 198X158X23,5 FLEXI DUZ	Adet
SAS-5581743944	2604293190	2	120577756	27 FLEXI DUZ GRI 198x158x23,5	20310	HASUPL11906	SUNGER PU PLAKA 27 DNS GRI 198X158X23,5 FLEXI DUZ	Adet
SAS-5581743944	2604293195	2	120577756	27 FLEXI DUZ GRI 198x158x23,5	20320	HASUPL11906	SUNGER PU PLAKA 27 DNS GRI 198X158X23,5 FLEXI DUZ	Adet
SAS-5581743944	2604293197	2	120577756	27 FLEXI DUZ GRI 198x158x23,5	20330	HASUPL11906	SUNGER PU PLAKA 27 DNS GRI 198X158X23,5 FLEXI DUZ	Adet
SAS-5581743944	2604290995	2	120577756	27 FLEXI DUZ GRI 198x158x23,5	20340	HASUPL11906	SUNGER PU PLAKA 27 DNS GRI 198X158X23,5 FLEXI DUZ	Adet
SAS-5581743944	2604290997	2	120577756	27 FLEXI DUZ GRI 198x158x23,5	20350	HASUPL11906	SUNGER PU PLAKA 27 DNS GRI 198X158X23,5 FLEXI DUZ	Adet
SAS-5581743944	2604290994	2	120577756	27 FLEXI DUZ GRI 198x158x23,5	20360	HASUPL11906	SUNGER PU PLAKA 27 DNS GRI 198X158X23,5 FLEXI DUZ	Adet
SAS-5581743944	2604290990	2	120577756	27 FLEXI DUZ GRI 198x158x23,5	20370	HASUPL11906	SUNGER PU PLAKA 27 DNS GRI 198X158X23,5 FLEXI DUZ	Adet
SAS-5581743944	2604291035	2	120577756	27 FLEXI DUZ GRI 198x158x23,5	20380	HASUPL11906	SUNGER PU PLAKA 27 DNS GRI 198X158X23,5 FLEXI DUZ	Adet
SAS-5581743944	2604291021	2	120577756	27 FLEXI DUZ GRI 198x158x23,5	20390	HASUPL11906	SUNGER PU PLAKA 27 DNS GRI 198X158X23,5 FLEXI DUZ	Adet
SAS-5581743944	2604291019	2	120577756	27 FLEXI DUZ GRI 198x158x23,5	20400	HASUPL11906	SUNGER PU PLAKA 27 DNS GRI 198X158X23,5 FLEXI DUZ	Adet
SAS-5581743944	2604291036	2	120577756	27 FLEXI DUZ GRI 198x158x23,5	20410	HASUPL11906	SUNGER PU PLAKA 27 DNS GRI 198X158X23,5 FLEXI DUZ	Adet
SAS-5581743944	2604301004	2	120577754	27 FLEXI DUZ GRI 188x138x23,5	20420	HASUPL11904	SUNGER PU PLAKA 27 DNS GRI 188X138X23,5 FLEXI DUZ	Adet
SAS-5581743944	2604301003	2	120577754	27 FLEXI DUZ GRI 188x138x23,5	20430	HASUPL11904	SUNGER PU PLAKA 27 DNS GRI 188X138X23,5 FLEXI DUZ	Adet
SAS-5581743944	2604301006	2	120577754	27 FLEXI DUZ GRI 188x138x23,5	20440	HASUPL11904	SUNGER PU PLAKA 27 DNS GRI 188X138X23,5 FLEXI DUZ	Adet
SAS-5581743944	2604301008	2	120577754	27 FLEXI DUZ GRI 188x138x23,5	20450	HASUPL11904	SUNGER PU PLAKA 27 DNS GRI 188X138X23,5 FLEXI DUZ	Adet
SAS-5581743944	2604301010	2	120577754	27 FLEXI DUZ GRI 188x138x23,5	20460	HASUPL11904	SUNGER PU PLAKA 27 DNS GRI 188X138X23,5 FLEXI DUZ	Adet
SAS-5581743944	2604300413	1	120577753	27 FLEXI DUZ GRI 188x88x18,5	20470	HASUPL11909	SUNGER PU PLAKA 27 DNS GRI 188X88X18,5 FLEXI DUZ	Adet
SAS-5581743944	2604300386	2	120577753	27 FLEXI DUZ GRI 188x88x18,5	20480	HASUPL11909	SUNGER PU PLAKA 27 DNS GRI 188X88X18,5 FLEXI DUZ	Adet
SAS-5581743944	2604300384	2	120577754	27 FLEXI DUZ GRI 188x138x23,5	20490	HASUPL11904	SUNGER PU PLAKA 27 DNS GRI 188X138X23,5 FLEXI DUZ	Adet
SAS-5581743944	2604301036	2	120577754	27 FLEXI DUZ GRI 188x138x23,5	20500	HASUPL11904	SUNGER PU PLAKA 27 DNS GRI 188X138X23,5 FLEXI DUZ	Adet
SAS-5581743944	2604301027	2	120577754	27 FLEXI DUZ GRI 188x138x23,5	20510	HASUPL11904	SUNGER PU PLAKA 27 DNS GRI 188X138X23,5 FLEXI DUZ	Adet
SAS-5581743944	2604300840	2	120577755	27 FLEXI DUZ GRI 188x158x23,5	20520	HASUPL11905	SUNGER PU PLAKA 27 DNS GRI 188X158X23,5 FLEXI DUZ	Adet
SAS-5581743944	2604300836	2	120577755	27 FLEXI DUZ GRI 188x158x23,5	20530	HASUPL11905	SUNGER PU PLAKA 27 DNS GRI 188X158X23,5 FLEXI DUZ	Adet
SAS-5581743944	2604300834	2	120577755	27 FLEXI DUZ GRI 188x158x23,5	20540	HASUPL11905	SUNGER PU PLAKA 27 DNS GRI 188X158X23,5 FLEXI DUZ	Adet
SAS-5581743944	2604300835	2	120577755	27 FLEXI DUZ GRI 188x158x23,5	20550	HASUPL11905	SUNGER PU PLAKA 27 DNS GRI 188X158X23,5 FLEXI DUZ	Adet
SAS-5581743944	2604300974	2	120577755	27 FLEXI DUZ GRI 188x158x23,5	20560	HASUPL11905	SUNGER PU PLAKA 27 DNS GRI 188X158X23,5 FLEXI DUZ	Adet
SAS-5581743944	2604300973	2	120577755	27 FLEXI DUZ GRI 188x158x23,5	20570	HASUPL11905	SUNGER PU PLAKA 27 DNS GRI 188X158X23,5 FLEXI DUZ	Adet
SAS-5581743944	2604301651	107	120201420	27 SOFT BLOKCM GRI 198x148	20580	HASUBL0092	SUNGER PU BLOK 27 DNS GRI 198x148X120 SOFT	M3
SAS-5581743944	2604301650	107	120201420	27 SOFT BLOKCM GRI 198x148	20590	HASUBL0092	SUNGER PU BLOK 27 DNS GRI 198x148X120 SOFT	M3
SAS-5581743944	2604301649	107	120201420	27 SOFT BLOKCM GRI 198x148	20600	HASUBL0092	SUNGER PU BLOK 27 DNS GRI 198x148X120 SOFT	M3
SAS-5581743944	2604301607	107	120201420	27 SOFT BLOKCM GRI 198x148	20610	HASUBL0092	SUNGER PU BLOK 27 DNS GRI 198x148X120 SOFT	M3
SAS-5581743944	2604301606	107	120201420	27 SOFT BLOKCM GRI 198x148	20620	HASUBL0092	SUNGER PU BLOK 27 DNS GRI 198x148X120 SOFT	M3
SAS-5581743944	2604301605	107	120201420	27 SOFT BLOKCM GRI 198x148	20630	HASUBL0092	SUNGER PU BLOK 27 DNS GRI 198x148X120 SOFT	M3
SAS-5581743944	2604301584	107	120552170	27 SOFT BLOKCM GRI 198x151	20640	HASUBL0120	SUNGER PU BLOK 27 DNS GRI 198X151X120 SOFT	M3
SAS-5581743944	2604301609	107	120201420	27 SOFT BLOKCM GRI 198x148	20650	HASUBL0092	SUNGER PU BLOK 27 DNS GRI 198x148X120 SOFT	M3
SAS-5581743944	2604301608	107	120201420	27 SOFT BLOKCM GRI 198x148	20660	HASUBL0092	SUNGER PU BLOK 27 DNS GRI 198x148X120 SOFT	M3
SAS-5581743944	2604301558	108	120251132	27 SOFT BLOKCM GRI 198x181	20670	HASUBL0421	SUNGER PU BLOK 27 DNS GRI 198X181X120 SOFT	M3
SAS-5581743944	2604301566	107	120251132	27 SOFT BLOKCM GRI 198x181	20680	HASUBL0421	SUNGER PU BLOK 27 DNS GRI 198X181X120 SOFT	M3
SAS-5581743944	2604301565	107	120251132	27 SOFT BLOKCM GRI 198x181	20690	HASUBL0421	SUNGER PU BLOK 27 DNS GRI 198X181X120 SOFT	M3
SAS-5581743944	2604301590	107	120552170	27 SOFT BLOKCM GRI 198x151	20700	HASUBL0120	SUNGER PU BLOK 27 DNS GRI 198X151X120 SOFT	M3
SAS-5581743944	2604301589	107	120552170	27 SOFT BLOKCM GRI 198x151	20710	HASUBL0120	SUNGER PU BLOK 27 DNS GRI 198X151X120 SOFT	M3
SAS-5581743944	2604301588	107	120552170	27 SOFT BLOKCM GRI 198x151	20720	HASUBL0120	SUNGER PU BLOK 27 DNS GRI 198X151X120 SOFT	M3
SAS-5581743944	2604301579	107	120207206	27 SOFT BLOKCM GRI 198x178	20730	HASUBL0097	SUNGER PU BLOK 27 DNS GRI 198X178X120 SOFT	M3
SAS-5581743944	2604301583	107	120206567	27 SOFT BLOKCM GRI 198x158	20740	HASUBL0094	SUNGER PU BLOK 27 DNS GRI 198X158X120 SOFT	M3
SAS-5581743944	2604301567	107	120251132	27 SOFT BLOKCM GRI 198x181	20750	HASUBL0421	SUNGER PU BLOK 27 DNS GRI 198X181X120 SOFT	M3
SAS-5581743944	2604301418	4	120543669	50 VISCO PE DUZ BEYAZ 199x149x4	20760	HASUPL09948	SUNGER VISCO PLAKA 50 DNS BEYAZ FR 199X149X4 NORMAL DUZ (FR BS 7177)	Adet
SAS-5581743944	2604301405	6	120543669	50 VISCO PE DUZ BEYAZ 199x149x4	20770	HASUPL09948	SUNGER VISCO PLAKA 50 DNS BEYAZ FR 199X149X4 NORMAL DUZ (FR BS 7177)	Adet
SAS-5581743944	2604301395	6	120543669	50 VISCO PE DUZ BEYAZ 199x149x4	20780	HASUPL09948	SUNGER VISCO PLAKA 50 DNS BEYAZ FR 199X149X4 NORMAL DUZ (FR BS 7177)	Adet
SAS-5581743944	2604301386	6	120543669	50 VISCO PE DUZ BEYAZ 199x149x4	20790	HASUPL09948	SUNGER VISCO PLAKA 50 DNS BEYAZ FR 199X149X4 NORMAL DUZ (FR BS 7177)	Adet
SAS-5581743944	2604301385	6	120543669	50 VISCO PE DUZ BEYAZ 199x149x4	20800	HASUPL09948	SUNGER VISCO PLAKA 50 DNS BEYAZ FR 199X149X4 NORMAL DUZ (FR BS 7177)	Adet
SAS-5581743944	2604300787	112	120579739	22 FLEXI BLOKCM BEYAZ 180x163	20810	HASUBL0958	SUNGER PU BLOK 22 DNS BEYAZ 180X163X120 FLEXI	M3
SAS-5581743944	2604300786	112	120550548	22 FLEXI BLOKCM BEYAZ 180x160	20820	HASUBL0957	SUNGER PU BLOK 22 DNS BEYAZ 180X160X120 FLEXI	M3
SAS-5581743944	2604290975	2	120577756	27 FLEXI DUZ GRI 198x158x23,5	20830	HASUPL11906	SUNGER PU PLAKA 27 DNS GRI 198X158X23,5 FLEXI DUZ	Adet
SAS-5581743944	2604290974	2	120577756	27 FLEXI DUZ GRI 198x158x23,5	20840	HASUPL11906	SUNGER PU PLAKA 27 DNS GRI 198X158X23,5 FLEXI DUZ	Adet
SAS-5581743944	2604290971	2	120577756	27 FLEXI DUZ GRI 198x158x23,5	20850	HASUPL11906	SUNGER PU PLAKA 27 DNS GRI 198X158X23,5 FLEXI DUZ	Adet
SAS-5581743944	2604290970	2	120577756	27 FLEXI DUZ GRI 198x158x23,5	20860	HASUPL11906	SUNGER PU PLAKA 27 DNS GRI 198X158X23,5 FLEXI DUZ	Adet
SAS-5581743944	2604290969	2	120577756	27 FLEXI DUZ GRI 198x158x23,5	20870	HASUPL11906	SUNGER PU PLAKA 27 DNS GRI 198X158X23,5 FLEXI DUZ	Adet
SAS-5581743944	2604290967	2	120577756	27 FLEXI DUZ GRI 198x158x23,5	20880	HASUPL11906	SUNGER PU PLAKA 27 DNS GRI 198X158X23,5 FLEXI DUZ	Adet
SAS-5581743944	2604300933	2	120577754	27 FLEXI DUZ GRI 188x138x23,5	20890	HASUPL11904	SUNGER PU PLAKA 27 DNS GRI 188X138X23,5 FLEXI DUZ	Adet
SAS-5581743944	2604300935	2	120577754	27 FLEXI DUZ GRI 188x138x23,5	20900	HASUPL11904	SUNGER PU PLAKA 27 DNS GRI 188X138X23,5 FLEXI DUZ	Adet
SAS-5581743944	2604300940	2	120577754	27 FLEXI DUZ GRI 188x138x23,5	20910	HASUPL11904	SUNGER PU PLAKA 27 DNS GRI 188X138X23,5 FLEXI DUZ	Adet
SAS-5581743944	2604300939	2	120577754	27 FLEXI DUZ GRI 188x138x23,5	20920	HASUPL11904	SUNGER PU PLAKA 27 DNS GRI 188X138X23,5 FLEXI DUZ	Adet
SAS-5581743944	2604300928	2	120577754	27 FLEXI DUZ GRI 188x138x23,5	20930	HASUPL11904	SUNGER PU PLAKA 27 DNS GRI 188X138X23,5 FLEXI DUZ	Adet
SAS-5581743944	2604300929	2	120577754	27 FLEXI DUZ GRI 188x138x23,5	20940	HASUPL11904	SUNGER PU PLAKA 27 DNS GRI 188X138X23,5 FLEXI DUZ	Adet
SAS-5581743944	2604300930	2	120577754	27 FLEXI DUZ GRI 188x138x23,5	20950	HASUPL11904	SUNGER PU PLAKA 27 DNS GRI 188X138X23,5 FLEXI DUZ	Adet
SAS-5581743944	2604300931	2	120577754	27 FLEXI DUZ GRI 188x138x23,5	20960	HASUPL11904	SUNGER PU PLAKA 27 DNS GRI 188X138X23,5 FLEXI DUZ	Adet
SAS-5581743944	2604300353	2	120577753	27 FLEXI DUZ GRI 188x88x18,5	20970	HASUPL11909	SUNGER PU PLAKA 27 DNS GRI 188X88X18,5 FLEXI DUZ	Adet
SAS-5581743944	2604300352	2	120577753	27 FLEXI DUZ GRI 188x88x18,5	20980	HASUPL11909	SUNGER PU PLAKA 27 DNS GRI 188X88X18,5 FLEXI DUZ	Adet
SAS-5581743944	2604300340	2	120577756	27 FLEXI DUZ GRI 198x158x23,5	20990	HASUPL11906	SUNGER PU PLAKA 27 DNS GRI 198X158X23,5 FLEXI DUZ	Adet
SAS-5581743944	2604300338	2	120577756	27 FLEXI DUZ GRI 198x158x23,5	21000	HASUPL11906	SUNGER PU PLAKA 27 DNS GRI 198X158X23,5 FLEXI DUZ	Adet
SAS-5581743944	2604300923	2	120577754	27 FLEXI DUZ GRI 188x138x23,5	21010	HASUPL11904	SUNGER PU PLAKA 27 DNS GRI 188X138X23,5 FLEXI DUZ	Adet
SAS-5581743944	2604300926	2	120577754	27 FLEXI DUZ GRI 188x138x23,5	21020	HASUPL11904	SUNGER PU PLAKA 27 DNS GRI 188X138X23,5 FLEXI DUZ	Adet
SAS-5581743944	2604300925	2	120577754	27 FLEXI DUZ GRI 188x138x23,5	21030	HASUPL11904	SUNGER PU PLAKA 27 DNS GRI 188X138X23,5 FLEXI DUZ	Adet
SAS-5581743944	2604300936	2	120577754	27 FLEXI DUZ GRI 188x138x23,5	21040	HASUPL11904	SUNGER PU PLAKA 27 DNS GRI 188X138X23,5 FLEXI DUZ	Adet
SAS-5581743944	2604290960	2	120577756	27 FLEXI DUZ GRI 198x158x23,5	21050	HASUPL11906	SUNGER PU PLAKA 27 DNS GRI 198X158X23,5 FLEXI DUZ	Adet
SAS-5581743944	2604290959	2	120577756	27 FLEXI DUZ GRI 198x158x23,5	21060	HASUPL11906	SUNGER PU PLAKA 27 DNS GRI 198X158X23,5 FLEXI DUZ	Adet
SAS-5581743944	2604290958	2	120577756	27 FLEXI DUZ GRI 198x158x23,5	21070	HASUPL11906	SUNGER PU PLAKA 27 DNS GRI 198X158X23,5 FLEXI DUZ	Adet
SAS-5581743944	2604290954	2	120577756	27 FLEXI DUZ GRI 198x158x23,5	21080	HASUPL11906	SUNGER PU PLAKA 27 DNS GRI 198X158X23,5 FLEXI DUZ	Adet
SAS-5581743944	2604290880	2	120577756	27 FLEXI DUZ GRI 198x158x23,5	21090	HASUPL11906	SUNGER PU PLAKA 27 DNS GRI 198X158X23,5 FLEXI DUZ	Adet
SAS-5581743944	2604290879	2	120577756	27 FLEXI DUZ GRI 198x158x23,5	21100	HASUPL11906	SUNGER PU PLAKA 27 DNS GRI 198X158X23,5 FLEXI DUZ	Adet
SAS-5581743944	2604290869	2	120577756	27 FLEXI DUZ GRI 198x158x23,5	21110	HASUPL11906	SUNGER PU PLAKA 27 DNS GRI 198X158X23,5 FLEXI DUZ	Adet
SAS-5581743944	2604290868	2	120577756	27 FLEXI DUZ GRI 198x158x23,5	21120	HASUPL11906	SUNGER PU PLAKA 27 DNS GRI 198X158X23,5 FLEXI DUZ	Adet
SAS-5581743944	2604300841	2	120577755	27 FLEXI DUZ GRI 188x158x23,5	21130	HASUPL11905	SUNGER PU PLAKA 27 DNS GRI 188X158X23,5 FLEXI DUZ	Adet
SAS-5581743944	2604293327	2	120577756	27 FLEXI DUZ GRI 198x158x23,5	21140	HASUPL11906	SUNGER PU PLAKA 27 DNS GRI 198X158X23,5 FLEXI DUZ	Adet
SAS-5581743944	2604300647	36	120507297	23 FLEXI RULO BEYAZ 210x2,7	21150	HASURL0165	SUNGER PU RULO 23 DNS 190 NEWTON BEYAZ 210X2,7 DUZ	METRE
SAS-5581743944	2604300641	36	120507297	23 FLEXI RULO BEYAZ 210x2,7	21160	HASURL0165	SUNGER PU RULO 23 DNS 190 NEWTON BEYAZ 210X2,7 DUZ	METRE
SAS-5581743944	2604300668	36	120507297	23 FLEXI RULO BEYAZ 210x2,7	21170	HASURL0165	SUNGER PU RULO 23 DNS 190 NEWTON BEYAZ 210X2,7 DUZ	METRE
SAS-5581743944	2604300656	36	120507297	23 FLEXI RULO BEYAZ 210x2,7	21180	HASURL0165	SUNGER PU RULO 23 DNS 190 NEWTON BEYAZ 210X2,7 DUZ	METRE
SAS-5581743944	2604300660	36	120507297	23 FLEXI RULO BEYAZ 210x2,7	21190	HASURL0165	SUNGER PU RULO 23 DNS 190 NEWTON BEYAZ 210X2,7 DUZ	METRE
SAS-5581743944	2604300640	36	120507297	23 FLEXI RULO BEYAZ 210x2,7	21200	HASURL0165	SUNGER PU RULO 23 DNS 190 NEWTON BEYAZ 210X2,7 DUZ	METRE
SAS-5581743944	2604300667	36	120507297	23 FLEXI RULO BEYAZ 210x2,7	21210	HASURL0165	SUNGER PU RULO 23 DNS 190 NEWTON BEYAZ 210X2,7 DUZ	METRE
SAS-5581743944	2604300662	36	120507297	23 FLEXI RULO BEYAZ 210x2,7	21220	HASURL0165	SUNGER PU RULO 23 DNS 190 NEWTON BEYAZ 210X2,7 DUZ	METRE
SAS-5581743944	2604300655	36	120507297	23 FLEXI RULO BEYAZ 210x2,7	21230	HASURL0165	SUNGER PU RULO 23 DNS 190 NEWTON BEYAZ 210X2,7 DUZ	METRE
SAS-5581743944	2604300639	36	120507297	23 FLEXI RULO BEYAZ 210x2,7	21240	HASURL0165	SUNGER PU RULO 23 DNS 190 NEWTON BEYAZ 210X2,7 DUZ	METRE
SAS-5581743944	2604300663	36	120507297	23 FLEXI RULO BEYAZ 210x2,7	21250	HASURL0165	SUNGER PU RULO 23 DNS 190 NEWTON BEYAZ 210X2,7 DUZ	METRE
SAS-5581743944	2604300661	36	120507297	23 FLEXI RULO BEYAZ 210x2,7	21260	HASURL0165	SUNGER PU RULO 23 DNS 190 NEWTON BEYAZ 210X2,7 DUZ	METRE
SAS-5581743944	2604300649	36	120507297	23 FLEXI RULO BEYAZ 210x2,7	21270	HASURL0165	SUNGER PU RULO 23 DNS 190 NEWTON BEYAZ 210X2,7 DUZ	METRE
SAS-5581743944	2604300638	36	120507297	23 FLEXI RULO BEYAZ 210x2,7	21280	HASURL0165	SUNGER PU RULO 23 DNS 190 NEWTON BEYAZ 210X2,7 DUZ	METRE
SAS-5581743944	2604300665	36	120507297	23 FLEXI RULO BEYAZ 210x2,7	21290	HASURL0165	SUNGER PU RULO 23 DNS 190 NEWTON BEYAZ 210X2,7 DUZ	METRE
SAS-5581743944	2604300654	36	120507297	23 FLEXI RULO BEYAZ 210x2,7	21300	HASURL0165	SUNGER PU RULO 23 DNS 190 NEWTON BEYAZ 210X2,7 DUZ	METRE
SAS-5581743944	2604300637	36	120507297	23 FLEXI RULO BEYAZ 210x2,7	21310	HASURL0165	SUNGER PU RULO 23 DNS 190 NEWTON BEYAZ 210X2,7 DUZ	METRE
SAS-5581743944	2604291069	2	120577756	27 FLEXI DUZ GRI 198x158x23,5	21320	HASUPL11906	SUNGER PU PLAKA 27 DNS GRI 198X158X23,5 FLEXI DUZ	Adet
SAS-5581743944	2604290943	2	120577756	27 FLEXI DUZ GRI 198x158x23,5	21330	HASUPL11906	SUNGER PU PLAKA 27 DNS GRI 198X158X23,5 FLEXI DUZ	Adet
SAS-5581743944	2604290941	2	120577756	27 FLEXI DUZ GRI 198x158x23,5	21340	HASUPL11906	SUNGER PU PLAKA 27 DNS GRI 198X158X23,5 FLEXI DUZ	Adet
SAS-5581743944	2604290940	2	120577756	27 FLEXI DUZ GRI 198x158x23,5	21350	HASUPL11906	SUNGER PU PLAKA 27 DNS GRI 198X158X23,5 FLEXI DUZ	Adet
SAS-5581743944	2604290939	2	120577756	27 FLEXI DUZ GRI 198x158x23,5	21360	HASUPL11906	SUNGER PU PLAKA 27 DNS GRI 198X158X23,5 FLEXI DUZ	Adet
SAS-5581743944	2604291071	2	120577756	27 FLEXI DUZ GRI 198x158x23,5	21370	HASUPL11906	SUNGER PU PLAKA 27 DNS GRI 198X158X23,5 FLEXI DUZ	Adet
SAS-5581743944	2604290949	2	120577756	27 FLEXI DUZ GRI 198x158x23,5	21380	HASUPL11906	SUNGER PU PLAKA 27 DNS GRI 198X158X23,5 FLEXI DUZ	Adet
SAS-5581743944	2604290948	2	120577756	27 FLEXI DUZ GRI 198x158x23,5	21390	HASUPL11906	SUNGER PU PLAKA 27 DNS GRI 198X158X23,5 FLEXI DUZ	Adet
SAS-5581743944	2604290947	2	120577756	27 FLEXI DUZ GRI 198x158x23,5	21400	HASUPL11906	SUNGER PU PLAKA 27 DNS GRI 198X158X23,5 FLEXI DUZ	Adet
SAS-5581743944	2604290944	2	120577756	27 FLEXI DUZ GRI 198x158x23,5	21410	HASUPL11906	SUNGER PU PLAKA 27 DNS GRI 198X158X23,5 FLEXI DUZ	Adet
SAS-5581743944	2604291063	2	120577756	27 FLEXI DUZ GRI 198x158x23,5	21420	HASUPL11906	SUNGER PU PLAKA 27 DNS GRI 198X158X23,5 FLEXI DUZ	Adet
SAS-5581743944	2604291049	2	120577756	27 FLEXI DUZ GRI 198x158x23,5	21430	HASUPL11906	SUNGER PU PLAKA 27 DNS GRI 198X158X23,5 FLEXI DUZ	Adet
SAS-5581743944	2604291048	2	120577756	27 FLEXI DUZ GRI 198x158x23,5	21440	HASUPL11906	SUNGER PU PLAKA 27 DNS GRI 198X158X23,5 FLEXI DUZ	Adet
SAS-5581743944	2604291062	2	120577756	27 FLEXI DUZ GRI 198x158x23,5	21450	HASUPL11906	SUNGER PU PLAKA 27 DNS GRI 198X158X23,5 FLEXI DUZ	Adet
SAS-5581743944	2604300874	36	120507297	23 FLEXI RULO BEYAZ 210x2,7	21460	HASURL0165	SUNGER PU RULO 23 DNS 190 NEWTON BEYAZ 210X2,7 DUZ	METRE
SAS-5581743944	2604300857	36	120507297	23 FLEXI RULO BEYAZ 210x2,7	21470	HASURL0165	SUNGER PU RULO 23 DNS 190 NEWTON BEYAZ 210X2,7 DUZ	METRE
SAS-5581743944	2604300860	36	120507297	23 FLEXI RULO BEYAZ 210x2,7	21480	HASURL0165	SUNGER PU RULO 23 DNS 190 NEWTON BEYAZ 210X2,7 DUZ	METRE
SAS-5581743944	2604300873	36	120507297	23 FLEXI RULO BEYAZ 210x2,7	21490	HASURL0165	SUNGER PU RULO 23 DNS 190 NEWTON BEYAZ 210X2,7 DUZ	METRE
SAS-5581743944	2604301021	36	120507297	23 FLEXI RULO BEYAZ 210x2,7	21500	HASURL0165	SUNGER PU RULO 23 DNS 190 NEWTON BEYAZ 210X2,7 DUZ	METRE
SAS-5581743944	2604300859	36	120507297	23 FLEXI RULO BEYAZ 210x2,7	21510	HASURL0165	SUNGER PU RULO 23 DNS 190 NEWTON BEYAZ 210X2,7 DUZ	METRE
SAS-5581743944	2604300862	36	120507297	23 FLEXI RULO BEYAZ 210x2,7	21520	HASURL0165	SUNGER PU RULO 23 DNS 190 NEWTON BEYAZ 210X2,7 DUZ	METRE
SAS-5581743944	2604301020	36	120507297	23 FLEXI RULO BEYAZ 210x2,7	21530	HASURL0165	SUNGER PU RULO 23 DNS 190 NEWTON BEYAZ 210X2,7 DUZ	METRE
SAS-5581743944	2604300875	36	120507297	23 FLEXI RULO BEYAZ 210x2,7	21540	HASURL0165	SUNGER PU RULO 23 DNS 190 NEWTON BEYAZ 210X2,7 DUZ	METRE
SAS-5581743944	2604300863	36	120507297	23 FLEXI RULO BEYAZ 210x2,7	21550	HASURL0165	SUNGER PU RULO 23 DNS 190 NEWTON BEYAZ 210X2,7 DUZ	METRE
SAS-5581743944	2604300854	36	120507297	23 FLEXI RULO BEYAZ 210x2,7	21560	HASURL0165	SUNGER PU RULO 23 DNS 190 NEWTON BEYAZ 210X2,7 DUZ	METRE
SAS-5581743944	2604301038	36	120507297	23 FLEXI RULO BEYAZ 210x2,7	21570	HASURL0165	SUNGER PU RULO 23 DNS 190 NEWTON BEYAZ 210X2,7 DUZ	METRE
SAS-5581743944	2604300872	36	120507297	23 FLEXI RULO BEYAZ 210x2,7	21580	HASURL0165	SUNGER PU RULO 23 DNS 190 NEWTON BEYAZ 210X2,7 DUZ	METRE
SAS-5581743944	2604300861	36	120507297	23 FLEXI RULO BEYAZ 210x2,7	21590	HASURL0165	SUNGER PU RULO 23 DNS 190 NEWTON BEYAZ 210X2,7 DUZ	METRE
SAS-5581743944	2604301022	36	120507297	23 FLEXI RULO BEYAZ 210x2,7	21600	HASURL0165	SUNGER PU RULO 23 DNS 190 NEWTON BEYAZ 210X2,7 DUZ	METRE
SAS-5581743944	2604300852	36	120507297	23 FLEXI RULO BEYAZ 210x2,7	21610	HASURL0165	SUNGER PU RULO 23 DNS 190 NEWTON BEYAZ 210X2,7 DUZ	METRE
SAS-5581743944	2604300871	36	120507297	23 FLEXI RULO BEYAZ 210x2,7	21620	HASURL0165	SUNGER PU RULO 23 DNS 190 NEWTON BEYAZ 210X2,7 DUZ	METRE
SAS-5581743944	2604300865	36	120507297	23 FLEXI RULO BEYAZ 210x2,7	21630	HASURL0165	SUNGER PU RULO 23 DNS 190 NEWTON BEYAZ 210X2,7 DUZ	METRE
SAS-5581743944	2604301039	36	120507297	23 FLEXI RULO BEYAZ 210x2,7	21640	HASURL0165	SUNGER PU RULO 23 DNS 190 NEWTON BEYAZ 210X2,7 DUZ	METRE
SAS-5581743944	2604300853	36	120507297	23 FLEXI RULO BEYAZ 210x2,7	21650	HASURL0165	SUNGER PU RULO 23 DNS 190 NEWTON BEYAZ 210X2,7 DUZ	METRE
SAS-5581743944	2604300870	36	120507297	23 FLEXI RULO BEYAZ 210x2,7	21660	HASURL0165	SUNGER PU RULO 23 DNS 190 NEWTON BEYAZ 210X2,7 DUZ	METRE
SAS-5581743944	2604300868	36	120507297	23 FLEXI RULO BEYAZ 210x2,7	21670	HASURL0165	SUNGER PU RULO 23 DNS 190 NEWTON BEYAZ 210X2,7 DUZ	METRE
SAS-5581743944	2604301040	36	120507297	23 FLEXI RULO BEYAZ 210x2,7	21680	HASURL0165	SUNGER PU RULO 23 DNS 190 NEWTON BEYAZ 210X2,7 DUZ	METRE
SAS-5581743944	2604301018	36	120507297	23 FLEXI RULO BEYAZ 210x2,7	21690	HASURL0165	SUNGER PU RULO 23 DNS 190 NEWTON BEYAZ 210X2,7 DUZ	METRE
SAS-5581743944	2604300644	36	120507297	23 FLEXI RULO BEYAZ 210x2,7	21700	HASURL0165	SUNGER PU RULO 23 DNS 190 NEWTON BEYAZ 210X2,7 DUZ	METRE
SAS-5581743944	2604300658	36	120507297	23 FLEXI RULO BEYAZ 210x2,7	21710	HASURL0165	SUNGER PU RULO 23 DNS 190 NEWTON BEYAZ 210X2,7 DUZ	METRE
SAS-5581743944	2604300645	36	120507297	23 FLEXI RULO BEYAZ 210x2,7	21720	HASURL0165	SUNGER PU RULO 23 DNS 190 NEWTON BEYAZ 210X2,7 DUZ	METRE
SAS-5581743944	2604300648	36	120507297	23 FLEXI RULO BEYAZ 210x2,7	21730	HASURL0165	SUNGER PU RULO 23 DNS 190 NEWTON BEYAZ 210X2,7 DUZ	METRE
SAS-5581743944	2604300642	36	120507297	23 FLEXI RULO BEYAZ 210x2,7	21740	HASURL0165	SUNGER PU RULO 23 DNS 190 NEWTON BEYAZ 210X2,7 DUZ	METRE
SAS-5581743944	2604300669	36	120507297	23 FLEXI RULO BEYAZ 210x2,7	21750	HASURL0165	SUNGER PU RULO 23 DNS 190 NEWTON BEYAZ 210X2,7 DUZ	METRE
SAS-5581743944	2604300646	36	120507297	23 FLEXI RULO BEYAZ 210x2,7	21760	HASURL0165	SUNGER PU RULO 23 DNS 190 NEWTON BEYAZ 210X2,7 DUZ	METRE
SAS-5581743944	2604301092	2	120577754	27 FLEXI DUZ GRI 188x138x23,5	21770	HASUPL11904	SUNGER PU PLAKA 27 DNS GRI 188X138X23,5 FLEXI DUZ	Adet
SAS-5581743944	2604301087	3	120577753	27 FLEXI DUZ GRI 188x88x18,5	21780	HASUPL11909	SUNGER PU PLAKA 27 DNS GRI 188X88X18,5 FLEXI DUZ	Adet
SAS-5581743944	2604301088	3	120577753	27 FLEXI DUZ GRI 188x88x18,5	21790	HASUPL11909	SUNGER PU PLAKA 27 DNS GRI 188X88X18,5 FLEXI DUZ	Adet
SAS-5581743944	2604301152	3	120577753	27 FLEXI DUZ GRI 188x88x18,5	21800	HASUPL11909	SUNGER PU PLAKA 27 DNS GRI 188X88X18,5 FLEXI DUZ	Adet
SAS-5581743944	2604301155	3	120577753	27 FLEXI DUZ GRI 188x88x18,5	21810	HASUPL11909	SUNGER PU PLAKA 27 DNS GRI 188X88X18,5 FLEXI DUZ	Adet
SAS-5581743944	2604301153	3	120577753	27 FLEXI DUZ GRI 188x88x18,5	21820	HASUPL11909	SUNGER PU PLAKA 27 DNS GRI 188X88X18,5 FLEXI DUZ	Adet
SAS-5581743944	2604301151	3	120577753	27 FLEXI DUZ GRI 188x88x18,5	21830	HASUPL11909	SUNGER PU PLAKA 27 DNS GRI 188X88X18,5 FLEXI DUZ	Adet
SAS-5581743944	2604301147	3	120577753	27 FLEXI DUZ GRI 188x88x18,5	21840	HASUPL11909	SUNGER PU PLAKA 27 DNS GRI 188X88X18,5 FLEXI DUZ	Adet
SAS-5581743944	2604301142	3	120577753	27 FLEXI DUZ GRI 188x88x18,5	21850	HASUPL11909	SUNGER PU PLAKA 27 DNS GRI 188X88X18,5 FLEXI DUZ	Adet
SAS-5581743944	2604301134	3	120577753	27 FLEXI DUZ GRI 188x88x18,5	21860	HASUPL11909	SUNGER PU PLAKA 27 DNS GRI 188X88X18,5 FLEXI DUZ	Adet
SAS-5581743944	2604301148	3	120577753	27 FLEXI DUZ GRI 188x88x18,5	21870	HASUPL11909	SUNGER PU PLAKA 27 DNS GRI 188X88X18,5 FLEXI DUZ	Adet
SAS-5581743944	2604301146	3	120577753	27 FLEXI DUZ GRI 188x88x18,5	21880	HASUPL11909	SUNGER PU PLAKA 27 DNS GRI 188X88X18,5 FLEXI DUZ	Adet
SAS-5581743944	2604301143	3	120577753	27 FLEXI DUZ GRI 188x88x18,5	21890	HASUPL11909	SUNGER PU PLAKA 27 DNS GRI 188X88X18,5 FLEXI DUZ	Adet
SAS-5581743944	2604301168	3	120577753	27 FLEXI DUZ GRI 188x88x18,5	21900	HASUPL11909	SUNGER PU PLAKA 27 DNS GRI 188X88X18,5 FLEXI DUZ	Adet
SAS-5581743944	2604301175	3	120577753	27 FLEXI DUZ GRI 188x88x18,5	21910	HASUPL11909	SUNGER PU PLAKA 27 DNS GRI 188X88X18,5 FLEXI DUZ	Adet
SAS-5581743944	2604301174	3	120577753	27 FLEXI DUZ GRI 188x88x18,5	21920	HASUPL11909	SUNGER PU PLAKA 27 DNS GRI 188X88X18,5 FLEXI DUZ	Adet
SAS-5581743944	2604301103	2	120577754	27 FLEXI DUZ GRI 188x138x23,5	21930	HASUPL11904	SUNGER PU PLAKA 27 DNS GRI 188X138X23,5 FLEXI DUZ	Adet
SAS-5581743944	2604293223	2	120577756	27 FLEXI DUZ GRI 198x158x23,5	21940	HASUPL11906	SUNGER PU PLAKA 27 DNS GRI 198X158X23,5 FLEXI DUZ	Adet
SAS-5581743944	2604293228	2	120577756	27 FLEXI DUZ GRI 198x158x23,5	21950	HASUPL11906	SUNGER PU PLAKA 27 DNS GRI 198X158X23,5 FLEXI DUZ	Adet
SAS-5581743944	2604301099	2	120577754	27 FLEXI DUZ GRI 188x138x23,5	21960	HASUPL11904	SUNGER PU PLAKA 27 DNS GRI 188X138X23,5 FLEXI DUZ	Adet
SAS-5581743944	2604301096	2	120577754	27 FLEXI DUZ GRI 188x138x23,5	21970	HASUPL11904	SUNGER PU PLAKA 27 DNS GRI 188X138X23,5 FLEXI DUZ	Adet
SAS-5581743944	2604301098	2	120577754	27 FLEXI DUZ GRI 188x138x23,5	21980	HASUPL11904	SUNGER PU PLAKA 27 DNS GRI 188X138X23,5 FLEXI DUZ	Adet
SAS-5581743944	2604301095	2	120577754	27 FLEXI DUZ GRI 188x138x23,5	21990	HASUPL11904	SUNGER PU PLAKA 27 DNS GRI 188X138X23,5 FLEXI DUZ	Adet
SAS-5581743944	2604293210	2	120577756	27 FLEXI DUZ GRI 198x158x23,5	22000	HASUPL11906	SUNGER PU PLAKA 27 DNS GRI 198X158X23,5 FLEXI DUZ	Adet
SAS-5581743944	2604293198	2	120577756	27 FLEXI DUZ GRI 198x158x23,5	22010	HASUPL11906	SUNGER PU PLAKA 27 DNS GRI 198X158X23,5 FLEXI DUZ	Adet
SAS-5581743944	2604293316	2	120577756	27 FLEXI DUZ GRI 198x158x23,5	22020	HASUPL11906	SUNGER PU PLAKA 27 DNS GRI 198X158X23,5 FLEXI DUZ	Adet
SAS-5581743944	2604293314	2	120577756	27 FLEXI DUZ GRI 198x158x23,5	22030	HASUPL11906	SUNGER PU PLAKA 27 DNS GRI 198X158X23,5 FLEXI DUZ	Adet
SAS-5581743944	2604293313	2	120577756	27 FLEXI DUZ GRI 198x158x23,5	22040	HASUPL11906	SUNGER PU PLAKA 27 DNS GRI 198X158X23,5 FLEXI DUZ	Adet
SAS-5581743944	2604293312	2	120577756	27 FLEXI DUZ GRI 198x158x23,5	22050	HASUPL11906	SUNGER PU PLAKA 27 DNS GRI 198X158X23,5 FLEXI DUZ	Adet
SAS-5581743944	2604293325	2	120577756	27 FLEXI DUZ GRI 198x158x23,5	22060	HASUPL11906	SUNGER PU PLAKA 27 DNS GRI 198X158X23,5 FLEXI DUZ	Adet
SAS-5581743944	2604293326	2	120577756	27 FLEXI DUZ GRI 198x158x23,5	22070	HASUPL11906	SUNGER PU PLAKA 27 DNS GRI 198X158X23,5 FLEXI DUZ	Adet
SAS-5581743944	2604290981	2	120577756	27 FLEXI DUZ GRI 198x158x23,5	22080	HASUPL11906	SUNGER PU PLAKA 27 DNS GRI 198X158X23,5 FLEXI DUZ	Adet
SAS-5581743944	2604290985	2	120577756	27 FLEXI DUZ GRI 198x158x23,5	22090	HASUPL11906	SUNGER PU PLAKA 27 DNS GRI 198X158X23,5 FLEXI DUZ	Adet
SAS-5581743944	2604290986	2	120577756	27 FLEXI DUZ GRI 198x158x23,5	22100	HASUPL11906	SUNGER PU PLAKA 27 DNS GRI 198X158X23,5 FLEXI DUZ	Adet
SAS-5581743944	2604290989	2	120577756	27 FLEXI DUZ GRI 198x158x23,5	22110	HASUPL11906	SUNGER PU PLAKA 27 DNS GRI 198X158X23,5 FLEXI DUZ	Adet
SAS-5581743944	2604301093	2	120577754	27 FLEXI DUZ GRI 188x138x23,5	22120	HASUPL11904	SUNGER PU PLAKA 27 DNS GRI 188X138X23,5 FLEXI DUZ	Adet
SAS-5581743944	2604291047	2	120577756	27 FLEXI DUZ GRI 198x158x23,5	22130	HASUPL11906	SUNGER PU PLAKA 27 DNS GRI 198X158X23,5 FLEXI DUZ	Adet
SAS-5581743944	2604291046	2	120577756	27 FLEXI DUZ GRI 198x158x23,5	22140	HASUPL11906	SUNGER PU PLAKA 27 DNS GRI 198X158X23,5 FLEXI DUZ	Adet
SAS-5581743944	2604291045	2	120577756	27 FLEXI DUZ GRI 198x158x23,5	22150	HASUPL11906	SUNGER PU PLAKA 27 DNS GRI 198X158X23,5 FLEXI DUZ	Adet
SAS-5581743944	2604291042	2	120577756	27 FLEXI DUZ GRI 198x158x23,5	22160	HASUPL11906	SUNGER PU PLAKA 27 DNS GRI 198X158X23,5 FLEXI DUZ	Adet
SAS-5581743944	2604301094	2	120577754	27 FLEXI DUZ GRI 188x138x23,5	22170	HASUPL11904	SUNGER PU PLAKA 27 DNS GRI 188X138X23,5 FLEXI DUZ	Adet
SAS-5581743944	2604301191	3	120577753	27 FLEXI DUZ GRI 188x88x18,5	22180	HASUPL11909	SUNGER PU PLAKA 27 DNS GRI 188X88X18,5 FLEXI DUZ	Adet
SAS-5581743944	2604301194	3	120577753	27 FLEXI DUZ GRI 188x88x18,5	22190	HASUPL11909	SUNGER PU PLAKA 27 DNS GRI 188X88X18,5 FLEXI DUZ	Adet
SAS-5581743944	2604301188	3	120577753	27 FLEXI DUZ GRI 188x88x18,5	22200	HASUPL11909	SUNGER PU PLAKA 27 DNS GRI 188X88X18,5 FLEXI DUZ	Adet
SAS-5581743944	2604301189	3	120577753	27 FLEXI DUZ GRI 188x88x18,5	22210	HASUPL11909	SUNGER PU PLAKA 27 DNS GRI 188X88X18,5 FLEXI DUZ	Adet
SAS-5581743944	2604301184	3	120577753	27 FLEXI DUZ GRI 188x88x18,5	22220	HASUPL11909	SUNGER PU PLAKA 27 DNS GRI 188X88X18,5 FLEXI DUZ	Adet
SAS-5581743944	2604301182	3	120577753	27 FLEXI DUZ GRI 188x88x18,5	22230	HASUPL11909	SUNGER PU PLAKA 27 DNS GRI 188X88X18,5 FLEXI DUZ	Adet
SAS-5581743944	2604301181	3	120577753	27 FLEXI DUZ GRI 188x88x18,5	22240	HASUPL11909	SUNGER PU PLAKA 27 DNS GRI 188X88X18,5 FLEXI DUZ	Adet
SAS-5581743944	2604301180	3	120577753	27 FLEXI DUZ GRI 188x88x18,5	22250	HASUPL11909	SUNGER PU PLAKA 27 DNS GRI 188X88X18,5 FLEXI DUZ	Adet
SAS-5581743944	2604301195	3	120577753	27 FLEXI DUZ GRI 188x88x18,5	22260	HASUPL11909	SUNGER PU PLAKA 27 DNS GRI 188X88X18,5 FLEXI DUZ	Adet
SAS-5581743944	2604301196	3	120577753	27 FLEXI DUZ GRI 188x88x18,5	22270	HASUPL11909	SUNGER PU PLAKA 27 DNS GRI 188X88X18,5 FLEXI DUZ	Adet
SAS-5581743944	2604301081	3	120577753	27 FLEXI DUZ GRI 188x88x18,5	22280	HASUPL11909	SUNGER PU PLAKA 27 DNS GRI 188X88X18,5 FLEXI DUZ	Adet
SAS-5581743944	2604301079	3	120577753	27 FLEXI DUZ GRI 188x88x18,5	22290	HASUPL11909	SUNGER PU PLAKA 27 DNS GRI 188X88X18,5 FLEXI DUZ	Adet
SAS-5581743944	2604301073	3	120577753	27 FLEXI DUZ GRI 188x88x18,5	22300	HASUPL11909	SUNGER PU PLAKA 27 DNS GRI 188X88X18,5 FLEXI DUZ	Adet
SAS-5581743944	2604301078	3	120577753	27 FLEXI DUZ GRI 188x88x18,5	22310	HASUPL11909	SUNGER PU PLAKA 27 DNS GRI 188X88X18,5 FLEXI DUZ	Adet
SAS-5581743944	2604301072	3	120577753	27 FLEXI DUZ GRI 188x88x18,5	22320	HASUPL11909	SUNGER PU PLAKA 27 DNS GRI 188X88X18,5 FLEXI DUZ	Adet
SAS-5581743944	2604301068	3	120577753	27 FLEXI DUZ GRI 188x88x18,5	22330	HASUPL11909	SUNGER PU PLAKA 27 DNS GRI 188X88X18,5 FLEXI DUZ	Adet
SAS-5581743944	2604301067	3	120577753	27 FLEXI DUZ GRI 188x88x18,5	22340	HASUPL11909	SUNGER PU PLAKA 27 DNS GRI 188X88X18,5 FLEXI DUZ	Adet
SAS-5581743944	2604301069	3	120577753	27 FLEXI DUZ GRI 188x88x18,5	22350	HASUPL11909	SUNGER PU PLAKA 27 DNS GRI 188X88X18,5 FLEXI DUZ	Adet
SAS-5581743944	2604301118	2	120577753	27 FLEXI DUZ GRI 188x88x18,5	22360	HASUPL11909	SUNGER PU PLAKA 27 DNS GRI 188X88X18,5 FLEXI DUZ	Adet
SAS-5581743944	2604301085	3	120577753	27 FLEXI DUZ GRI 188x88x18,5	22370	HASUPL11909	SUNGER PU PLAKA 27 DNS GRI 188X88X18,5 FLEXI DUZ	Adet
SAS-5581743944	2604301084	3	120577753	27 FLEXI DUZ GRI 188x88x18,5	22380	HASUPL11909	SUNGER PU PLAKA 27 DNS GRI 188X88X18,5 FLEXI DUZ	Adet

